notes,category,amount_idr,month,is_weekend,day_of_week
jasa edit video,freelance,5443000,1,False,Friday
bayar kos bulanan,tempat_tinggal,1490000,1,False,Friday
perpanjang sewa kos,tempat_tinggal,1749000,1,False,Friday
makan di food court,makanan,195000,1,False,Friday
beli buku referensi,pendidikan,143000,1,True,Saturday
beli snack kantor,makanan,29000,1,True,Saturday
pengeluaran tak terduga,lainnya,300000,1,True,Saturday
bayar uang kebersihan,tempat_tinggal,115000,1,True,Saturday
beli tiket konser,hiburan,522000,1,True,Saturday
beli aplikasi belajar,pendidikan,92000,1,True,Saturday
bayar langganan icloud,tagihan,27000,1,True,Saturday
bayar sewa apartemen,tempat_tinggal,4150000,1,True,Saturday
nonton bioskop bareng,hiburan,132000,1,True,Sunday
beli kopi pagi,makanan,19000,1,True,Sunday
transaksi harian rutin,lainnya,88000,1,True,Sunday
bayaran proyek desain ui,freelance,1905000,1,False,Monday
pengeluaran harian,lainnya,107000,1,False,Monday
beli peralatan kebersihan,lainnya,181000,1,False,Monday
isi bensin motor,transportasi,122000,1,False,Monday
konsultasi psikolog,kesehatan,227000,1,False,Tuesday
menabung untuk liburan,tabungan,950000,1,False,Tuesday
bayar uang kebersihan,tempat_tinggal,53000,1,False,Tuesday
naik taksi online,transportasi,100000,1,False,Tuesday
thr lebaran diterima,bonus,4567000,1,False,Wednesday
pesan burger online,makanan,66000,1,False,Wednesday
beli jajanan pasar,makanan,91000,1,False,Wednesday
bayar kos bulanan,tempat_tinggal,994000,1,False,Wednesday
profit dari reksa dana,investasi,3260000,1,False,Wednesday
makan di mcdonald,makanan,65000,1,False,Wednesday
biaya keamanan komplek,tempat_tinggal,2349000,1,False,Wednesday
nonton di bioskop xxi,hiburan,75000,1,False,Thursday
bayar sewa rumah,tempat_tinggal,4500000,1,False,Thursday
pesan mie ayam,makanan,78000,1,False,Thursday
top up kartu etoll,transportasi,37000,1,False,Thursday
pesan ayam geprek,makanan,38000,1,False,Thursday
bayar bpjs kesehatan,tagihan,160000,1,False,Friday
bayar tagihan rs,kesehatan,1625000,1,False,Friday
bayar ipl apartemen,tempat_tinggal,2740000,1,False,Friday
main game online,hiburan,76000,1,False,Friday
beli gorengan sore,makanan,13000,1,False,Friday
beli gorengan sore,makanan,11000,1,True,Saturday
bayar tagihan phone,tagihan,280000,1,True,Saturday
bayar parkir mall,transportasi,19000,1,True,Saturday
beli deterjen,lainnya,128000,1,True,Saturday
belanja mingguan,lainnya,89000,1,True,Sunday
bayar uang kebersihan,tempat_tinggal,49000,1,True,Sunday
main game online,hiburan,89000,1,True,Sunday
bayar ipl apartemen,tempat_tinggal,9158000,1,True,Sunday
bayar pulsa bulanan,tagihan,316000,1,True,Sunday
tagihan provider bulan ini,tagihan,68000,1,False,Monday
bayar deposit apartemen,tempat_tinggal,6261000,1,False,Monday
makan di kantin,makanan,23000,1,False,Tuesday
makan soto ayam,makanan,69000,1,False,Tuesday
bayaran proyek freelance,freelance,6578000,1,False,Tuesday
proyek website klien,freelance,11479000,1,False,Wednesday
langganan hbo max,hiburan,226000,1,False,Wednesday
beli emas digital,investasi,1163000,1,False,Thursday
bayar deposit apartemen,tempat_tinggal,4639000,1,False,Thursday
bayaran proyek freelance,freelance,7056000,1,False,Friday
beli bubur pagi,makanan,40000,1,True,Saturday
gaji plus lembur,gaji,11579000,1,True,Saturday
transfer ke rekening tabungan,tabungan,1485000,1,True,Saturday
perpanjang paket internet,tagihan,212000,1,True,Sunday
bayar kartu kredit,tagihan,170000,1,True,Sunday
bonus performance review,bonus,3996000,1,True,Sunday
transfer salary bulan ini,gaji,18794000,1,True,Sunday
iuran rt bulanan,tempat_tinggal,107000,1,False,Monday
biaya pengelolaan apartemen,tempat_tinggal,7470000,1,False,Monday
makan di kantin,makanan,27000,1,False,Monday
belanja online,lainnya,136000,1,False,Tuesday
pesan mie ayam,makanan,91000,1,False,Tuesday
beli jajanan pasar,makanan,158000,1,False,Tuesday
belanja kebutuhan dapur,lainnya,158000,1,False,Wednesday
pesan pizza online,makanan,180000,1,False,Wednesday
pesan martabak,makanan,29000,1,False,Wednesday
makan di food court,makanan,126000,1,False,Wednesday
beli modul belajar,pendidikan,271000,1,False,Wednesday
biaya bensin mobil,transportasi,148000,1,False,Thursday
bonus tahunan masuk,bonus,6847000,1,False,Thursday
beli jajanan pasar,makanan,35000,1,False,Friday
beli bubur pagi,makanan,23000,1,True,Saturday
langganan hbo max,hiburan,165000,1,True,Saturday
naik ojek online,transportasi,194000,1,True,Saturday
bayar kursus online,pendidikan,872000,1,True,Saturday
ganti oli motor,transportasi,90000,1,True,Saturday
bayar tol,transportasi,36000,1,True,Saturday
naik ojek online,transportasi,148000,1,True,Saturday
beli laptop pelajar,pendidikan,8554000,1,True,Sunday
slip gaji diterima,gaji,10234000,1,True,Sunday
bayar tagihan rs,kesehatan,1412000,1,False,Monday
menabung untuk liburan,tabungan,686000,1,False,Monday
top up tabungan emas,investasi,2169000,1,False,Monday
main escape room,hiburan,125000,1,False,Monday
makan bareng keluarga,makanan,175000,1,False,Monday
uang muka sewa kos,tempat_tinggal,1282000,1,False,Tuesday
perpanjang kontrak rumah,tempat_tinggal,1810000,1,False,Tuesday
beli laptop pelajar,pendidikan,8443000,1,False,Wednesday
beli buku impor,pendidikan,253000,1,False,Wednesday
liburan akhir pekan,hiburan,894000,1,False,Wednesday
slip gaji diterima,gaji,11517000,1,False,Thursday
beli snack kantor,makanan,17000,1,False,Thursday
ganti oli motor,transportasi,95000,1,False,Thursday
proyek desain presentasi,freelance,2311000,1,False,Friday
bayar bootcamp,pendidikan,239000,1,False,Friday
tabungan masa depan,tabungan,1650000,1,True,Saturday
biaya sewa studio,tempat_tinggal,1986000,1,True,Saturday
piknik di taman,hiburan,300000,1,True,Saturday
nonton pertandingan bola,hiburan,295000,1,True,Sunday
perpanjang paket internet,tagihan,290000,1,True,Sunday
makan di kantin,makanan,25000,1,True,Sunday
beli bubur pagi,makanan,10000,2,False,Monday
bayar tagihan air,tagihan,94000,2,False,Monday
beli saham teknologi,investasi,6725000,2,False,Monday
servis ac mobil,transportasi,880000,2,False,Monday
bayar ukt semester,pendidikan,306000,2,False,Tuesday
bayar wifi rumah,tagihan,372000,2,False,Wednesday
gaji plus lembur,gaji,15089000,2,False,Wednesday
makan malam di restoran,makanan,74000,2,False,Wednesday
beli perlengkapan kamar,lainnya,240000,2,False,Wednesday
bayar tv kabel,tagihan,371000,2,False,Wednesday
beli perlengkapan ibadah,lainnya,242000,2,False,Wednesday
bayar tagihan phone,tagihan,201000,2,False,Wednesday
makan di warteg,makanan,159000,2,False,Wednesday
pesan nasi goreng online,makanan,19000,2,False,Thursday
bayar ipl apartemen,tempat_tinggal,7588000,2,False,Thursday
main biliar,hiburan,300000,2,False,Friday
biaya bensin mobil,transportasi,106000,2,True,Saturday
deposit awal sewa,tempat_tinggal,4305000,2,True,Saturday
pesan grabfood,makanan,86000,2,True,Saturday
makan siang bareng teman,makanan,74000,2,True,Saturday
iuran kebersihan lingkungan,tempat_tinggal,35000,2,True,Saturday
bayar uang kebersihan,tempat_tinggal,67000,2,True,Sunday
beli jajanan pasar,makanan,59000,2,True,Sunday
biaya keamanan komplek,tempat_tinggal,2611000,2,True,Sunday
bayar bpjs kesehatan,tagihan,190000,2,True,Sunday
bayar paket data,tagihan,195000,2,False,Monday
makan di mcdonald,makanan,63000,2,False,Monday
pesan pizza online,makanan,84000,2,False,Monday
beli alat tensi,kesehatan,329000,2,False,Tuesday
bayar tagihan listrik,tagihan,203000,2,False,Tuesday
pesan grabfood,makanan,90000,2,False,Wednesday
ganti ban motor,transportasi,550000,2,False,Thursday
nonton konser online,hiburan,379000,2,False,Thursday
biaya pengelolaan apartemen,tempat_tinggal,5922000,2,False,Friday
beli kamus,pendidikan,305000,2,False,Friday
naik krl commuter line,transportasi,140000,2,False,Friday
bayar deposit apartemen,tempat_tinggal,2744000,2,False,Friday
beli kamus,pendidikan,154000,2,False,Friday
beli tiket kereta,transportasi,356000,2,False,Friday
tes laboratorium,kesehatan,341000,2,False,Friday
pendapatan proyek konten,freelance,1680000,2,False,Friday
beli sbn ritel,investasi,7581000,2,False,Friday
nonton konser online,hiburan,457000,2,True,Saturday
naik gojek pulang,transportasi,32000,2,True,Saturday
pesan martabak,makanan,88000,2,True,Saturday
bayar premium spotify,tagihan,269000,2,True,Saturday
nonton bioskop bareng,hiburan,165000,2,True,Saturday
bonus ekstra dari kantor,bonus,3490000,2,True,Saturday
biaya keamanan komplek,tempat_tinggal,1937000,2,True,Sunday
pesan dim sum,makanan,124000,2,True,Sunday
bayar kos bulanan,tempat_tinggal,1067000,2,True,Sunday
naik krl commuter line,transportasi,140000,2,True,Sunday
makan di kantin,makanan,42000,2,True,Sunday
beli minuman kekinian,makanan,62000,2,True,Sunday
gaji diterima bulan ini,gaji,15216000,2,True,Sunday
bayar wifi rumah,tagihan,324000,2,False,Monday
makan di food court,makanan,115000,2,False,Monday
belanja kebutuhan bulanan,lainnya,285000,2,False,Monday
bayar kontrakan,tempat_tinggal,2153000,2,False,Monday
bayar pulsa bulanan,tagihan,193000,2,False,Tuesday
perpanjang kontrak rumah,tempat_tinggal,2049000,2,False,Tuesday
bayar kontrakan,tempat_tinggal,1984000,2,False,Tuesday
pesan martabak,makanan,72000,2,False,Tuesday
top up kartu etoll,transportasi,55000,2,False,Wednesday
naik mrt jakarta,transportasi,109000,2,False,Wednesday
bayar tagihan air,tagihan,119000,2,False,Wednesday
perpanjang kontrak rumah,tempat_tinggal,4247000,2,False,Wednesday
proyek desain presentasi,freelance,4740000,2,False,Thursday
pesan pizza online,makanan,117000,2,False,Thursday
bayar parkir mall,transportasi,30000,2,False,Thursday
penerimaan upah kerja,gaji,15509000,2,False,Friday
uang sewa bulan ini,tempat_tinggal,1874000,2,False,Friday
pendapatan kursus online,freelance,1313000,2,False,Friday
uang muka sewa kos,tempat_tinggal,1637000,2,False,Friday
bayar uang kebersihan,tempat_tinggal,65000,2,False,Friday
transaksi harian rutin,lainnya,234000,2,True,Saturday
bayar paket data,tagihan,131000,2,True,Saturday
isi saldo emoney,transportasi,110000,2,True,Saturday
makan di kantin,makanan,18000,2,True,Saturday
pesan burger online,makanan,47000,2,True,Saturday
beli cilok,makanan,62000,2,True,Saturday
beli alat tensi,kesehatan,387000,2,True,Sunday
iuran kebersihan lingkungan,tempat_tinggal,78000,2,True,Sunday
gaji diterima bulan ini,gaji,6288000,2,True,Sunday
beli buku referensi,pendidikan,178000,2,True,Sunday
beli tiket konser,hiburan,630000,2,True,Sunday
naik ojek online,transportasi,76000,2,False,Monday
beli buku pelajaran,pendidikan,205000,2,False,Monday
beli bubur pagi,makanan,30000,2,False,Monday
beli aplikasi belajar,pendidikan,50000,2,False,Monday
beli bubur pagi,makanan,25000,2,False,Monday
beli buku pelajaran,pendidikan,219000,2,False,Tuesday
bayar kontrakan,tempat_tinggal,4048000,2,False,Tuesday
bayar wifi rumah,tagihan,461000,2,False,Tuesday
bayaran proyek desain ui,freelance,1680000,2,False,Tuesday
makan di warteg,makanan,57000,2,False,Tuesday
pembayaran upah bulanan,gaji,18370000,2,False,Wednesday
proyek website klien,freelance,8843000,2,False,Wednesday
naik ojek online,transportasi,126000,2,False,Wednesday
bayar kontrakan,tempat_tinggal,4200000,2,False,Wednesday
langganan youtube premium,hiburan,270000,2,False,Wednesday
karaoke bareng teman,hiburan,512000,2,False,Wednesday
beli jajanan pasar,makanan,121000,2,False,Wednesday
bayar parkir inap,transportasi,19000,2,False,Thursday
bayar cicilan motor,tagihan,255000,2,False,Thursday
uang muka sewa kos,tempat_tinggal,2438000,2,False,Friday
bayar parkir kantor,transportasi,12000,2,False,Friday
bayar les privat,pendidikan,238000,2,False,Friday
makan di kfc,makanan,41000,2,False,Friday
bayar asuransi jiwa,tagihan,568000,2,True,Saturday
perpanjang kontrak rumah,tempat_tinggal,4500000,2,True,Saturday
bayar langganan icloud,tagihan,14000,2,True,Saturday
transaksi harian rutin,lainnya,189000,2,True,Saturday
naik krl commuter line,transportasi,54000,2,True,Saturday
beli vitamin dan suplemen,kesehatan,137000,2,True,Sunday
top up emas antam digital,investasi,2396000,2,True,Sunday
bayaran jasa foto produk,freelance,5020000,2,True,Sunday
pendapatan kursus online,freelance,1007000,2,True,Sunday
bayar kursus coding,pendidikan,589000,3,False,Monday
bonus performance review,bonus,4692000,3,False,Monday
sarapan di warung,makanan,65000,3,False,Monday
iuran kebersihan lingkungan,tempat_tinggal,67000,3,False,Monday
langganan netflix bulanan,hiburan,134000,3,False,Monday
bayar ipl apartemen,tempat_tinggal,4045000,3,False,Tuesday
pesan ayam geprek,makanan,44000,3,False,Tuesday
main game online,hiburan,132000,3,False,Tuesday
karaoke bareng teman,hiburan,100000,3,False,Wednesday
transaksi harian rutin,lainnya,181000,3,False,Thursday
makan soto ayam,makanan,60000,3,False,Thursday
tagihan provider bulan ini,tagihan,176000,3,False,Thursday
main futsal,hiburan,82000,3,False,Thursday
beli snack kantor,makanan,29000,3,False,Friday
makan di mcdonald,makanan,91000,3,False,Friday
naik gojek pulang,transportasi,39000,3,False,Friday
nonton di bioskop xxi,hiburan,80000,3,True,Saturday
beli roti pagi,makanan,13000,3,True,Saturday
bayar cicilan sewa tahunan,tempat_tinggal,2084000,3,True,Saturday
makan di warteg,makanan,76000,3,True,Sunday
bayar kos minggu pertama,tempat_tinggal,2250000,3,True,Sunday
pesan shopeefood siang,makanan,107000,3,False,Monday
bayar sewa apartemen,tempat_tinggal,2869000,3,False,Monday
bayar uang kebersihan,tempat_tinggal,103000,3,False,Monday
beli buku pelajaran,pendidikan,270000,3,False,Monday
beli kopi pagi,makanan,57000,3,False,Monday
makan di food court,makanan,58000,3,False,Tuesday
bonus proyek selesai,bonus,2152000,3,False,Tuesday
bayar kursus coding,pendidikan,1506000,3,False,Tuesday
menabung untuk beli rumah,tabungan,1384000,3,False,Tuesday
bayaran proyek data entry,freelance,657000,3,False,Wednesday
pesan mie ayam,makanan,101000,3,False,Wednesday
konsultasi kulit,kesehatan,269000,3,False,Wednesday
bayar wifi rumah,tagihan,242000,3,False,Thursday
fee konsultasi bisnis,freelance,1831000,3,False,Thursday
isi saldo emoney,transportasi,75000,3,False,Thursday
isi bensin motor,transportasi,158000,3,False,Friday
bayar ipl apartemen,tempat_tinggal,3035000,3,False,Friday
jasa penerjemah dokumen,freelance,8905000,3,True,Saturday
beli roti pagi,makanan,9000,3,True,Saturday
naik bus transjakarta,transportasi,16000,3,True,Saturday
naik taksi online,transportasi,130000,3,True,Sunday
gaji pokok bulanan,gaji,19000000,3,True,Sunday
beli topup game,hiburan,61000,3,True,Sunday
sewa buku di perpus,hiburan,289000,3,True,Sunday
beli keperluan dapur,lainnya,161000,3,True,Sunday
bayar sewa rumah,tempat_tinggal,2304000,3,False,Monday
makan soto ayam,makanan,99000,3,False,Monday
pendapatan nulis artikel,freelance,5577000,3,False,Tuesday
pesan mie ayam,makanan,84000,3,False,Tuesday
sarapan di warung,makanan,81000,3,False,Tuesday
naik angkot ke pasar,transportasi,8000,3,False,Tuesday
simpan untuk keperluan mendesak,tabungan,1758000,3,False,Wednesday
bayar tol,transportasi,63000,3,False,Wednesday
beli topup game,hiburan,190000,3,False,Wednesday
bayar fisioterapi,kesehatan,184000,3,False,Wednesday
menabung rutin bulanan,tabungan,3000000,3,False,Wednesday
bayar tol,transportasi,24000,3,False,Wednesday
biaya sewa studio,tempat_tinggal,1223000,3,False,Thursday
makan di kfc,makanan,84000,3,False,Thursday
bayar imunisasi,kesehatan,369000,3,False,Thursday
beli kamus,pendidikan,214000,3,False,Thursday
naik gojek pulang,transportasi,28000,3,False,Friday
sarapan di warung,makanan,64000,3,False,Friday
langganan youtube premium,hiburan,143000,3,False,Friday
beli kopi pagi,makanan,58000,3,True,Saturday
beli masker kesehatan,kesehatan,317000,3,True,Saturday
makan di warteg,makanan,66000,3,True,Sunday
makan di warteg,makanan,142000,3,False,Monday
beli buku referensi,pendidikan,188000,3,False,Monday
isi saldo emoney,transportasi,142000,3,False,Tuesday
naik krl commuter line,transportasi,125000,3,False,Tuesday
bayar premi asuransi,tagihan,375000,3,False,Wednesday
ganti oli motor,transportasi,90000,3,False,Wednesday
naik angkot ke pasar,transportasi,12000,3,False,Wednesday
bayar tagihan phone,tagihan,386000,3,False,Thursday
menabung rutin bulanan,tabungan,1507000,3,False,Thursday
uang sewa bulan ini,tempat_tinggal,2641000,3,False,Friday
beli kopi pagi,makanan,60000,3,False,Friday
piknik di taman,hiburan,124000,3,False,Friday
beli cilok,makanan,113000,3,False,Friday
makan bareng keluarga,makanan,175000,3,False,Friday
pesan grabfood,makanan,98000,3,True,Saturday
dividen saham masuk,investasi,7837000,3,True,Saturday
bayar parkir inap,transportasi,21000,3,True,Saturday
beli peralatan sekolah,pendidikan,267000,3,True,Saturday
bayar cicilan sewa tahunan,tempat_tinggal,4400000,3,True,Sunday
perpanjang sewa kos,tempat_tinggal,1361000,3,True,Sunday
beli hadiah teman,lainnya,231000,3,True,Sunday
liburan akhir pekan,hiburan,788000,3,False,Monday
bayar deposit apartemen,tempat_tinggal,5692000,3,False,Monday
main futsal,hiburan,131000,3,False,Monday
main bowling,hiburan,189000,3,False,Monday
tambahan penghasilan bonus,bonus,3838000,3,False,Monday
bayar pulsa bulanan,tagihan,258000,3,False,Tuesday
beli buku pelajaran,pendidikan,300000,3,False,Tuesday
menabung untuk beli rumah,tabungan,1404000,3,False,Tuesday
bayar tagihan phone,tagihan,169000,3,False,Wednesday
bayar premi asuransi,tagihan,918000,3,False,Wednesday
pesan shopeefood siang,makanan,136000,4,False,Thursday
bayar kontrakan,tempat_tinggal,3369000,4,False,Thursday
konsultasi psikolog,kesehatan,489000,4,False,Thursday
pesan mie ayam,makanan,82000,4,False,Thursday
beli kamus,pendidikan,192000,4,False,Friday
bayar ujian sertifikasi,pendidikan,340000,4,True,Saturday
beli snack kantor,makanan,23000,4,True,Saturday
iuran rt bulanan,tempat_tinggal,155000,4,True,Saturday
makan di warteg,makanan,74000,4,True,Saturday
bayar cicilan sewa tahunan,tempat_tinggal,1639000,4,True,Sunday
makan di kantin,makanan,23000,4,True,Sunday
makan di warung padang,makanan,102000,4,True,Sunday
beli sabun dan sampo,lainnya,128000,4,True,Sunday
bonus performance review,bonus,2078000,4,True,Sunday
tagihan provider bulan ini,tagihan,131000,4,True,Sunday
beli minuman kekinian,makanan,118000,4,True,Sunday
uang sewa bulan ini,tempat_tinggal,1862000,4,False,Monday
pengeluaran harian,lainnya,126000,4,False,Monday
makan siang bareng teman,makanan,81000,4,False,Monday
bayar bootcamp,pendidikan,146000,4,False,Monday
naik bus transjakarta,transportasi,11000,4,False,Monday
bayar parkir inap,transportasi,14000,4,False,Monday
pesan shopeefood siang,makanan,80000,4,False,Tuesday
bayar les privat,pendidikan,296000,4,False,Wednesday
perpanjang sewa kos,tempat_tinggal,2750000,4,False,Wednesday
bayar bpjs kesehatan,tagihan,504000,4,False,Wednesday
bayar bpjs kesehatan,tagihan,258000,4,False,Wednesday
makan berdua di cafe,makanan,106000,4,False,Wednesday
beli obat resep,kesehatan,112000,4,False,Thursday
makan di warung padang,makanan,106000,4,False,Thursday
uang sewa bulan ini,tempat_tinggal,2031000,4,False,Thursday
pesan mie ayam,makanan,122000,4,False,Thursday
pesan ayam geprek,makanan,22000,4,False,Friday
bayar cicilan hp,tagihan,440000,4,False,Friday
bayar kartu kredit,tagihan,475000,4,False,Friday
deposit awal sewa,tempat_tinggal,6319000,4,True,Saturday
pesan dim sum,makanan,123000,4,True,Saturday
beli kebutuhan pribadi,lainnya,211000,4,True,Sunday
top up investasi crypto,investasi,2606000,4,True,Sunday
bayar kontrakan,tempat_tinggal,2461000,4,False,Tuesday
beli skin game,hiburan,108000,4,False,Tuesday
beli perlengkapan ibadah,lainnya,183000,4,False,Tuesday
beli jajanan pasar,makanan,79000,4,False,Wednesday
bayar tol,transportasi,49000,4,False,Wednesday
jasa desain logo,freelance,3396000,4,False,Wednesday
naik ojek online,transportasi,183000,4,False,Wednesday
beli snack kantor,makanan,48000,4,False,Thursday
bayar kartu kredit,tagihan,475000,4,False,Thursday
beli sabun dan sampo,lainnya,153000,4,False,Thursday
bayar tagihan gas,tagihan,120000,4,False,Friday
bayar parkir kantor,transportasi,21000,4,False,Friday
makan di mcdonald,makanan,150000,4,False,Friday
tagihan provider bulan ini,tagihan,86000,4,False,Friday
bayar tagihan listrik,tagihan,263000,4,False,Friday
iuran kebersihan lingkungan,tempat_tinggal,66000,4,False,Friday
bayaran proyek freelance,freelance,2863000,4,True,Sunday
pendapatan proyek konten,freelance,1232000,4,True,Sunday
bayar parkir kantor,transportasi,16000,4,True,Sunday
bayar sewa apartemen,tempat_tinggal,6372000,4,True,Sunday
bayar bpjs ketenagakerjaan,tagihan,347000,4,True,Sunday
beli aplikasi belajar,pendidikan,150000,4,True,Sunday
sewa buku di perpus,hiburan,265000,4,True,Sunday
liburan akhir pekan,hiburan,641000,4,True,Sunday
pembayaran gaji karyawan,gaji,8831000,4,False,Monday
bayar tagihan air,tagihan,121000,4,False,Monday
pesan gofood malam,makanan,47000,4,False,Monday
bayar paket data,tagihan,142000,4,False,Monday
insentif penjualan,bonus,4849000,4,False,Monday
bayar sewa apartemen,tempat_tinggal,3937000,4,False,Monday
beli sbn ritel,investasi,3049000,4,False,Tuesday
uang muka sewa kos,tempat_tinggal,2375000,4,False,Wednesday
beli buku referensi,pendidikan,217000,4,False,Wednesday
iuran kebersihan lingkungan,tempat_tinggal,130000,4,False,Wednesday
beli kartu krl,transportasi,60000,4,False,Thursday
bayar bootcamp,pendidikan,227000,4,False,Thursday
naik taksi online,transportasi,103000,4,False,Thursday
uang sewa bulan ini,tempat_tinggal,2690000,4,False,Friday
kontrol dokter spesialis,kesehatan,253000,4,False,Friday
ganti oli motor,transportasi,208000,4,False,Friday
fee konsultasi bisnis,freelance,3360000,4,False,Friday
streaming disney,hiburan,66000,4,True,Saturday
sarapan nasi uduk,makanan,95000,4,True,Saturday
beli nasi padang,makanan,91000,4,True,Saturday
bayar tv kabel,tagihan,384000,4,True,Sunday
biaya keamanan komplek,tempat_tinggal,1454000,4,True,Sunday
sewa kos bulanan,tempat_tinggal,812000,4,True,Sunday
insentif bulanan,bonus,4584000,4,False,Monday
bayar asuransi jiwa,tagihan,660000,4,False,Monday
beli jajanan pasar,makanan,55000,4,False,Monday
simpan dana darurat,tabungan,5000000,4,False,Tuesday
pesan shopeefood siang,makanan,112000,4,False,Tuesday
transfer tabungan pendidikan anak,tabungan,2564000,4,False,Tuesday
langganan netflix bulanan,hiburan,148000,4,False,Tuesday
perpanjang kontrak rumah,tempat_tinggal,5000000,4,False,Wednesday
karaoke bareng teman,hiburan,400000,4,False,Thursday
servis rutin motor,transportasi,516000,4,False,Thursday
beli buku impor,pendidikan,245000,4,False,Thursday
sewa ps sehari,hiburan,214000,4,False,Thursday
beli minuman kekinian,makanan,150000,4,False,Friday
karaoke bareng teman,hiburan,187000,4,False,Friday
beli bubur pagi,makanan,31000,5,True,Saturday
isi bensin motor,transportasi,241000,5,True,Saturday
makan soto ayam,makanan,37000,5,True,Sunday
beli tiket festival,hiburan,98000,5,True,Sunday
pesan ayam geprek,makanan,16000,5,False,Tuesday
bayar parkir mall,transportasi,16000,5,False,Tuesday
makan di warteg,makanan,104000,5,False,Tuesday
perpanjang sewa kos,tempat_tinggal,3250000,5,False,Tuesday
bayar bpjs ketenagakerjaan,tagihan,283000,5,False,Tuesday
simpan untuk keperluan mendesak,tabungan,3000000,5,False,Tuesday
bonus tahunan masuk,bonus,3167000,5,False,Wednesday
proyek desain presentasi,freelance,1274000,5,False,Wednesday
biaya keamanan komplek,tempat_tinggal,2817000,5,False,Wednesday
beli nasi padang,makanan,91000,5,False,Wednesday
makan malam di restoran,makanan,148000,5,False,Wednesday
perpanjang sewa kos,tempat_tinggal,656000,5,False,Wednesday
beli modul belajar,pendidikan,318000,5,False,Wednesday
top up tabungan emas,investasi,1196000,5,False,Thursday
pesan grabfood,makanan,102000,5,False,Thursday
pesan gofood malam,makanan,88000,5,False,Thursday
pesan shopeefood siang,makanan,59000,5,False,Thursday
beli tiket kereta,transportasi,269000,5,False,Friday
bayar mcu tahunan,kesehatan,198000,5,False,Friday
beli obat bebas,kesehatan,156000,5,True,Saturday
beli topup game,hiburan,173000,5,True,Saturday
naik ojek online,transportasi,83000,5,True,Saturday
beli perlengkapan ibadah,lainnya,215000,5,True,Sunday
keuntungan dari portofolio,investasi,2063000,5,False,Monday
bayar premium spotify,tagihan,210000,5,False,Monday
bayar bpjs kesehatan,tagihan,250000,5,False,Monday
perpanjang paket internet,tagihan,173000,5,False,Tuesday
beli aplikasi belajar,pendidikan,86000,5,False,Wednesday
makan soto ayam,makanan,66000,5,False,Wednesday
tabungan masa depan,tabungan,2700000,5,False,Thursday
langganan netflix bulanan,hiburan,122000,5,False,Friday
bonus produksi,bonus,2183000,5,False,Friday
bayar kursus coding,pendidikan,944000,5,False,Friday
makan siang bareng teman,makanan,75000,5,True,Saturday
ganti ban motor,transportasi,357000,5,True,Saturday
pesan martabak,makanan,127000,5,True,Saturday
bayar parkir inap,transportasi,22000,5,True,Saturday
uang muka sewa kos,tempat_tinggal,1213000,5,True,Saturday
sewa ps sehari,hiburan,131000,5,True,Saturday
bonus tahunan masuk,bonus,4927000,5,True,Saturday
makan di warteg,makanan,30000,5,True,Saturday
pesan ayam geprek,makanan,14000,5,True,Saturday
keuntungan dari portofolio,investasi,4405000,5,True,Sunday
tagihan pln bulan ini,tagihan,500000,5,True,Sunday
iuran kebersihan lingkungan,tempat_tinggal,53000,5,True,Sunday
bayar deposit apartemen,tempat_tinggal,6927000,5,True,Sunday
makan di resto jepang,makanan,103000,5,True,Sunday
bayar paket data,tagihan,150000,5,True,Sunday
sewa kos bulanan,tempat_tinggal,2347000,5,True,Sunday
makan bareng keluarga,makanan,247000,5,False,Monday
bayar ipl apartemen,tempat_tinggal,3241000,5,False,Tuesday
bayar paket data,tagihan,45000,5,False,Tuesday
beli snack kantor,makanan,39000,5,False,Tuesday
transaksi harian rutin,lainnya,112000,5,False,Tuesday
naik taksi online,transportasi,55000,5,False,Wednesday
bayar parkir inap,transportasi,13000,5,False,Wednesday
isi saldo emoney,transportasi,63000,5,False,Thursday
beli bakso pinggir jalan,makanan,142000,5,False,Thursday
uang sewa bulan ini,tempat_tinggal,3244000,5,False,Thursday
bonus ekstra dari kantor,bonus,3289000,5,False,Friday
beli minuman kekinian,makanan,157000,5,False,Friday
proyek animasi klien,freelance,6905000,5,False,Friday
beli produk rumahan,lainnya,119000,5,False,Friday
jasa desain logo,freelance,4630000,5,False,Friday
bayar deposit apartemen,tempat_tinggal,6513000,5,False,Friday
naik bus transjakarta,transportasi,10000,5,True,Saturday
beli voucher game,hiburan,110000,5,True,Saturday
top up emas antam digital,investasi,1201000,5,True,Saturday
bayar premi asuransi,tagihan,348000,5,True,Saturday
beli tiket kereta,transportasi,378000,5,True,Saturday
makan bareng keluarga,makanan,330000,5,True,Sunday
gaji plus tunjangan,gaji,7873000,5,True,Sunday
biaya bensin mobil,transportasi,241000,5,True,Sunday
pesan burger online,makanan,64000,5,True,Sunday
uang muka sewa kos,tempat_tinggal,1358000,5,False,Monday
makan di resto jepang,makanan,72000,5,False,Monday
bayaran proyek data entry,freelance,467000,5,False,Monday
profit dari reksa dana,investasi,2340000,5,False,Monday
bayaran proyek freelance,freelance,3509000,5,False,Tuesday
bayar paket data,tagihan,100000,5,False,Wednesday
langganan youtube premium,hiburan,154000,5,False,Wednesday
pesan ayam geprek,makanan,30000,5,False,Wednesday
bayar tagihan rs,kesehatan,720000,5,False,Wednesday
bayar cicilan sewa tahunan,tempat_tinggal,1906000,5,False,Wednesday
bayar parkir inap,transportasi,25000,5,False,Thursday
bayar deposit apartemen,tempat_tinggal,6109000,5,False,Friday
bayar rawat jalan,kesehatan,541000,5,False,Friday
uang muka sewa kos,tempat_tinggal,1483000,5,False,Friday
liburan akhir pekan,hiburan,1263000,5,False,Friday
beli nasi padang,makanan,44000,5,False,Friday
pesan gofood malam,makanan,95000,5,True,Saturday
gaji diterima bulan ini,gaji,11469000,5,True,Saturday
menabung untuk beli rumah,tabungan,2199000,5,True,Saturday
bayar tagihan phone,tagihan,203000,5,True,Sunday
bayar kontrakan,tempat_tinggal,1215000,5,True,Sunday
beli roti pagi,makanan,10000,5,False,Monday
sewa kos bulanan,tempat_tinggal,1453000,6,False,Tuesday
makan soto ayam,makanan,92000,6,False,Tuesday
gaji pokok bulanan,gaji,7208000,6,False,Wednesday
beli tiket bus,transportasi,19000,6,False,Wednesday
bayar ipl apartemen,tempat_tinggal,2315000,6,False,Wednesday
servis ac mobil,transportasi,439000,6,False,Thursday
pembayaran gaji karyawan,gaji,6730000,6,False,Thursday
thr lebaran diterima,bonus,6877000,6,False,Thursday
bayar tagihan air,tagihan,96000,6,False,Thursday
menabung rutin bulanan,tabungan,1134000,6,False,Friday
iuran kebersihan lingkungan,tempat_tinggal,56000,6,False,Friday
top up emas antam digital,investasi,2550000,6,False,Friday
ganti oli motor,transportasi,89000,6,False,Friday
biaya pengelolaan apartemen,tempat_tinggal,7683000,6,False,Friday
deposit awal sewa,tempat_tinggal,4200000,6,False,Friday
bayar tagihan gas,tagihan,105000,6,True,Saturday
proyek website klien,freelance,14240000,6,True,Saturday
bayar uang kebersihan,tempat_tinggal,28000,6,True,Saturday
makan di food court,makanan,66000,6,True,Saturday
iuran kebersihan lingkungan,tempat_tinggal,90000,6,True,Sunday
main futsal,hiburan,109000,6,True,Sunday
liburan akhir pekan,hiburan,986000,6,True,Sunday
beli roti pagi,makanan,12000,6,True,Sunday
bayar parkir inap,transportasi,16000,6,False,Monday
bayar premium spotify,tagihan,233000,6,False,Tuesday
bayar parkir kantor,transportasi,25000,6,False,Tuesday
beli peralatan kebersihan,lainnya,159000,6,False,Tuesday
biaya keamanan komplek,tempat_tinggal,2472000,6,False,Wednesday
bayar tagihan gas,tagihan,79000,6,False,Wednesday
uang sewa bulan ini,tempat_tinggal,1975000,6,False,Wednesday
deposit awal sewa,tempat_tinggal,5047000,6,False,Wednesday
bayar langganan icloud,tagihan,49000,6,False,Wednesday
simpan untuk keperluan mendesak,tabungan,1352000,6,False,Thursday
main futsal,hiburan,126000,6,False,Thursday
beli sabun dan sampo,lainnya,300000,6,False,Thursday
bayar cicilan motor,tagihan,390000,6,False,Thursday
bayar kos minggu pertama,tempat_tinggal,1448000,6,False,Friday
bayar ujian sertifikasi,pendidikan,400000,6,False,Friday
belanja bulanan,lainnya,136000,6,False,Friday
naik travel antar kota,transportasi,54000,6,False,Friday
investasi pp lending,investasi,1874000,6,False,Friday
pengeluaran harian,lainnya,76000,6,False,Friday
perpanjang kontrak rumah,tempat_tinggal,3106000,6,True,Saturday
bayar asuransi jiwa,tagihan,609000,6,True,Sunday
nonton di bioskop xxi,hiburan,150000,6,True,Sunday
pesan burger online,makanan,94000,6,True,Sunday
bayar tagihan rs,kesehatan,1264000,6,False,Monday
makan di warung padang,makanan,115000,6,False,Monday
makan di food court,makanan,36000,6,False,Monday
beli jajanan pasar,makanan,86000,6,False,Tuesday
pesan ayam geprek,makanan,41000,6,False,Tuesday
tagihan pln bulan ini,tagihan,137000,6,False,Tuesday
bayar uang kebersihan,tempat_tinggal,95000,6,False,Wednesday
beli kopi pagi,makanan,39000,6,False,Wednesday
naik mrt jakarta,transportasi,87000,6,False,Wednesday
makan berdua di cafe,makanan,101000,6,False,Wednesday
belanja bulanan,lainnya,360000,6,False,Wednesday
perpanjang paket internet,tagihan,311000,6,False,Wednesday
makan berdua di cafe,makanan,100000,6,False,Wednesday
transaksi harian rutin,lainnya,146000,6,False,Thursday
bayar kontrakan,tempat_tinggal,2135000,6,False,Thursday
sarapan nasi uduk,makanan,104000,6,False,Thursday
piknik di taman,hiburan,123000,6,False,Friday
pesan ayam geprek,makanan,28000,6,False,Friday
penerimaan upah kerja,gaji,9975000,6,True,Saturday
bayar tagihan gas,tagihan,113000,6,True,Saturday
bayar langganan icloud,tagihan,41000,6,True,Saturday
bayar tol,transportasi,67000,6,True,Saturday
servis rutin motor,transportasi,504000,6,True,Saturday
naik taksi online,transportasi,92000,6,True,Saturday
beli hadiah teman,lainnya,119000,6,True,Sunday
beli nasi padang,makanan,83000,6,True,Sunday
pesan nasi goreng online,makanan,38000,6,True,Sunday
servis ac mobil,transportasi,707000,6,False,Monday
bayar kos bulanan,tempat_tinggal,1141000,6,False,Monday
beli kartu krl,transportasi,145000,6,False,Monday
bayar deposit apartemen,tempat_tinggal,8800000,6,False,Monday
bayar ipl apartemen,tempat_tinggal,6194000,6,False,Monday
sarapan nasi uduk,makanan,142000,6,False,Tuesday
bayar bootcamp,pendidikan,192000,6,False,Tuesday
tagihan provider bulan ini,tagihan,76000,6,False,Tuesday
bayar workshop desain,pendidikan,122000,6,False,Wednesday
pembayaran upah bulanan,gaji,20000000,6,False,Wednesday
karaoke bareng teman,hiburan,390000,6,False,Wednesday
bayar cicilan motor,tagihan,269000,6,False,Wednesday
bayar cicilan sewa tahunan,tempat_tinggal,2684000,6,False,Wednesday
bayar parkir mall,transportasi,11000,6,False,Thursday
piknik di taman,hiburan,300000,6,False,Thursday
bayar seminar online,pendidikan,316000,6,False,Thursday
jasa desain logo,freelance,2769000,6,False,Thursday
isi saldo emoney,transportasi,137000,6,False,Thursday
main bowling,hiburan,200000,6,False,Thursday
beli es teh manis,makanan,12000,6,False,Friday
pesan pizza online,makanan,87000,6,False,Friday
bayar kos minggu pertama,tempat_tinggal,1811000,6,True,Saturday
simpan dana darurat,tabungan,5250000,6,True,Saturday
pesan martabak,makanan,141000,6,True,Saturday
bayar kos bulanan,tempat_tinggal,2750000,6,True,Saturday
beli hadiah teman,lainnya,130000,6,True,Sunday
naik angkot ke pasar,transportasi,6000,6,True,Sunday
biaya sewa studio,tempat_tinggal,1113000,6,True,Sunday
transfer salary bulan ini,gaji,12935000,6,True,Sunday
menabung rutin bulanan,tabungan,2355000,6,True,Sunday
bayar kontrakan,tempat_tinggal,1270000,6,True,Sunday
sewa kos bulanan,tempat_tinggal,2500000,6,False,Monday
bayar tagihan air,tagihan,84000,6,False,Monday
main futsal,hiburan,100000,6,False,Monday
beli modul belajar,pendidikan,174000,6,False,Monday
sarapan di warung,makanan,40000,6,False,Monday
perpanjang sewa kos,tempat_tinggal,2710000,6,False,Tuesday
perpanjang paket internet,tagihan,340000,6,False,Tuesday
naik ojek online,transportasi,55000,6,False,Tuesday
uang muka sewa kos,tempat_tinggal,894000,6,False,Tuesday
keuntungan investasi saham,investasi,3974000,6,False,Tuesday
beli peralatan sekolah,pendidikan,360000,6,False,Wednesday
pesan ayam geprek,makanan,24000,7,False,Thursday
nonton konser online,hiburan,362000,7,False,Thursday
tambahan penghasilan bonus,bonus,2493000,7,False,Thursday
bayar ipl apartemen,tempat_tinggal,4259000,7,False,Thursday
investasi pp lending,investasi,824000,7,False,Friday
top up kartu etoll,transportasi,47000,7,False,Friday
naik taksi online,transportasi,103000,7,False,Friday
pesan grabfood,makanan,109000,7,False,Friday
bonus triwulan,bonus,6500000,7,True,Saturday
bayar pulsa bulanan,tagihan,518000,7,True,Saturday
beli tiket pertandingan,hiburan,235000,7,True,Sunday
keperluan rumah tangga,lainnya,134000,7,True,Sunday
beli produk rumahan,lainnya,300000,7,True,Sunday
top up investasi crypto,investasi,2611000,7,True,Sunday
transfer gaji dari hrd,gaji,15034000,7,False,Monday
karaoke bareng teman,hiburan,272000,7,False,Tuesday
naik travel antar kota,transportasi,122000,7,False,Tuesday
naik grab ke kantor,transportasi,23000,7,False,Wednesday
top up kartu etoll,transportasi,33000,7,False,Wednesday
naik travel antar kota,transportasi,78000,7,False,Thursday
bayar sewa apartemen,tempat_tinggal,4688000,7,False,Thursday
bayar kos bulanan,tempat_tinggal,1147000,7,False,Friday
ganti oli motor,transportasi,85000,7,False,Friday
makan soto ayam,makanan,90000,7,False,Friday
beli nasi padang,makanan,82000,7,True,Saturday
beli tiket kereta,transportasi,500000,7,True,Saturday
naik mrt jakarta,transportasi,32000,7,True,Saturday
bayar cicilan sewa tahunan,tempat_tinggal,3714000,7,True,Sunday
bayar tagihan air,tagihan,163000,7,True,Sunday
perpanjang kontrak rumah,tempat_tinggal,1575000,7,True,Sunday
bayar bpjs kesehatan,tagihan,228000,7,False,Monday
biaya sewa studio,tempat_tinggal,1177000,7,False,Monday
uang muka sewa kos,tempat_tinggal,854000,7,False,Monday
gaji plus tunjangan,gaji,11154000,7,False,Tuesday
perpanjang sewa kos,tempat_tinggal,962000,7,False,Tuesday
makan di kantin,makanan,40000,7,False,Wednesday
pesan pizza online,makanan,189000,7,False,Wednesday
keuntungan dari portofolio,investasi,5513000,7,False,Wednesday
beli tiket kereta,transportasi,477000,7,False,Wednesday
investasi reksa dana pasar uang,investasi,1948000,7,False,Wednesday
pesan pizza online,makanan,97000,7,False,Thursday
slip gaji diterima,gaji,16784000,7,False,Thursday
transfer ke rekening tabungan,tabungan,1276000,7,False,Thursday
bayar premi asuransi,tagihan,768000,7,False,Thursday
gaji bulanan masuk,gaji,10446000,7,False,Friday
bayar paket data,tagihan,74000,7,False,Friday
bayar premi asuransi,tagihan,767000,7,False,Friday
pesan nasi goreng online,makanan,39000,7,True,Saturday
bayar ipl apartemen,tempat_tinggal,3895000,7,True,Saturday
bayar kursus bahasa inggris,pendidikan,1312000,7,True,Saturday
makan di warteg,makanan,54000,7,True,Saturday
pendapatan affiliate,freelance,1705000,7,True,Saturday
belanja bulanan,lainnya,203000,7,True,Sunday
beli alat tulis,pendidikan,46000,7,True,Sunday
bayar paket data,tagihan,108000,7,False,Monday
keuntungan dari portofolio,investasi,1546000,7,False,Monday
iuran kebersihan lingkungan,tempat_tinggal,94000,7,False,Monday
bonus kinerja triwulan,gaji,11214000,7,False,Monday
beli aplikasi belajar,pendidikan,87000,7,False,Tuesday
top up investasi crypto,investasi,4267000,7,False,Tuesday
beli gorengan sore,makanan,7000,7,False,Tuesday
bayar uang kebersihan,tempat_tinggal,35000,7,False,Wednesday
bayar langganan icloud,tagihan,23000,7,False,Wednesday
bayar bpjs ketenagakerjaan,tagihan,350000,7,False,Wednesday
bayar ukt semester,pendidikan,181000,7,False,Wednesday
bayar imunisasi,kesehatan,475000,7,False,Wednesday
setor tunai ke tabungan,tabungan,661000,7,False,Wednesday
makan siang bareng teman,makanan,135000,7,False,Thursday
bayar langganan icloud,tagihan,35000,7,False,Thursday
bayar cicilan motor,tagihan,291000,7,False,Thursday
pesan shopeefood siang,makanan,80000,7,False,Thursday
bayar mcu tahunan,kesehatan,306000,7,False,Thursday
iuran rt bulanan,tempat_tinggal,108000,7,False,Thursday
belanja mingguan,lainnya,249000,7,False,Friday
bayar sewa rumah,tempat_tinggal,4423000,7,False,Friday
makan di mcdonald,makanan,114000,7,False,Friday
streaming disney,hiburan,64000,7,False,Friday
beli cilok,makanan,73000,7,True,Saturday
perpanjang sewa kos,tempat_tinggal,1866000,7,False,Monday
beli tiket kereta,transportasi,146000,7,False,Monday
konsultasi psikolog,kesehatan,233000,7,False,Monday
makan di kfc,makanan,78000,7,False,Monday
bayar kos minggu pertama,tempat_tinggal,1927000,7,False,Monday
sewa kos bulanan,tempat_tinggal,1254000,7,False,Tuesday
pendapatan affiliate,freelance,1136000,7,False,Tuesday
beli jajanan pasar,makanan,100000,7,False,Wednesday
transfer gaji dari hrd,gaji,9730000,7,False,Wednesday
makan di food court,makanan,60000,7,False,Thursday
beli kopi pagi,makanan,39000,7,False,Thursday
beli jajanan pasar,makanan,59000,7,False,Thursday
beli buku impor,pendidikan,206000,7,False,Thursday
menabung untuk liburan,tabungan,273000,7,False,Thursday
insentif bulanan,bonus,4566000,7,False,Thursday
main futsal,hiburan,166000,7,False,Friday
bayar premi asuransi,tagihan,579000,7,False,Friday
pesan nasi goreng online,makanan,43000,7,False,Friday
setor tunai ke tabungan,tabungan,2850000,7,False,Friday
beli reksa dana saham,investasi,7198000,7,False,Friday
bayar cicilan motor,tagihan,171000,7,False,Friday
makan bareng keluarga,makanan,120000,7,False,Friday
bayar tv kabel,tagihan,214000,7,True,Saturday
beli keperluan dapur,lainnya,178000,7,True,Saturday
servis rutin motor,transportasi,555000,7,True,Saturday
iuran rt bulanan,tempat_tinggal,82000,7,True,Saturday
pesan grabfood,makanan,107000,7,True,Saturday
biaya keamanan komplek,tempat_tinggal,1952000,7,True,Saturday
bayar kartu kredit,tagihan,237000,8,True,Sunday
beli jajanan pasar,makanan,47000,8,True,Sunday
bayar uang kebersihan,tempat_tinggal,40000,8,True,Sunday
bayar kos bulanan,tempat_tinggal,1048000,8,True,Sunday
bayar premium spotify,tagihan,195000,8,False,Monday
transaksi harian rutin,lainnya,293000,8,False,Monday
bayar ukt semester,pendidikan,226000,8,False,Monday
makan di food court,makanan,195000,8,False,Tuesday
top up emas antam digital,investasi,2266000,8,False,Tuesday
perpanjang kontrak rumah,tempat_tinggal,3324000,8,False,Wednesday
makan di food court,makanan,56000,8,False,Wednesday
perpanjang kontrak rumah,tempat_tinggal,4301000,8,False,Wednesday
beli keperluan dapur,lainnya,133000,8,False,Wednesday
pesan burger online,makanan,104000,8,False,Wednesday
isi bensin motor,transportasi,330000,8,False,Wednesday
transfer ke rekening tabungan,tabungan,1848000,8,False,Thursday
bonus target tercapai,bonus,3919000,8,False,Thursday
beli bubur pagi,makanan,16000,8,False,Thursday
beli es teh manis,makanan,12000,8,False,Thursday
beli buku referensi,pendidikan,315000,8,False,Friday
bayar deposit apartemen,tempat_tinggal,3696000,8,False,Friday
nabung rutin mingguan,tabungan,2850000,8,False,Friday
makan di kantin,makanan,38000,8,False,Friday
perpanjang kontrak rumah,tempat_tinggal,2595000,8,False,Friday
bayar parkir kantor,transportasi,21000,8,True,Saturday
beli cilok,makanan,110000,8,True,Saturday
bayar bpjs ketenagakerjaan,tagihan,353000,8,True,Saturday
transfer tabungan pendidikan anak,tabungan,939000,8,True,Sunday
bayar uang kebersihan,tempat_tinggal,58000,8,False,Monday
pesan ayam geprek,makanan,32000,8,False,Monday
beli sbn ritel,investasi,5873000,8,False,Monday
beli alat tensi,kesehatan,352000,8,False,Monday
beli kebutuhan pribadi,lainnya,155000,8,False,Monday
naik bus transjakarta,transportasi,11000,8,False,Monday
slip gaji diterima,gaji,12719000,8,False,Tuesday
ganti oli motor,transportasi,207000,8,False,Wednesday
makan malam di restoran,makanan,164000,8,False,Wednesday
transaksi harian rutin,lainnya,234000,8,False,Thursday
makan bareng keluarga,makanan,265000,8,False,Thursday
naik krl commuter line,transportasi,135000,8,False,Thursday
beli produk rumahan,lainnya,171000,8,False,Friday
bayar tv kabel,tagihan,142000,8,False,Friday
bayar kursus bahasa inggris,pendidikan,980000,8,True,Saturday
bayar kursus bahasa inggris,pendidikan,986000,8,True,Saturday
bonus produksi,bonus,3066000,8,True,Saturday
perpanjang kontrak rumah,tempat_tinggal,1950000,8,True,Saturday
bayar parkir mall,transportasi,14000,8,True,Sunday
beli cilok,makanan,126000,8,True,Sunday
beli tiket kereta,transportasi,257000,8,True,Sunday
makan di warung padang,makanan,98000,8,True,Sunday
main game online,hiburan,109000,8,True,Sunday
makan soto ayam,makanan,79000,8,True,Sunday
naik bus transjakarta,transportasi,28000,8,False,Monday
beli buku referensi,pendidikan,157000,8,False,Monday
makan di kantin,makanan,28000,8,False,Monday
beli sabun dan sampo,lainnya,126000,8,False,Monday
bayar paket data,tagihan,76000,8,False,Tuesday
makan siang bareng teman,makanan,73000,8,False,Tuesday
bayar uang kebersihan,tempat_tinggal,71000,8,False,Tuesday
bayar sewa rumah,tempat_tinggal,3489000,8,False,Tuesday
investasi pp lending,investasi,4635000,8,False,Wednesday
proyek website klien,freelance,6153000,8,False,Wednesday
bayar sewa apartemen,tempat_tinggal,5104000,8,False,Wednesday
thr perusahaan,bonus,8555000,8,False,Wednesday
tabungan masa depan,tabungan,3140000,8,False,Thursday
kontrol dokter spesialis,kesehatan,357000,8,False,Thursday
perpanjang kontrak rumah,tempat_tinggal,4665000,8,False,Friday
pesan shopeefood siang,makanan,55000,8,False,Friday
bayar tagihan listrik,tagihan,389000,8,False,Friday
naik angkot ke pasar,transportasi,14000,8,False,Friday
naik bus transjakarta,transportasi,15000,8,False,Friday
perpanjang kontrak rumah,tempat_tinggal,4977000,8,False,Friday
perpanjang kontrak rumah,tempat_tinggal,2643000,8,False,Friday
main futsal,hiburan,180000,8,True,Saturday
tagihan pln bulan ini,tagihan,550000,8,True,Saturday
beli sabun dan sampo,lainnya,125000,8,True,Saturday
bayar sewa apartemen,tempat_tinggal,3765000,8,True,Saturday
bayar parkir mall,transportasi,38000,8,True,Saturday
servis ac mobil,transportasi,840000,8,True,Saturday
beli vitamin dan suplemen,kesehatan,147000,8,True,Saturday
makan di warteg,makanan,63000,8,True,Sunday
perpanjang paket internet,tagihan,246000,8,True,Sunday
pesan dim sum,makanan,64000,8,True,Sunday
bayar kontrakan,tempat_tinggal,1904000,8,False,Monday
nonton pertandingan bola,hiburan,175000,8,False,Monday
naik travel antar kota,transportasi,79000,8,False,Monday
proyek website klien,freelance,9468000,8,False,Monday
bayar sewa rumah,tempat_tinggal,3926000,8,False,Monday
bayar tagihan air,tagihan,150000,8,False,Monday
pendapatan affiliate,freelance,825000,8,False,Tuesday
langganan spotify premium,hiburan,59000,8,False,Tuesday
beli kopi pagi,makanan,38000,8,False,Tuesday
bayar asuransi jiwa,tagihan,566000,8,False,Tuesday
naik krl commuter line,transportasi,128000,8,False,Tuesday
bayar uang kebersihan,tempat_tinggal,46000,8,False,Tuesday
nonton konser online,hiburan,629000,8,False,Tuesday
beli perlengkapan ibadah,lainnya,171000,8,False,Wednesday
main biliar,hiburan,201000,8,False,Wednesday
bayar workshop desain,pendidikan,278000,8,False,Thursday
beli bubur pagi,makanan,38000,8,False,Thursday
beli cilok,makanan,67000,8,False,Thursday
beli hadiah teman,lainnya,116000,8,False,Thursday
main futsal,hiburan,97000,8,False,Thursday
main futsal,hiburan,110000,8,False,Thursday
langganan spotify premium,hiburan,34000,8,False,Friday
pendapatan affiliate,freelance,1567000,8,False,Friday
sewa kos bulanan,tempat_tinggal,2750000,8,True,Saturday
naik bus transjakarta,transportasi,14000,8,True,Saturday
nonton pertandingan bola,hiburan,197000,8,True,Saturday
main biliar,hiburan,219000,8,True,Saturday
sarapan di warung,makanan,73000,8,True,Saturday
pesan shopeefood siang,makanan,101000,8,True,Saturday
top up kartu etoll,transportasi,62000,8,True,Saturday
tes laboratorium,kesehatan,180000,8,True,Saturday
menabung untuk liburan,tabungan,950000,8,True,Sunday
pesan grabfood,makanan,150000,8,True,Sunday
bayar parkir inap,transportasi,14000,8,True,Sunday
beli tiket konser,hiburan,488000,8,True,Sunday
naik gojek pulang,transportasi,40000,8,True,Sunday
bayar asuransi jiwa,tagihan,566000,8,False,Monday
biaya pengelolaan apartemen,tempat_tinggal,5856000,8,False,Monday
penerimaan upah kerja,gaji,22000000,8,False,Tuesday
makan di warteg,makanan,85000,8,False,Tuesday
biaya pengelolaan apartemen,tempat_tinggal,3997000,8,False,Tuesday
beli buku pelajaran,pendidikan,131000,9,False,Wednesday
beli perlengkapan ibadah,lainnya,119000,9,False,Wednesday
bayar kos minggu pertama,tempat_tinggal,1480000,9,False,Thursday
beli peralatan kebersihan,lainnya,300000,9,False,Thursday
makan di kfc,makanan,54000,9,False,Friday
bayar kursus desain,pendidikan,992000,9,False,Friday
pesan gofood malam,makanan,79000,9,True,Saturday
bayar asuransi jiwa,tagihan,840000,9,True,Sunday
naik bus transjakarta,transportasi,25000,9,False,Monday
pengeluaran mendadak,lainnya,129000,9,False,Monday
main escape room,hiburan,142000,9,False,Monday
beli roti pagi,makanan,27000,9,False,Tuesday
makan di warteg,makanan,108000,9,False,Tuesday
langganan hbo max,hiburan,240000,9,False,Tuesday
ganti oli motor,transportasi,150000,9,False,Tuesday
nonton di bioskop xxi,hiburan,82000,9,False,Tuesday
makan soto ayam,makanan,94000,9,False,Wednesday
beli perlengkapan ibadah,lainnya,274000,9,False,Wednesday
makan malam di restoran,makanan,182000,9,False,Wednesday
simpan untuk keperluan mendesak,tabungan,1960000,9,False,Wednesday
bayar cicilan sewa tahunan,tempat_tinggal,4045000,9,False,Thursday
naik travel antar kota,transportasi,164000,9,False,Thursday
simpan dana darurat,tabungan,4541000,9,False,Thursday
nonton di bioskop xxi,hiburan,123000,9,False,Friday
makan berdua di cafe,makanan,77000,9,True,Saturday
bayar kontrakan,tempat_tinggal,2519000,9,True,Sunday
bayar kursus online,pendidikan,1203000,9,True,Sunday
beli modul belajar,pendidikan,208000,9,True,Sunday
bayar kursus desain,pendidikan,956000,9,True,Sunday
uang sewa bulan ini,tempat_tinggal,2051000,9,True,Sunday
biaya sewa studio,tempat_tinggal,1249000,9,True,Sunday
konsultasi gigi,kesehatan,550000,9,False,Monday
belanja mingguan,lainnya,173000,9,False,Monday
makan malam di restoran,makanan,115000,9,False,Tuesday
beli alat tensi,kesehatan,145000,9,False,Tuesday
beli minuman kekinian,makanan,111000,9,False,Tuesday
bayar ipl apartemen,tempat_tinggal,8415000,9,False,Wednesday
beli jajanan pasar,makanan,142000,9,False,Wednesday
makan di resto jepang,makanan,66000,9,False,Wednesday
tagihan provider bulan ini,tagihan,130000,9,False,Thursday
pesan dim sum,makanan,110000,9,False,Thursday
pesan burger online,makanan,150000,9,False,Thursday
transfer ke rekening tabungan,tabungan,1694000,9,False,Thursday
pesan gofood malam,makanan,73000,9,False,Friday
bayar langganan icloud,tagihan,46000,9,False,Friday
beli peralatan sekolah,pendidikan,198000,9,False,Friday
pesan grabfood,makanan,69000,9,False,Friday
menabung rutin bulanan,tabungan,1729000,9,True,Saturday
beli kopi pagi,makanan,69000,9,True,Saturday
thr lebaran diterima,bonus,5638000,9,True,Saturday
bayar parkir inap,transportasi,16000,9,True,Sunday
biaya sewa studio,tempat_tinggal,982000,9,True,Sunday
beli nasi padang,makanan,140000,9,False,Monday
perpanjang sewa kos,tempat_tinggal,897000,9,False,Monday
biaya sewa studio,tempat_tinggal,988000,9,False,Monday
bayar sewa apartemen,tempat_tinggal,6105000,9,False,Monday
bayar tv kabel,tagihan,500000,9,False,Monday
servis ac mobil,transportasi,416000,9,False,Monday
thr perusahaan,bonus,6467000,9,False,Monday
pesan burger online,makanan,150000,9,False,Tuesday
bayar parkir mall,transportasi,10000,9,False,Tuesday
fee konsultasi bisnis,freelance,2137000,9,False,Wednesday
bayar premi asuransi,tagihan,656000,9,False,Wednesday
bayar kursus coding,pendidikan,742000,9,False,Wednesday
beli skin game,hiburan,93000,9,False,Wednesday
beli tiket pertandingan,hiburan,347000,9,False,Thursday
bayaran proyek freelance,freelance,5678000,9,False,Thursday
makan di kfc,makanan,53000,9,False,Thursday
iuran rt bulanan,tempat_tinggal,57000,9,False,Friday
sewa kos bulanan,tempat_tinggal,2233000,9,False,Friday
transfer gaji dari hrd,gaji,14916000,9,False,Friday
beli peralatan sekolah,pendidikan,219000,9,False,Friday
iuran kebersihan lingkungan,tempat_tinggal,110000,9,True,Saturday
pesan pizza online,makanan,62000,9,True,Saturday
biaya keamanan komplek,tempat_tinggal,1434000,9,True,Saturday
bayar mcu tahunan,kesehatan,188000,9,True,Saturday
pesan dim sum,makanan,118000,9,True,Saturday
makan di warung padang,makanan,91000,9,True,Sunday
reward pencapaian target,bonus,2622000,9,False,Monday
perpanjang paket internet,tagihan,301000,9,False,Monday
pesan gofood malam,makanan,48000,9,False,Monday
bayar kos minggu pertama,tempat_tinggal,2500000,9,False,Tuesday
bayar kontrakan,tempat_tinggal,2661000,9,False,Tuesday
makan bareng keluarga,makanan,330000,9,False,Wednesday
pesan grabfood,makanan,95000,9,False,Wednesday
fee proyek seo,freelance,5873000,9,False,Wednesday
makan malam di restoran,makanan,157000,9,False,Wednesday
top up kartu etoll,transportasi,63000,9,False,Wednesday
beli es teh manis,makanan,18000,9,False,Wednesday
deposit awal sewa,tempat_tinggal,10000000,9,False,Wednesday
beli buku pelajaran,pendidikan,180000,9,False,Wednesday
pesan martabak,makanan,110000,9,False,Thursday
bayar kos minggu pertama,tempat_tinggal,1302000,10,False,Friday
bayar langganan icloud,tagihan,48000,10,False,Friday
langganan netflix bulanan,hiburan,119000,10,False,Friday
dividen saham masuk,investasi,9000000,10,False,Friday
beli cilok,makanan,81000,10,True,Saturday
iuran rt bulanan,tempat_tinggal,56000,10,True,Saturday
uang sewa bulan ini,tempat_tinggal,2526000,10,True,Saturday
pesan dim sum,makanan,99000,10,True,Saturday
pesan burger online,makanan,115000,10,True,Sunday
sarapan di warung,makanan,64000,10,True,Sunday
pesan mie ayam,makanan,69000,10,True,Sunday
slip gaji diterima,gaji,5401000,10,True,Sunday
proyek desain presentasi,freelance,2875000,10,True,Sunday
bayar sewa rumah,tempat_tinggal,1425000,10,True,Sunday
pengeluaran mendadak,lainnya,85000,10,True,Sunday
pesan burger online,makanan,112000,10,False,Monday
perpanjang kontrak rumah,tempat_tinggal,4895000,10,False,Monday
naik krl commuter line,transportasi,115000,10,False,Monday
beli buku pelajaran,pendidikan,119000,10,False,Tuesday
uang sewa bulan ini,tempat_tinggal,2355000,10,False,Tuesday
beli buku referensi,pendidikan,175000,10,False,Tuesday
pesan pizza online,makanan,69000,10,False,Tuesday
bayar paket data,tagihan,150000,10,False,Wednesday
makan siang bareng teman,makanan,152000,10,False,Wednesday
tagihan provider bulan ini,tagihan,120000,10,False,Wednesday
beli perlengkapan ibadah,lainnya,162000,10,False,Wednesday
beli tiket konser,hiburan,685000,10,False,Thursday
thr lebaran diterima,bonus,3380000,10,False,Thursday
pengeluaran tak terduga,lainnya,145000,10,False,Thursday
bayar kos minggu pertama,tempat_tinggal,1484000,10,False,Thursday
beli alat tulis,pendidikan,39000,10,False,Friday
bayar sewa rumah,tempat_tinggal,3776000,10,False,Friday
perpanjang kontrak rumah,tempat_tinggal,5000000,10,False,Friday
bayar kursus desain,pendidikan,1386000,10,False,Friday
beli kamus,pendidikan,197000,10,True,Saturday
beli jajanan pasar,makanan,99000,10,True,Saturday
bayar langganan icloud,tagihan,45000,10,True,Saturday
makan di kfc,makanan,84000,10,True,Saturday
bayar seminar online,pendidikan,292000,10,True,Saturday
ganti oli motor,transportasi,125000,10,True,Sunday
bayar tagihan gas,tagihan,124000,10,True,Sunday
makan berdua di cafe,makanan,97000,10,True,Sunday
bonus tahunan masuk,bonus,8655000,10,False,Monday
uang muka sewa kos,tempat_tinggal,1837000,10,False,Monday
bayar tagihan phone,tagihan,398000,10,False,Monday
bayar premium spotify,tagihan,222000,10,False,Tuesday
bayar sewa rumah,tempat_tinggal,4750000,10,False,Tuesday
bayar kontrakan,tempat_tinggal,2706000,10,False,Tuesday
perpanjang sewa kos,tempat_tinggal,2500000,10,False,Tuesday
top up kartu etoll,transportasi,40000,10,False,Tuesday
naik taksi online,transportasi,220000,10,False,Wednesday
pesan ayam geprek,makanan,33000,10,False,Wednesday
bayar imunisasi,kesehatan,231000,10,False,Thursday
nonton di bioskop xxi,hiburan,82000,10,False,Thursday
nonton bioskop bareng,hiburan,84000,10,False,Thursday
bayar deposit apartemen,tempat_tinggal,5628000,10,False,Thursday
bayar paket data,tagihan,111000,10,False,Friday
nonton pertandingan bola,hiburan,208000,10,False,Friday
naik angkot ke pasar,transportasi,9000,10,False,Friday
transfer salary bulan ini,gaji,22000000,10,False,Friday
bayar cicilan motor,tagihan,600000,10,False,Friday
makan berdua di cafe,makanan,103000,10,False,Friday
bayar kos minggu pertama,tempat_tinggal,1523000,10,True,Saturday
bayar uang kebersihan,tempat_tinggal,68000,10,True,Saturday
makan di kfc,makanan,84000,10,True,Saturday
bayar bpjs ketenagakerjaan,tagihan,183000,10,True,Saturday
pesan ayam geprek,makanan,25000,10,True,Saturday
beli produk rumahan,lainnya,82000,10,True,Saturday
bayar uang kebersihan,tempat_tinggal,99000,10,True,Saturday
isi saldo emoney,transportasi,120000,10,True,Sunday
beli alat tensi,kesehatan,185000,10,False,Monday
bayar fisioterapi,kesehatan,520000,10,False,Monday
makan soto ayam,makanan,51000,10,False,Monday
bayar cicilan sewa tahunan,tempat_tinggal,1336000,10,False,Monday
pesan nasi goreng online,makanan,36000,10,False,Monday
beli bubur pagi,makanan,31000,10,False,Tuesday
nonton konser online,hiburan,1100000,10,False,Tuesday
sewa kos bulanan,tempat_tinggal,1498000,10,False,Tuesday
bayar tol,transportasi,64000,10,False,Wednesday
makan bareng keluarga,makanan,217000,10,False,Wednesday
beli topup game,hiburan,95000,10,False,Wednesday
bayar seminar online,pendidikan,470000,10,False,Thursday
return reksa dana obligasi,investasi,3972000,10,False,Thursday
pesan nasi goreng online,makanan,19000,10,False,Thursday
langganan hbo max,hiburan,220000,10,False,Thursday
bayar sewa rumah,tempat_tinggal,5250000,10,False,Thursday
beli keperluan dapur,lainnya,118000,10,False,Friday
pesan gofood malam,makanan,93000,10,False,Friday
beli perlengkapan kamar,lainnya,214000,10,False,Friday
fee jasa copywriting,freelance,5716000,10,True,Saturday
beli suplemen daya tahan,kesehatan,181000,10,True,Saturday
keuntungan crypto harian,investasi,1754000,10,True,Sunday
gaji plus lembur,gaji,13882000,10,True,Sunday
main game online,hiburan,163000,10,True,Sunday
beli buku impor,pendidikan,239000,10,True,Sunday
naik krl commuter line,transportasi,115000,10,True,Sunday
bayar imunisasi,kesehatan,429000,10,True,Sunday
beli alat tensi,kesehatan,100000,10,False,Monday
beli reksa dana saham,investasi,8795000,10,False,Monday
beli perlengkapan kamar,lainnya,80000,10,False,Tuesday
piknik di taman,hiburan,186000,10,False,Tuesday
naik travel antar kota,transportasi,59000,10,False,Tuesday
bayar sewa rumah,tempat_tinggal,2324000,10,False,Tuesday
bayaran proyek freelance,freelance,8603000,10,False,Wednesday
beli tiket pertandingan,hiburan,251000,10,False,Wednesday
beli obat resep,kesehatan,221000,10,False,Wednesday
beli peralatan sekolah,pendidikan,163000,10,False,Thursday
beli peralatan kebersihan,lainnya,203000,10,False,Thursday
perpanjang paket internet,tagihan,340000,10,False,Thursday
naik travel antar kota,transportasi,61000,10,False,Thursday
bonus kinerja bagus,bonus,4916000,10,False,Friday
pesan ayam geprek,makanan,20000,10,False,Friday
tagihan provider bulan ini,tagihan,67000,10,False,Friday
beli laptop pelajar,pendidikan,6320000,10,False,Friday
insentif penjualan,bonus,4750000,10,False,Friday
pesan dim sum,makanan,155000,10,True,Saturday
pesan martabak,makanan,75000,10,True,Sunday
bayar sewa apartemen,tempat_tinggal,4348000,10,True,Sunday
beli peralatan kebersihan,lainnya,127000,10,True,Sunday
transfer payroll kantor,gaji,19000000,10,True,Sunday
makan di food court,makanan,96000,10,True,Sunday
beli skin game,hiburan,128000,10,True,Sunday
makan di warung padang,makanan,162000,10,True,Sunday
belanja bulanan,lainnya,176000,10,True,Sunday
belanja kebutuhan dapur,lainnya,151000,10,True,Sunday
beli perlengkapan ibadah,lainnya,148000,10,True,Sunday
pesan shopeefood siang,makanan,76000,11,False,Monday
iuran kebersihan lingkungan,tempat_tinggal,64000,11,False,Monday
pesan burger online,makanan,110000,11,False,Monday
beli sabun dan sampo,lainnya,172000,11,False,Tuesday
beli tiket bus,transportasi,22000,11,False,Tuesday
pengeluaran mendadak,lainnya,163000,11,False,Tuesday
beli buku pelajaran,pendidikan,181000,11,False,Tuesday
pesan gofood malam,makanan,31000,11,False,Tuesday
beli aksesoris rumah,lainnya,208000,11,False,Tuesday
sarapan di warung,makanan,90000,11,False,Tuesday
makan di warung padang,makanan,123000,11,False,Tuesday
sewa ps sehari,hiburan,54000,11,False,Wednesday
bayar les matematika,pendidikan,475000,11,False,Wednesday
makan di mcdonald,makanan,82000,11,False,Thursday
naik mrt jakarta,transportasi,144000,11,False,Thursday
makan di food court,makanan,57000,11,False,Thursday
deposit awal sewa,tempat_tinggal,6900000,11,False,Friday
naik taksi online,transportasi,81000,11,False,Friday
beli suplemen daya tahan,kesehatan,175000,11,False,Friday
beli modul belajar,pendidikan,550000,11,False,Friday
profit dari reksa dana,investasi,2126000,11,True,Saturday
beli modul belajar,pendidikan,285000,11,True,Saturday
beli kopi pagi,makanan,58000,11,True,Sunday
uang sewa bulan ini,tempat_tinggal,3219000,11,True,Sunday
beli laptop pelajar,pendidikan,7965000,11,False,Monday
makan di food court,makanan,124000,11,False,Monday
servis ac mobil,transportasi,880000,11,False,Tuesday
makan berdua di cafe,makanan,77000,11,False,Tuesday
bayar cicilan sewa tahunan,tempat_tinggal,3121000,11,False,Wednesday
biaya bensin mobil,transportasi,280000,11,False,Wednesday
beli skin game,hiburan,159000,11,False,Wednesday
pesan grabfood,makanan,146000,11,False,Thursday
biaya bensin mobil,transportasi,203000,11,False,Thursday
bayar ujian sertifikasi,pendidikan,165000,11,False,Thursday
langganan hbo max,hiburan,200000,11,False,Thursday
makan siang bareng teman,makanan,50000,11,False,Thursday
bayar kos minggu pertama,tempat_tinggal,1862000,11,False,Friday
bayar deposit apartemen,tempat_tinggal,3698000,11,False,Friday
pesan martabak,makanan,84000,11,False,Friday
pesan pizza online,makanan,108000,11,False,Friday
beli tiket konser,hiburan,887000,11,True,Saturday
bayar kos minggu pertama,tempat_tinggal,1687000,11,True,Saturday
setor tunai ke tabungan,tabungan,2850000,11,True,Saturday
beli minuman kekinian,makanan,94000,11,True,Saturday
sewa kos bulanan,tempat_tinggal,1360000,11,True,Saturday
bonus produksi,bonus,4044000,11,True,Saturday
investasi pp lending,investasi,4104000,11,True,Sunday
main futsal,hiburan,80000,11,True,Sunday
bayar deposit apartemen,tempat_tinggal,7620000,11,False,Monday
bayar kursus bahasa inggris,pendidikan,1037000,11,False,Monday
konsultasi kulit,kesehatan,289000,11,False,Monday
bayar cicilan motor,tagihan,453000,11,False,Tuesday
iuran kebersihan lingkungan,tempat_tinggal,67000,11,False,Tuesday
karaoke bareng teman,hiburan,263000,11,False,Tuesday
beli laptop pelajar,pendidikan,6648000,11,False,Wednesday
beli gorengan sore,makanan,10000,11,False,Thursday
naik angkot ke pasar,transportasi,5000,11,True,Saturday
tabungan masa depan,tabungan,809000,11,True,Saturday
bayar deposit apartemen,tempat_tinggal,8800000,11,True,Saturday
bayar kos bulanan,tempat_tinggal,1069000,11,True,Sunday
bayar parkir inap,transportasi,12000,11,True,Sunday
beli tiket festival,hiburan,63000,11,True,Sunday
beli obat resep,kesehatan,118000,11,False,Monday
nonton bioskop bareng,hiburan,71000,11,False,Monday
beli aplikasi belajar,pendidikan,195000,11,False,Tuesday
bayar wifi rumah,tagihan,391000,11,False,Tuesday
pesan dim sum,makanan,76000,11,False,Wednesday
bayar deposit apartemen,tempat_tinggal,7200000,11,False,Wednesday
beli bubur pagi,makanan,32000,11,False,Thursday
beli gorengan sore,makanan,9000,11,False,Thursday
ganti oli motor,transportasi,45000,11,False,Thursday
uang muka sewa kos,tempat_tinggal,3000000,11,False,Friday
pesan grabfood,makanan,45000,11,False,Friday
langganan hbo max,hiburan,61000,11,False,Friday
beli snack kantor,makanan,50000,11,True,Saturday
beli skin game,hiburan,200000,11,True,Saturday
investasi reksa dana pasar uang,investasi,4880000,11,True,Saturday
konsultasi ke dokter umum,kesehatan,379000,11,True,Sunday
langganan spotify premium,hiburan,48000,11,True,Sunday
belanja mingguan,lainnya,225000,11,True,Sunday
bayar wifi rumah,tagihan,391000,11,True,Sunday
gaji periode ini masuk,gaji,16730000,11,False,Monday
beli obat bebas,kesehatan,175000,11,False,Monday
bonus produksi,bonus,2682000,11,False,Monday
liburan akhir pekan,hiburan,629000,11,False,Monday
beli kopi pagi,makanan,35000,11,False,Monday
naik bus transjakarta,transportasi,7000,11,False,Tuesday
makan bareng keluarga,makanan,192000,11,False,Tuesday
sarapan nasi uduk,makanan,53000,11,False,Tuesday
beli bakso pinggir jalan,makanan,50000,11,False,Tuesday
jasa pembuatan aplikasi,freelance,4981000,11,False,Tuesday
liburan akhir pekan,hiburan,1409000,12,False,Wednesday
konsultasi psikolog,kesehatan,693000,12,False,Wednesday
beli kartu krl,transportasi,52000,12,False,Wednesday
pengeluaran harian,lainnya,102000,12,False,Wednesday
thr perusahaan,bonus,13003000,12,False,Thursday
bayar ujian sertifikasi,pendidikan,186000,12,False,Friday
streaming disney,hiburan,64000,12,False,Friday
perpanjang sewa kos,tempat_tinggal,1776000,12,False,Friday
perpanjang kontrak rumah,tempat_tinggal,1986000,12,False,Friday
pengeluaran mendadak,lainnya,159000,12,True,Saturday
beli topup game,hiburan,76000,12,True,Sunday
bayar fisioterapi,kesehatan,195000,12,True,Sunday
jasa edit video,freelance,5313000,12,True,Sunday
beli alat tensi,kesehatan,145000,12,False,Monday
beli tiket konser,hiburan,716000,12,False,Monday
bayar tagihan air,tagihan,80000,12,False,Monday
bayar cicilan sewa tahunan,tempat_tinggal,2844000,12,False,Monday
langganan hbo max,hiburan,185000,12,False,Tuesday
beli es teh manis,makanan,20000,12,False,Tuesday
makan di kantin,makanan,27000,12,False,Tuesday
belanja kebutuhan dapur,lainnya,135000,12,False,Wednesday
beli es teh manis,makanan,13000,12,False,Wednesday
bayar tagihan listrik,tagihan,457000,12,False,Wednesday
bayar ujian sertifikasi,pendidikan,266000,12,False,Wednesday
bayar uang kebersihan,tempat_tinggal,59000,12,False,Thursday
bonus kinerja bagus,bonus,2492000,12,False,Thursday
bayar tagihan gas,tagihan,85000,12,False,Friday
beli sbn ritel,investasi,3766000,12,False,Friday
pesan grabfood,makanan,158000,12,True,Saturday
biaya sewa studio,tempat_tinggal,869000,12,True,Saturday
beli tiket festival,hiburan,119000,12,True,Sunday
naik travel antar kota,transportasi,69000,12,True,Sunday
bayar les matematika,pendidikan,393000,12,False,Monday
pesan shopeefood siang,makanan,77000,12,False,Monday
bayar asuransi jiwa,tagihan,815000,12,False,Monday
servis ac mobil,transportasi,399000,12,False,Monday
bayar tagihan listrik,tagihan,352000,12,False,Tuesday
keuntungan dari portofolio,investasi,1734000,12,False,Tuesday
bayar uang kebersihan,tempat_tinggal,110000,12,False,Tuesday
makan bareng keluarga,makanan,137000,12,False,Tuesday
bayar workshop desain,pendidikan,311000,12,False,Wednesday
beli buku referensi,pendidikan,214000,12,False,Wednesday
reward pencapaian target,bonus,4219000,12,False,Wednesday
bayar pulsa bulanan,tagihan,255000,12,False,Thursday
naik travel antar kota,transportasi,107000,12,False,Thursday
biaya bensin mobil,transportasi,178000,12,False,Thursday
beli minuman kekinian,makanan,74000,12,False,Thursday
top up emas antam digital,investasi,2507000,12,False,Thursday
makan malam di restoran,makanan,220000,12,False,Thursday
bayar tagihan air,tagihan,86000,12,False,Thursday
langganan netflix bulanan,hiburan,69000,12,False,Thursday
bayar tol,transportasi,42000,12,False,Thursday
bayar paket data,tagihan,165000,12,False,Thursday
perpanjang kontrak rumah,tempat_tinggal,2121000,12,False,Thursday
naik krl commuter line,transportasi,188000,12,False,Friday
iuran kebersihan lingkungan,tempat_tinggal,100000,12,True,Saturday
karaoke bareng teman,hiburan,220000,12,True,Saturday
bayar uang kebersihan,tempat_tinggal,78000,12,True,Saturday
beli snack kantor,makanan,45000,12,True,Saturday
beli tiket festival,hiburan,149000,12,True,Sunday
bayar kos minggu pertama,tempat_tinggal,1452000,12,True,Sunday
sewa ps sehari,hiburan,118000,12,True,Sunday
reward pencapaian target,bonus,1924000,12,True,Sunday
bayar uang kebersihan,tempat_tinggal,55000,12,True,Sunday
sewa kos bulanan,tempat_tinggal,827000,12,False,Monday
nonton pertandingan bola,hiburan,251000,12,False,Monday
beli perlengkapan kamar,lainnya,129000,12,False,Monday
sewa kos bulanan,tempat_tinggal,1729000,12,False,Monday
pengeluaran tak terduga,lainnya,82000,12,False,Tuesday
beli tiket pertandingan,hiburan,314000,12,False,Tuesday
keuntungan dari portofolio,investasi,3559000,12,False,Wednesday
sarapan nasi uduk,makanan,37000,12,False,Wednesday
bayar kartu kredit,tagihan,383000,12,False,Wednesday
bayar sewa apartemen,tempat_tinggal,10400000,12,False,Wednesday
main escape room,hiburan,92000,12,False,Wednesday
makan di kantin,makanan,44000,12,False,Thursday
uang muka sewa kos,tempat_tinggal,1951000,12,False,Friday
main futsal,hiburan,123000,12,False,Friday
belanja mingguan,lainnya,164000,12,False,Friday
bayar asuransi jiwa,tagihan,688000,12,True,Saturday
beli obat bebas,kesehatan,165000,12,True,Saturday
naik krl commuter line,transportasi,121000,12,True,Saturday
beli obat bebas,kesehatan,111000,12,True,Saturday
bayar parkir kantor,transportasi,18000,12,True,Sunday
beli skin game,hiburan,58000,12,True,Sunday
beli obat bebas,kesehatan,161000,12,True,Sunday
bayar sewa apartemen,tempat_tinggal,3483000,12,False,Monday
konsultasi kulit,kesehatan,291000,12,False,Monday
beli obat resep,kesehatan,289000,12,False,Monday
tes laboratorium,kesehatan,468000,12,False,Monday
transfer ke rekening tabungan,tabungan,1939000,12,False,Monday
beli roti pagi,makanan,9000,12,False,Monday
bayar tagihan rs,kesehatan,1013000,12,False,Tuesday
pesan mie ayam,makanan,134000,12,False,Tuesday
uang sewa bulan ini,tempat_tinggal,2794000,12,False,Tuesday
bayar kos bulanan,tempat_tinggal,2500000,12,False,Tuesday
gaji bulanan masuk,gaji,14805000,12,False,Wednesday
beli aksesoris rumah,lainnya,181000,12,False,Wednesday
beli emas digital,investasi,1507000,12,False,Thursday
beli snack kantor,makanan,28000,12,False,Thursday
nonton pertandingan bola,hiburan,310000,12,False,Thursday
beli voucher game,hiburan,171000,12,False,Thursday
bayar kontrakan,tempat_tinggal,3666000,12,False,Thursday
top up kartu etoll,transportasi,39000,12,False,Friday
tagihan provider bulan ini,tagihan,66000,12,False,Friday
pesan mie ayam,makanan,37000,1,True,Saturday
bayar premi asuransi,tagihan,672000,1,True,Saturday
servis rutin motor,transportasi,337000,1,True,Saturday
bayar asuransi jiwa,tagihan,232000,1,True,Saturday
fee proyek seo,freelance,6949000,1,True,Saturday
beli perlengkapan kamar,lainnya,284000,1,True,Saturday
main biliar,hiburan,173000,1,True,Sunday
bayar kos bulanan,tempat_tinggal,2313000,1,True,Sunday
slip gaji diterima,gaji,13724000,1,True,Sunday
bayar tagihan air,tagihan,91000,1,True,Sunday
beli snack kantor,makanan,45000,1,True,Sunday
pesan martabak,makanan,100000,1,True,Sunday
bayar parkir mall,transportasi,18000,1,False,Monday
simpan dana darurat,tabungan,3284000,1,False,Monday
main game online,hiburan,82000,1,False,Monday
bayar tagihan listrik,tagihan,710000,1,False,Monday
kontrol dokter spesialis,kesehatan,269000,1,False,Monday
bayar kos bulanan,tempat_tinggal,1281000,1,False,Tuesday
beli sbn ritel,investasi,7157000,1,False,Tuesday
beli buku referensi,pendidikan,128000,1,False,Tuesday
biaya sewa studio,tempat_tinggal,1380000,1,False,Wednesday
biaya keamanan komplek,tempat_tinggal,3013000,1,False,Wednesday
bayar kos bulanan,tempat_tinggal,2310000,1,False,Wednesday
biaya pengelolaan apartemen,tempat_tinggal,6983000,1,False,Wednesday
tabungan masa depan,tabungan,1996000,1,False,Thursday
sarapan di warung,makanan,144000,1,False,Thursday
bayar tagihan air,tagihan,205000,1,False,Thursday
ongkos naik ojek,transportasi,148000,1,False,Thursday
sewa kos bulanan,tempat_tinggal,2056000,1,False,Thursday
bayar premium spotify,tagihan,188000,1,False,Friday
makan malam di restoran,makanan,81000,1,False,Friday
bayaran proyek freelance,freelance,6222000,1,False,Friday
bonus performance review,bonus,2489000,1,False,Friday
belanja mingguan,lainnya,187000,1,False,Friday
bayar bpjs ketenagakerjaan,tagihan,325000,1,True,Saturday
deposit awal sewa,tempat_tinggal,10123000,1,True,Saturday
nabung rutin mingguan,tabungan,1633000,1,True,Saturday
naik krl commuter line,transportasi,157000,1,True,Saturday
bayar tagihan gas,tagihan,87000,1,True,Saturday
pengeluaran harian,lainnya,84000,1,True,Sunday
beli bubur pagi,makanan,16000,1,True,Sunday
main biliar,hiburan,196000,1,True,Sunday
bayar sewa apartemen,tempat_tinggal,3074000,1,False,Monday
ongkos naik ojek,transportasi,178000,1,False,Monday
beli cilok,makanan,158000,1,False,Monday
bayar paket data,tagihan,154000,1,False,Tuesday
keuntungan investasi saham,investasi,4869000,1,False,Tuesday
beli skin game,hiburan,195000,1,False,Tuesday
beli nasi padang,makanan,92000,1,False,Wednesday
langganan netflix bulanan,hiburan,105000,1,False,Wednesday
bayar seminar online,pendidikan,271000,1,False,Wednesday
bayar ipl apartemen,tempat_tinggal,4884000,1,False,Wednesday
bonus tahunan masuk,bonus,5192000,1,False,Wednesday
bayar parkir inap,transportasi,24000,1,False,Wednesday
bayar bpjs kesehatan,tagihan,323000,1,False,Thursday
bayar cicilan motor,tagihan,289000,1,False,Thursday
bayar tagihan gas,tagihan,106000,1,False,Friday
makan di warteg,makanan,181000,1,False,Friday
beli kopi pagi,makanan,58000,1,False,Friday
makan bareng keluarga,makanan,116000,1,True,Saturday
uang sewa bulan ini,tempat_tinggal,953000,1,True,Saturday
makan berdua di cafe,makanan,126000,1,True,Sunday
naik grab ke kantor,transportasi,16000,1,True,Sunday
bayar sewa rumah,tempat_tinggal,3743000,1,True,Sunday
perpanjang sewa kos,tempat_tinggal,986000,1,True,Sunday
bayar tagihan phone,tagihan,154000,1,True,Sunday
makan bareng keluarga,makanan,287000,1,False,Monday
pesan nasi goreng online,makanan,49000,1,False,Monday
uang sewa bulan ini,tempat_tinggal,2001000,1,False,Tuesday
thr perusahaan,bonus,3799000,1,False,Tuesday
makan di warung padang,makanan,77000,1,False,Tuesday
main futsal,hiburan,146000,1,False,Tuesday
deposit awal sewa,tempat_tinggal,3312000,1,False,Tuesday
beli tiket kereta,transportasi,342000,1,False,Wednesday
piknik di taman,hiburan,189000,1,False,Wednesday
transfer payroll kantor,gaji,14463000,1,False,Wednesday
beli alat tulis,pendidikan,60000,1,False,Thursday
naik travel antar kota,transportasi,69000,1,False,Thursday
bayar uang kebersihan,tempat_tinggal,105000,1,False,Thursday
pesan mie ayam,makanan,106000,1,False,Thursday
naik taksi online,transportasi,112000,1,False,Thursday
bayar tagihan gas,tagihan,58000,1,False,Thursday
ganti oli motor,transportasi,121000,1,False,Friday
beli perlengkapan ibadah,lainnya,124000,1,False,Friday
pesan ayam geprek,makanan,26000,1,False,Friday
beli roti pagi,makanan,24000,1,False,Friday
isi saldo emoney,transportasi,65000,1,True,Saturday
sarapan nasi uduk,makanan,45000,1,True,Saturday
bayar bpjs kesehatan,tagihan,676000,1,True,Saturday
makan bareng keluarga,makanan,174000,1,True,Saturday
makan di mcdonald,makanan,66000,1,True,Saturday
transfer gaji dari hrd,gaji,23795000,1,True,Saturday
bayar parkir inap,transportasi,13000,1,True,Sunday
pesan grabfood,makanan,158000,1,False,Monday
iuran rt bulanan,tempat_tinggal,179000,1,False,Monday
bayar sewa rumah,tempat_tinggal,3088000,1,False,Monday
langganan hbo max,hiburan,200000,1,False,Tuesday
pembayaran upah bulanan,gaji,9003000,1,False,Tuesday
makan di kfc,makanan,85000,1,False,Tuesday
belanja kebutuhan dapur,lainnya,189000,1,False,Tuesday
bayar kontrakan,tempat_tinggal,4410000,1,False,Tuesday
belanja kebutuhan dapur,lainnya,314000,1,False,Tuesday
beli kopi pagi,makanan,40000,1,False,Tuesday
pembayaran gaji karyawan,gaji,8487000,1,False,Wednesday
transfer ke rekening tabungan,tabungan,2120000,1,False,Wednesday
ongkos naik ojek,transportasi,78000,1,False,Wednesday
beli topup game,hiburan,273000,1,False,Wednesday
makan di kantin,makanan,37000,1,False,Wednesday
liburan akhir pekan,hiburan,848000,1,False,Wednesday
sarapan di warung,makanan,121000,1,False,Wednesday
belanja kebutuhan bulanan,lainnya,108000,1,False,Thursday
tagihan provider bulan ini,tagihan,85000,1,False,Thursday
thr perusahaan,bonus,15868000,1,False,Thursday
naik ojek online,transportasi,74000,1,False,Thursday
beli vitamin dan suplemen,kesehatan,137000,1,False,Friday
sewa kos bulanan,tempat_tinggal,2343000,1,False,Friday
iuran rt bulanan,tempat_tinggal,142000,1,False,Friday
makan di mcdonald,makanan,110000,1,True,Sunday
beli deterjen,lainnya,238000,1,True,Sunday
konsultasi gigi,kesehatan,277000,1,False,Monday
beli tiket kereta,transportasi,180000,1,False,Monday
bayar deposit apartemen,tempat_tinggal,7980000,1,False,Monday
belanja online,lainnya,162000,1,False,Monday
pesan shopeefood siang,makanan,74000,1,False,Monday
bayar premi asuransi,tagihan,884000,2,False,Tuesday
pengeluaran harian,lainnya,199000,2,False,Tuesday
servis rutin motor,transportasi,539000,2,False,Wednesday
beli perlengkapan kamar,lainnya,299000,2,False,Wednesday
bayar seminar online,pendidikan,219000,2,False,Wednesday
bayar cicilan sewa tahunan,tempat_tinggal,4018000,2,False,Wednesday
naik krl commuter line,transportasi,105000,2,False,Wednesday
transfer gaji dari hrd,gaji,13445000,2,False,Wednesday
konsultasi psikolog,kesehatan,630000,2,False,Wednesday
iuran rt bulanan,tempat_tinggal,129000,2,False,Wednesday
makan malam di restoran,makanan,163000,2,False,Thursday
beli jajanan pasar,makanan,133000,2,False,Thursday
naik angkot ke pasar,transportasi,8000,2,False,Thursday
bayar asuransi jiwa,tagihan,372000,2,False,Thursday
sewa kos bulanan,tempat_tinggal,1037000,2,False,Friday
bayar parkir kantor,transportasi,10000,2,False,Friday
insentif bulanan,bonus,6300000,2,True,Saturday
keuntungan dari portofolio,investasi,2239000,2,True,Sunday
beli nasi padang,makanan,87000,2,True,Sunday
uang sewa bulan ini,tempat_tinggal,2256000,2,True,Sunday
bayar kartu kredit,tagihan,359000,2,False,Monday
gaji bulanan masuk,gaji,15897000,2,False,Monday
naik gojek pulang,transportasi,53000,2,False,Monday
bayar parkir mall,transportasi,13000,2,False,Tuesday
main escape room,hiburan,178000,2,False,Wednesday
bayar deposit apartemen,tempat_tinggal,5878000,2,False,Wednesday
pesan ayam geprek,makanan,34000,2,False,Wednesday
bayar bpjs ketenagakerjaan,tagihan,499000,2,False,Wednesday
nonton bioskop bareng,hiburan,128000,2,False,Thursday
naik gojek pulang,transportasi,43000,2,False,Thursday
bayar sewa rumah,tempat_tinggal,4226000,2,False,Friday
belanja kebutuhan bulanan,lainnya,295000,2,False,Friday
beli laptop pelajar,pendidikan,8890000,2,True,Saturday
naik grab ke kantor,transportasi,16000,2,True,Sunday
bayar sewa rumah,tempat_tinggal,4204000,2,True,Sunday
ongkos naik ojek,transportasi,91000,2,True,Sunday
keperluan rumah tangga,lainnya,150000,2,False,Monday
bayar ukt semester,pendidikan,438000,2,False,Tuesday
beli cilok,makanan,135000,2,False,Wednesday
uang muka sewa kos,tempat_tinggal,1747000,2,False,Thursday
bayar ipl apartemen,tempat_tinggal,5643000,2,False,Thursday
naik taksi online,transportasi,210000,2,False,Thursday
jasa pengelolaan media sosial,freelance,5656000,2,False,Thursday
bayar fisioterapi,kesehatan,420000,2,False,Thursday
naik gojek pulang,transportasi,34000,2,False,Friday
makan di kantin,makanan,13000,2,False,Friday
bayar deposit apartemen,tempat_tinggal,6741000,2,False,Friday
ongkos naik ojek,transportasi,125000,2,True,Saturday
setor tunai ke tabungan,tabungan,2674000,2,True,Sunday
top up kartu etoll,transportasi,67000,2,True,Sunday
naik angkot ke pasar,transportasi,8000,2,False,Monday
uang sewa bulan ini,tempat_tinggal,1467000,2,False,Monday
beli kopi pagi,makanan,43000,2,False,Monday
bayar wifi rumah,tagihan,205000,2,False,Monday
bayar les privat,pendidikan,252000,2,False,Monday
pesan pizza online,makanan,140000,2,False,Monday
top up kartu etoll,transportasi,80000,2,False,Tuesday
beli peralatan kebersihan,lainnya,197000,2,False,Tuesday
beli deterjen,lainnya,115000,2,False,Tuesday
reward pencapaian target,bonus,3450000,2,False,Tuesday
bayar tagihan rs,kesehatan,2144000,2,False,Wednesday
beli jajanan pasar,makanan,64000,2,False,Wednesday
pesan burger online,makanan,78000,2,False,Wednesday
bayar parkir inap,transportasi,17000,2,False,Thursday
makan di mcdonald,makanan,57000,2,False,Friday
bayar cicilan motor,tagihan,337000,2,False,Friday
main biliar,hiburan,198000,2,False,Friday
bonus performance review,bonus,3757000,2,True,Saturday
sarapan nasi uduk,makanan,58000,2,True,Saturday
beli jajanan pasar,makanan,73000,2,True,Saturday
servis rutin motor,transportasi,633000,2,True,Saturday
top up kartu etoll,transportasi,48000,2,True,Saturday
simpan untuk keperluan mendesak,tabungan,3308000,2,True,Sunday
main game online,hiburan,101000,2,True,Sunday
bayar bpjs ketenagakerjaan,tagihan,347000,2,True,Sunday
bayar kursus coding,pendidikan,1384000,2,True,Sunday
makan malam di restoran,makanan,82000,2,True,Sunday
makan di warung padang,makanan,47000,2,True,Sunday
bayar parkir inap,transportasi,10000,2,False,Monday
transfer salary bulan ini,gaji,19008000,2,False,Monday
biaya sewa studio,tempat_tinggal,1314000,2,False,Monday
beli keperluan dapur,lainnya,284000,2,False,Monday
bayar premium spotify,tagihan,230000,2,False,Monday
langganan hbo max,hiburan,176000,2,False,Monday
bayar deposit apartemen,tempat_tinggal,8820000,3,False,Tuesday
bayar sewa apartemen,tempat_tinggal,9240000,3,False,Tuesday
bayar asuransi jiwa,tagihan,1102000,3,False,Wednesday
beli laptop pelajar,pendidikan,16380000,3,False,Wednesday
sarapan di warung,makanan,157000,3,False,Wednesday
bayar kos bulanan,tempat_tinggal,2395000,3,False,Wednesday
beli voucher game,hiburan,162000,3,False,Wednesday
bayar kursus desain,pendidikan,695000,3,False,Thursday
pesan mie ayam,makanan,59000,3,False,Thursday
bayar tagihan air,tagihan,94000,3,False,Friday
pesan grabfood,makanan,77000,3,True,Saturday
bayar deposit apartemen,tempat_tinggal,4380000,3,True,Saturday
main bowling,hiburan,298000,3,True,Saturday
iuran kebersihan lingkungan,tempat_tinggal,90000,3,True,Saturday
makan siang bareng teman,makanan,90000,3,True,Saturday
servis ac mobil,transportasi,924000,3,True,Sunday
bayar kursus coding,pendidikan,576000,3,True,Sunday
streaming disney,hiburan,79000,3,False,Monday
bayar sewa rumah,tempat_tinggal,2690000,3,False,Monday
return reksa dana obligasi,investasi,1269000,3,False,Tuesday
konsultasi psikolog,kesehatan,528000,3,False,Tuesday
main escape room,hiburan,157000,3,False,Tuesday
beli bubur pagi,makanan,48000,3,False,Wednesday
deposit awal sewa,tempat_tinggal,8108000,3,False,Wednesday
beli gorengan sore,makanan,7000,3,False,Wednesday
makan di warteg,makanan,150000,3,False,Wednesday
beli laptop pelajar,pendidikan,13230000,3,False,Thursday
pesan gofood malam,makanan,96000,3,False,Friday
bayar kursus coding,pendidikan,870000,3,False,Friday
isi bensin motor,transportasi,119000,3,False,Friday
jasa pengelolaan media sosial,freelance,4659000,3,True,Saturday
bayar tagihan rs,kesehatan,2240000,3,True,Saturday
keuntungan crypto harian,investasi,4988000,3,True,Sunday
beli suplemen daya tahan,kesehatan,420000,3,True,Sunday
naik taksi online,transportasi,97000,3,True,Sunday
naik angkot ke pasar,transportasi,8000,3,False,Monday
transfer tabungan pendidikan anak,tabungan,1689000,3,False,Monday
transfer tabungan pendidikan anak,tabungan,787000,3,False,Monday
makan di warung padang,makanan,108000,3,False,Tuesday
bayar bpjs kesehatan,tagihan,286000,3,False,Tuesday
konsultasi kulit,kesehatan,283000,3,False,Tuesday
bonus akhir tahun,bonus,1678000,3,False,Tuesday
naik ojek online,transportasi,119000,3,False,Tuesday
streaming disney,hiburan,63000,3,False,Wednesday
beli roti pagi,makanan,11000,3,False,Wednesday
belanja online,lainnya,59000,3,False,Wednesday
bayar tagihan rs,kesehatan,1254000,3,False,Wednesday
sewa kos bulanan,tempat_tinggal,2888000,3,False,Thursday
iuran kebersihan lingkungan,tempat_tinggal,105000,3,False,Thursday
bayar asuransi jiwa,tagihan,457000,3,False,Thursday
sewa kos bulanan,tempat_tinggal,1238000,3,False,Thursday
naik angkot ke pasar,transportasi,13000,3,False,Thursday
bayar ipl apartemen,tempat_tinggal,3874000,3,False,Thursday
ganti ban motor,transportasi,426000,3,False,Friday
beli kopi pagi,makanan,59000,3,True,Saturday
bayar ipl apartemen,tempat_tinggal,7560000,3,True,Saturday
langganan spotify premium,hiburan,42000,3,True,Sunday
tagihan pln bulan ini,tagihan,319000,3,True,Sunday
bayar asuransi jiwa,tagihan,386000,3,True,Sunday
main bowling,hiburan,124000,3,True,Sunday
bayar tv kabel,tagihan,251000,3,False,Monday
transfer payroll kantor,gaji,13287000,3,False,Monday
makan di resto jepang,makanan,137000,3,False,Monday
naik travel antar kota,transportasi,82000,3,False,Monday
iuran kebersihan lingkungan,tempat_tinggal,105000,3,False,Monday
beli cilok,makanan,74000,3,False,Monday
deposit awal sewa,tempat_tinggal,7496000,3,False,Tuesday
tes laboratorium,kesehatan,214000,3,False,Tuesday
top up kartu etoll,transportasi,23000,3,False,Tuesday
bayar bpjs ketenagakerjaan,tagihan,411000,3,False,Tuesday
bayar bpjs ketenagakerjaan,tagihan,426000,3,False,Tuesday
ongkos naik ojek,transportasi,91000,3,False,Tuesday
makan berdua di cafe,makanan,107000,3,False,Tuesday
bayar asuransi jiwa,tagihan,710000,3,False,Tuesday
naik krl commuter line,transportasi,58000,3,False,Wednesday
bayar sewa rumah,tempat_tinggal,3038000,3,False,Thursday
pesan grabfood,makanan,113000,3,False,Thursday
bayar cicilan hp,tagihan,175000,3,False,Thursday
biaya pengelolaan apartemen,tempat_tinggal,7085000,3,False,Thursday
makan berdua di cafe,makanan,50000,3,False,Thursday
top up kartu etoll,transportasi,61000,3,False,Thursday
bayaran proyek freelance,freelance,4798000,3,False,Friday
beli bakso pinggir jalan,makanan,43000,3,False,Friday
bayar seminar online,pendidikan,502000,3,False,Friday
beli roti pagi,makanan,15000,3,False,Friday
biaya sewa studio,tempat_tinggal,987000,3,False,Friday
bayar premi asuransi,tagihan,751000,3,False,Friday
pesan burger online,makanan,123000,3,True,Saturday
bayar parkir inap,transportasi,13000,3,True,Saturday
belanja kebutuhan bulanan,lainnya,189000,3,True,Saturday
keuntungan dari portofolio,investasi,2861000,3,True,Sunday
main bowling,hiburan,251000,3,True,Sunday
tagihan pln bulan ini,tagihan,403000,3,True,Sunday
beli saham blue chip,investasi,4578000,3,True,Sunday
bayar tagihan gas,tagihan,64000,3,False,Monday
makan di warteg,makanan,90000,3,False,Monday
beli tiket pertandingan,hiburan,226000,3,False,Monday
bayar kos minggu pertama,tempat_tinggal,682000,3,False,Monday
beli skin game,hiburan,148000,3,False,Monday
top up reksa dana campuran,investasi,3652000,3,False,Monday
beli jajanan pasar,makanan,34000,3,False,Monday
bayar premi asuransi,tagihan,386000,3,False,Monday
sarapan di warung,makanan,105000,3,False,Tuesday
beli gorengan sore,makanan,15000,3,False,Tuesday
makan di resto jepang,makanan,92000,3,False,Tuesday
makan di warteg,makanan,84000,3,False,Wednesday
beli minuman kekinian,makanan,81000,3,False,Wednesday
gaji plus tunjangan,gaji,28875000,3,False,Wednesday
biaya bensin mobil,transportasi,128000,3,False,Wednesday
menabung rutin bulanan,tabungan,1159000,3,False,Wednesday
sarapan di warung,makanan,68000,3,False,Wednesday
makan di kantin,makanan,18000,3,False,Wednesday
makan di warung padang,makanan,100000,3,False,Thursday
bayar kontrakan,tempat_tinggal,3780000,4,False,Friday
bayaran proyek freelance,freelance,6153000,4,False,Friday
bayar tagihan phone,tagihan,248000,4,True,Saturday
gaji periode ini masuk,gaji,10745000,4,True,Sunday
makan di resto jepang,makanan,44000,4,True,Sunday
beli tiket festival,hiburan,222000,4,True,Sunday
main futsal,hiburan,153000,4,False,Monday
naik angkot ke pasar,transportasi,8000,4,False,Monday
penerimaan upah kerja,gaji,25200000,4,False,Tuesday
bayar sewa apartemen,tempat_tinggal,5621000,4,False,Tuesday
bayar kos minggu pertama,tempat_tinggal,1049000,4,False,Tuesday
biaya sewa studio,tempat_tinggal,1496000,4,False,Tuesday
naik travel antar kota,transportasi,204000,4,False,Tuesday
beli voucher game,hiburan,118000,4,False,Tuesday
main bowling,hiburan,107000,4,False,Wednesday
jasa produksi podcast,freelance,7811000,4,False,Wednesday
perpanjang kontrak rumah,tempat_tinggal,2482000,4,False,Wednesday
pengeluaran harian,lainnya,346000,4,False,Wednesday
makan berdua di cafe,makanan,133000,4,False,Wednesday
langganan netflix bulanan,hiburan,116000,4,False,Thursday
pesan burger online,makanan,159000,4,False,Thursday
pesan shopeefood siang,makanan,98000,4,False,Thursday
beli aksesoris rumah,lainnya,236000,4,False,Thursday
bayar kontrakan,tempat_tinggal,3027000,4,False,Thursday
ganti ban motor,transportasi,269000,4,False,Friday
bayar tv kabel,tagihan,234000,4,False,Friday
bayar tol,transportasi,91000,4,False,Friday
bayar asuransi jiwa,tagihan,657000,4,False,Friday
main escape room,hiburan,177000,4,False,Friday
menabung untuk beli rumah,tabungan,1505000,4,True,Saturday
bayar kos minggu pertama,tempat_tinggal,1866000,4,True,Saturday
deposit awal sewa,tempat_tinggal,10500000,4,True,Saturday
pengeluaran harian,lainnya,110000,4,True,Sunday
bayar cek mata,kesehatan,321000,4,True,Sunday
penerimaan gaji pokok,gaji,25200000,4,True,Sunday
makan di kantin,makanan,24000,4,False,Monday
beli obat bebas,kesehatan,201000,4,False,Monday
makan di warung padang,makanan,51000,4,False,Monday
isi saldo emoney,transportasi,141000,4,False,Monday
bayar mcu tahunan,kesehatan,348000,4,False,Monday
pesan ayam geprek,makanan,42000,4,False,Tuesday
bayar tagihan phone,tagihan,441000,4,False,Tuesday
bayar wifi rumah,tagihan,682000,4,False,Tuesday
tagihan pln bulan ini,tagihan,364000,4,False,Wednesday
naik grab ke kantor,transportasi,36000,4,False,Wednesday
transfer gaji dari hrd,gaji,12399000,4,False,Thursday
pesan shopeefood siang,makanan,75000,4,False,Thursday
pesan nasi goreng online,makanan,37000,4,False,Thursday
pengeluaran mendadak,lainnya,142000,4,False,Thursday
pesan grabfood,makanan,102000,4,False,Thursday
ongkos naik ojek,transportasi,173000,4,False,Thursday
langganan hbo max,hiburan,110000,4,False,Thursday
keuntungan dari portofolio,investasi,4647000,4,False,Thursday
bayar sewa rumah,tempat_tinggal,5250000,4,False,Thursday
tagihan pln bulan ini,tagihan,331000,4,False,Friday
bayar tagihan rs,kesehatan,517000,4,False,Friday
gaji periode ini masuk,gaji,10416000,4,False,Friday
bayar tagihan air,tagihan,150000,4,False,Friday
beli sbn ritel,investasi,5436000,4,False,Friday
bayar deposit apartemen,tempat_tinggal,4576000,4,True,Saturday
naik travel antar kota,transportasi,84000,4,True,Saturday
beli es teh manis,makanan,24000,4,True,Saturday
naik mrt jakarta,transportasi,147000,4,True,Saturday
beli kopi pagi,makanan,32000,4,True,Saturday
beli minuman kekinian,makanan,79000,4,True,Saturday
thr perusahaan,bonus,9920000,4,True,Sunday
pembayaran gaji karyawan,gaji,8349000,4,True,Sunday
biaya keamanan komplek,tempat_tinggal,4620000,4,True,Sunday
beli snack kantor,makanan,29000,4,True,Sunday
beli cilok,makanan,183000,4,True,Sunday
beli kopi pagi,makanan,63000,4,False,Monday
reward pencapaian target,bonus,5166000,4,False,Monday
bayar kursus coding,pendidikan,692000,4,False,Monday
beli saham teknologi,investasi,6232000,4,False,Tuesday
makan di kantin,makanan,32000,4,False,Tuesday
beli nasi padang,makanan,60000,4,False,Wednesday
beli kartu krl,transportasi,147000,4,False,Wednesday
bayar deposit apartemen,tempat_tinggal,3604000,4,False,Wednesday
simpan dana darurat,tabungan,6037000,4,False,Wednesday
uang muka sewa kos,tempat_tinggal,1700000,4,False,Thursday
insentif penjualan,bonus,3755000,4,False,Thursday
insentif bulanan,bonus,3557000,4,False,Thursday
bayar seminar online,pendidikan,284000,4,False,Thursday
makan soto ayam,makanan,110000,4,False,Thursday
beli bubur pagi,makanan,20000,4,False,Friday
bonus proyek selesai,bonus,4910000,4,False,Friday
makan berdua di cafe,makanan,48000,4,False,Friday
bayar kontrakan,tempat_tinggal,2899000,4,False,Friday
bayar deposit apartemen,tempat_tinggal,8820000,4,False,Friday
beli vitamin dan suplemen,kesehatan,128000,4,False,Friday
langganan youtube premium,hiburan,126000,4,True,Saturday
pesan martabak,makanan,101000,4,True,Saturday
fee jasa copywriting,freelance,5520000,4,True,Saturday
pesan gofood malam,makanan,79000,4,True,Saturday
tagihan pln bulan ini,tagihan,386000,4,True,Sunday
beli snack kantor,makanan,45000,4,True,Sunday
beli tiket kereta,transportasi,450000,4,True,Sunday
konsultasi kulit,kesehatan,523000,4,True,Sunday
beli perlengkapan kamar,lainnya,168000,4,True,Sunday
naik gojek pulang,transportasi,36000,4,True,Sunday
bayar tv kabel,tagihan,682000,4,True,Sunday
pesan pizza online,makanan,105000,4,False,Monday
pesan burger online,makanan,62000,4,False,Monday
konsultasi ke dokter umum,kesehatan,495000,4,False,Monday
sarapan nasi uduk,makanan,83000,4,False,Tuesday
bayar bpjs ketenagakerjaan,tagihan,127000,4,False,Tuesday
langganan hbo max,hiburan,192000,4,False,Wednesday
beli topup game,hiburan,91000,4,False,Wednesday
bayaran proyek desain ui,freelance,2684000,4,False,Thursday
pesan burger online,makanan,99000,4,False,Thursday
makan di warung padang,makanan,93000,4,False,Thursday
beli buku impor,pendidikan,268000,4,False,Thursday
bayaran proyek desain ui,freelance,3039000,4,False,Thursday
proyek desain presentasi,freelance,3075000,4,False,Thursday
bayar asuransi jiwa,tagihan,625000,4,False,Thursday
beli minuman kekinian,makanan,105000,4,False,Thursday
perpanjang kontrak rumah,tempat_tinggal,3928000,4,False,Friday
makan soto ayam,makanan,66000,4,False,Friday
iuran rt bulanan,tempat_tinggal,158000,4,False,Friday
beli aplikasi belajar,pendidikan,70000,4,True,Saturday
belanja mingguan,lainnya,220000,4,True,Saturday
beli roti pagi,makanan,18000,4,True,Saturday
pengeluaran mendadak,lainnya,410000,4,True,Saturday
beli hadiah teman,lainnya,154000,5,True,Sunday
beli kamus,pendidikan,301000,5,True,Sunday
deposit awal sewa,tempat_tinggal,5939000,5,True,Sunday
sewa kos bulanan,tempat_tinggal,1535000,5,True,Sunday
beli masker kesehatan,kesehatan,398000,5,False,Monday
bayar cicilan hp,tagihan,166000,5,False,Monday
main biliar,hiburan,148000,5,False,Tuesday
bayar les privat,pendidikan,179000,5,False,Tuesday
perpanjang sewa kos,tempat_tinggal,2073000,5,False,Tuesday
langganan netflix bulanan,hiburan,195000,5,False,Wednesday
makan di kfc,makanan,55000,5,False,Wednesday
beli kartu krl,transportasi,96000,5,False,Wednesday
tagihan provider bulan ini,tagihan,162000,5,False,Thursday
bayar bpjs kesehatan,tagihan,506000,5,False,Thursday
gaji pokok bulanan,gaji,10833000,5,False,Friday
beli saham teknologi,investasi,6416000,5,False,Friday
main game online,hiburan,150000,5,False,Friday
konsultasi gigi,kesehatan,423000,5,False,Friday
bayar kontrakan,tempat_tinggal,3681000,5,True,Saturday
pesan pizza online,makanan,157000,5,True,Saturday
beli jajanan pasar,makanan,31000,5,True,Saturday
pesan burger online,makanan,114000,5,True,Sunday
deposit awal sewa,tempat_tinggal,4850000,5,True,Sunday
bayar tagihan air,tagihan,50000,5,False,Monday
naik taksi online,transportasi,125000,5,False,Monday
beli tiket konser,hiburan,1050000,5,False,Tuesday
beli bubur pagi,makanan,21000,5,False,Tuesday
menabung untuk beli rumah,tabungan,2421000,5,False,Tuesday
beli kartu krl,transportasi,205000,5,False,Wednesday
beli nasi padang,makanan,132000,5,False,Wednesday
bayar kursus coding,pendidikan,1418000,5,False,Wednesday
sarapan di warung,makanan,128000,5,False,Wednesday
bayar ipl apartemen,tempat_tinggal,5681000,5,False,Wednesday
makan di resto jepang,makanan,46000,5,False,Thursday
beli obat bebas,kesehatan,183000,5,False,Friday
ganti oli motor,transportasi,94000,5,False,Friday
beli tiket festival,hiburan,315000,5,True,Saturday
belanja kebutuhan dapur,lainnya,204000,5,True,Saturday
makan di kantin,makanan,27000,5,True,Sunday
beli bubur pagi,makanan,31000,5,True,Sunday
isi bensin motor,transportasi,168000,5,False,Monday
tagihan pln bulan ini,tagihan,525000,5,False,Monday
main game online,hiburan,84000,5,False,Monday
biaya keamanan komplek,tempat_tinggal,2724000,5,False,Monday
bayar sewa rumah,tempat_tinggal,2789000,5,False,Tuesday
bayar sewa rumah,tempat_tinggal,1912000,5,False,Tuesday
pesan gofood malam,makanan,66000,5,False,Tuesday
bayar deposit apartemen,tempat_tinggal,6207000,5,False,Tuesday
servis ac mobil,transportasi,504000,5,False,Wednesday
beli snack kantor,makanan,25000,5,False,Wednesday
perpanjang kontrak rumah,tempat_tinggal,1944000,5,False,Wednesday
biaya bensin mobil,transportasi,178000,5,False,Wednesday
main biliar,hiburan,95000,5,False,Wednesday
bayar kos bulanan,tempat_tinggal,2348000,5,False,Thursday
bayar tagihan rs,kesehatan,1498000,5,False,Thursday
beli nasi padang,makanan,53000,5,False,Thursday
pesan grabfood,makanan,73000,5,False,Thursday
uang muka sewa kos,tempat_tinggal,1166000,5,False,Thursday
gaji plus lembur,gaji,13690000,5,False,Friday
bayar tagihan air,tagihan,158000,5,False,Friday
beli cilok,makanan,41000,5,False,Friday
beli perlengkapan ibadah,lainnya,176000,5,False,Friday
pengeluaran tak terduga,lainnya,189000,5,False,Friday
insentif bulanan,bonus,3399000,5,False,Friday
tabungan masa depan,tabungan,1738000,5,True,Saturday
ganti oli motor,transportasi,107000,5,True,Saturday
bayar paket data,tagihan,108000,5,True,Sunday
investasi reksa dana pasar uang,investasi,2142000,5,True,Sunday
bayar sewa apartemen,tempat_tinggal,9689000,5,True,Sunday
bayar cicilan sewa tahunan,tempat_tinggal,2414000,5,False,Monday
beli perlengkapan ibadah,lainnya,346000,5,False,Monday
bayar workshop desain,pendidikan,296000,5,False,Monday
bayar tagihan gas,tagihan,64000,5,False,Tuesday
makan di warteg,makanan,47000,5,False,Tuesday
makan malam di restoran,makanan,64000,5,False,Tuesday
bayar cicilan motor,tagihan,146000,5,False,Tuesday
main biliar,hiburan,183000,5,False,Tuesday
simpan untuk keperluan mendesak,tabungan,2677000,5,False,Wednesday
isi bensin motor,transportasi,107000,5,False,Wednesday
makan di resto jepang,makanan,112000,5,False,Wednesday
makan di food court,makanan,79000,5,False,Friday
beli tiket bus,transportasi,15000,5,False,Friday
beli perlengkapan kamar,lainnya,346000,5,True,Saturday
langganan spotify premium,hiburan,66000,5,True,Saturday
makan di mcdonald,makanan,74000,5,True,Sunday
makan siang bareng teman,makanan,58000,5,True,Sunday
uang sewa bulan ini,tempat_tinggal,1066000,5,False,Monday
transfer gaji dari hrd,gaji,10868000,5,False,Tuesday
makan di food court,makanan,80000,5,False,Tuesday
top up tabungan emas,investasi,1097000,5,False,Tuesday
sarapan nasi uduk,makanan,82000,6,False,Wednesday
naik gojek pulang,transportasi,39000,6,False,Wednesday
reward pencapaian target,bonus,2903000,6,False,Wednesday
bayar kontrakan,tempat_tinggal,2226000,6,False,Wednesday
ganti ban motor,transportasi,438000,6,False,Wednesday
iuran rt bulanan,tempat_tinggal,138000,6,False,Thursday
makan di warteg,makanan,56000,6,False,Thursday
bayar imunisasi,kesehatan,472000,6,False,Thursday
bayar bootcamp,pendidikan,361000,6,False,Friday
makan di resto jepang,makanan,87000,6,False,Friday
simpan untuk keperluan mendesak,tabungan,2119000,6,False,Friday
bayar uang kebersihan,tempat_tinggal,75000,6,False,Friday
isi bensin motor,transportasi,269000,6,False,Friday
pesan nasi goreng online,makanan,50000,6,False,Friday
beli obat anak,kesehatan,138000,6,False,Friday
pesan gofood malam,makanan,92000,6,True,Saturday
perpanjang paket internet,tagihan,164000,6,True,Saturday
belanja online,lainnya,175000,6,True,Saturday
bayar parkir mall,transportasi,19000,6,True,Saturday
beli nasi padang,makanan,88000,6,True,Sunday
belanja online,lainnya,160000,6,True,Sunday
bayar tagihan rs,kesehatan,597000,6,True,Sunday
iuran rt bulanan,tempat_tinggal,80000,6,False,Monday
makan di food court,makanan,99000,6,False,Monday
iuran kebersihan lingkungan,tempat_tinggal,65000,6,False,Monday
nonton konser online,hiburan,397000,6,False,Tuesday
beli suplemen daya tahan,kesehatan,431000,6,False,Tuesday
bayar fisioterapi,kesehatan,184000,6,False,Tuesday
bayar tagihan air,tagihan,139000,6,False,Tuesday
konsultasi ke dokter umum,kesehatan,325000,6,False,Tuesday
beli gorengan sore,makanan,8000,6,False,Wednesday
tagihan provider bulan ini,tagihan,210000,6,False,Wednesday
tagihan pln bulan ini,tagihan,197000,6,False,Thursday
beli bakso pinggir jalan,makanan,113000,6,False,Thursday
bayar tagihan gas,tagihan,127000,6,False,Thursday
main escape room,hiburan,132000,6,False,Friday
servis ac mobil,transportasi,924000,6,False,Friday
biaya pengelolaan apartemen,tempat_tinggal,4513000,6,False,Friday
beli perlengkapan kamar,lainnya,207000,6,False,Friday
bayar ukt semester,pendidikan,385000,6,True,Saturday
beli roti pagi,makanan,16000,6,True,Saturday
bayar kursus online,pendidikan,1198000,6,True,Saturday
bayar paket data,tagihan,156000,6,True,Sunday
makan soto ayam,makanan,56000,6,True,Sunday
langganan netflix bulanan,hiburan,234000,6,True,Sunday
beli voucher game,hiburan,61000,6,False,Monday
beli deterjen,lainnya,254000,6,False,Monday
insentif penjualan,bonus,5438000,6,False,Tuesday
beli minuman kekinian,makanan,53000,6,False,Tuesday
deposit awal sewa,tempat_tinggal,5613000,6,False,Tuesday
beli es teh manis,makanan,11000,6,False,Tuesday
bonus triwulan,bonus,2517000,6,False,Wednesday
thr perusahaan,bonus,8285000,6,False,Wednesday
perpanjang kontrak rumah,tempat_tinggal,6060000,6,False,Wednesday
bayar kartu kredit,tagihan,634000,6,False,Thursday
bayar wifi rumah,tagihan,479000,6,False,Thursday
top up kartu etoll,transportasi,41000,6,False,Thursday
beli skin game,hiburan,104000,6,False,Friday
makan soto ayam,makanan,44000,6,False,Friday
naik bus transjakarta,transportasi,13000,6,False,Friday
bayar bpjs ketenagakerjaan,tagihan,425000,6,True,Saturday
nonton konser online,hiburan,1050000,6,True,Sunday
sarapan di warung,makanan,56000,6,True,Sunday
beli peralatan sekolah,pendidikan,152000,6,False,Monday
beli jajanan pasar,makanan,86000,6,False,Monday
iuran kebersihan lingkungan,tempat_tinggal,76000,6,False,Monday
bayar bpjs ketenagakerjaan,tagihan,219000,6,False,Tuesday
naik taksi online,transportasi,153000,6,False,Tuesday
beli hadiah teman,lainnya,167000,6,False,Tuesday
beli topup game,hiburan,112000,6,False,Tuesday
bayar kos minggu pertama,tempat_tinggal,2156000,6,False,Wednesday
pesan nasi goreng online,makanan,33000,6,False,Wednesday
pesan ayam geprek,makanan,22000,6,False,Wednesday
beli modul belajar,pendidikan,263000,6,False,Thursday
beli tiket pertandingan,hiburan,279000,6,False,Thursday
beli tiket bus,transportasi,14000,6,False,Thursday
beli keperluan dapur,lainnya,136000,6,False,Friday
makan di kantin,makanan,42000,6,False,Friday
ganti ban motor,transportasi,513000,6,False,Friday
investasi pp lending,investasi,2498000,6,False,Friday
naik grab ke kantor,transportasi,42000,6,False,Friday
bayar langganan icloud,tagihan,28000,6,False,Friday
bayaran proyek freelance,freelance,10375000,6,False,Friday
makan di mcdonald,makanan,110000,6,True,Saturday
beli tiket kereta,transportasi,304000,6,True,Saturday
naik gojek pulang,transportasi,35000,6,True,Sunday
konsultasi psikolog,kesehatan,213000,6,True,Sunday
langganan spotify premium,hiburan,32000,6,True,Sunday
beli aksesoris rumah,lainnya,99000,6,True,Sunday
beli alat tulis,pendidikan,64000,6,False,Tuesday
beli ori pemerintah,investasi,5775000,6,False,Tuesday
biaya keamanan komplek,tempat_tinggal,5040000,6,False,Tuesday
konsultasi gigi,kesehatan,373000,6,False,Tuesday
bayar paket data,tagihan,110000,6,False,Wednesday
keuntungan investasi saham,investasi,3354000,6,False,Thursday
jasa produksi podcast,freelance,4352000,6,False,Thursday
gaji pokok bulanan,gaji,8811000,6,False,Thursday
bayar langganan icloud,tagihan,27000,7,False,Friday
naik gojek pulang,transportasi,26000,7,False,Friday
bayar tagihan gas,tagihan,74000,7,False,Friday
setor tunai ke tabungan,tabungan,913000,7,False,Friday
main futsal,hiburan,186000,7,True,Saturday
bayar tol,transportasi,36000,7,True,Saturday
setor tunai ke tabungan,tabungan,1756000,7,True,Sunday
beli tiket kereta,transportasi,525000,7,False,Monday
naik taksi online,transportasi,82000,7,False,Monday
beli kebutuhan pribadi,lainnya,61000,7,False,Monday
bayar kursus online,pendidikan,773000,7,False,Tuesday
naik grab ke kantor,transportasi,49000,7,False,Tuesday
beli es teh manis,makanan,21000,7,False,Tuesday
iuran rt bulanan,tempat_tinggal,61000,7,False,Tuesday
beli kamus,pendidikan,423000,7,False,Tuesday
pesan pizza online,makanan,87000,7,False,Tuesday
bayar tagihan listrik,tagihan,458000,7,False,Tuesday
penerimaan gaji pokok,gaji,27300000,7,False,Tuesday
pesan burger online,makanan,62000,7,False,Tuesday
bonus akhir tahun,bonus,3036000,7,False,Wednesday
bayar sewa rumah,tempat_tinggal,4115000,7,False,Wednesday
naik grab ke kantor,transportasi,47000,7,False,Wednesday
karaoke bareng teman,hiburan,273000,7,False,Wednesday
makan di kantin,makanan,28000,7,False,Wednesday
makan di kantin,makanan,23000,7,False,Thursday
pesan nasi goreng online,makanan,38000,7,False,Thursday
naik angkot ke pasar,transportasi,11000,7,False,Friday
proyek website klien,freelance,10771000,7,False,Friday
uang sewa bulan ini,tempat_tinggal,2391000,7,False,Friday
bayar tagihan air,tagihan,110000,7,True,Saturday
menabung untuk beli rumah,tabungan,1907000,7,True,Saturday
beli sbn ritel,investasi,8155000,7,True,Saturday
belanja online,lainnya,165000,7,True,Saturday
biaya bensin mobil,transportasi,108000,7,True,Saturday
makan di warteg,makanan,136000,7,True,Saturday
bonus ekstra dari kantor,bonus,2010000,7,True,Saturday
simpan dana darurat,tabungan,2334000,7,True,Sunday
beli cilok,makanan,68000,7,True,Sunday
belanja online,lainnya,378000,7,False,Monday
beli es teh manis,makanan,7000,7,False,Monday
transfer gaji dari hrd,gaji,21000000,7,False,Monday
perpanjang sewa kos,tempat_tinggal,2883000,7,False,Monday
gaji diterima bulan ini,gaji,13203000,7,False,Monday
naik krl commuter line,transportasi,116000,7,False,Tuesday
keperluan rumah tangga,lainnya,188000,7,False,Tuesday
beli bakso pinggir jalan,makanan,117000,7,False,Tuesday
beli tiket pertandingan,hiburan,392000,7,False,Tuesday
beli cilok,makanan,103000,7,False,Tuesday
isi saldo emoney,transportasi,112000,7,False,Tuesday
bayar uang kebersihan,tempat_tinggal,69000,7,False,Tuesday
makan malam di restoran,makanan,136000,7,False,Tuesday
perpanjang sewa kos,tempat_tinggal,1384000,7,False,Wednesday
tabungan masa depan,tabungan,2908000,7,False,Wednesday
pesan burger online,makanan,110000,7,False,Wednesday
pesan mie ayam,makanan,32000,7,False,Wednesday
bayar tagihan phone,tagihan,488000,7,False,Wednesday
bayar deposit apartemen,tempat_tinggal,5675000,7,False,Friday
main escape room,hiburan,189000,7,False,Friday
beli tiket pertandingan,hiburan,235000,7,False,Friday
servis rutin motor,transportasi,782000,7,True,Saturday
naik krl commuter line,transportasi,165000,7,True,Saturday
beli saham blue chip,investasi,3892000,7,True,Sunday
bayar tagihan rs,kesehatan,1563000,7,True,Sunday
beli buku impor,pendidikan,125000,7,False,Monday
naik gojek pulang,transportasi,18000,7,False,Monday
belanja mingguan,lainnya,124000,7,False,Tuesday
transfer payroll kantor,gaji,17049000,7,False,Tuesday
makan bareng keluarga,makanan,338000,7,False,Tuesday
langganan hbo max,hiburan,201000,7,False,Tuesday
iuran rt bulanan,tempat_tinggal,154000,7,False,Tuesday
bayar pulsa bulanan,tagihan,355000,7,False,Tuesday
proyek desain presentasi,freelance,2153000,7,False,Tuesday
sewa buku di perpus,hiburan,185000,7,False,Tuesday
bayar deposit apartemen,tempat_tinggal,7231000,7,False,Tuesday
naik bus transjakarta,transportasi,28000,7,False,Wednesday
streaming disney,hiburan,126000,7,False,Wednesday
simpan dana darurat,tabungan,3642000,7,False,Thursday
bonus kinerja triwulan,gaji,15287000,7,False,Friday
insentif penjualan,bonus,4873000,7,False,Friday
ganti ban motor,transportasi,281000,7,True,Saturday
beli bubur pagi,makanan,15000,7,False,Monday
naik krl commuter line,transportasi,101000,7,False,Monday
uang muka sewa kos,tempat_tinggal,1169000,7,False,Monday
beli snack kantor,makanan,26000,7,False,Tuesday
bayar asuransi jiwa,tagihan,709000,7,False,Tuesday
perpanjang kontrak rumah,tempat_tinggal,3231000,7,False,Tuesday
beli nasi padang,makanan,77000,7,False,Tuesday
beli kartu krl,transportasi,56000,7,False,Wednesday
makan di kantin,makanan,39000,7,False,Thursday
beli roti pagi,makanan,14000,7,False,Thursday
tagihan provider bulan ini,tagihan,95000,7,False,Thursday
bayar sewa rumah,tempat_tinggal,4442000,7,False,Friday
jasa produksi podcast,freelance,7868000,7,False,Friday
bayar ukt semester,pendidikan,144000,7,False,Friday
makan di warteg,makanan,61000,7,False,Friday
bayar paket data,tagihan,73000,7,False,Friday
beli es teh manis,makanan,10000,7,False,Friday
perpanjang kontrak rumah,tempat_tinggal,4755000,7,True,Saturday
beli cilok,makanan,104000,7,True,Saturday
sarapan nasi uduk,makanan,74000,7,True,Saturday
pendapatan kursus online,freelance,949000,7,True,Saturday
beli suplemen daya tahan,kesehatan,396000,7,True,Sunday
transfer payroll kantor,gaji,8091000,7,True,Sunday
bayar sewa rumah,tempat_tinggal,3495000,7,True,Sunday
transfer gaji dari hrd,gaji,14166000,8,False,Monday
beli skin game,hiburan,185000,8,False,Monday
naik grab ke kantor,transportasi,16000,8,False,Monday
keuntungan investasi saham,investasi,1743000,8,False,Monday
bayar tagihan gas,tagihan,125000,8,False,Tuesday
deposit awal sewa,tempat_tinggal,10500000,8,False,Tuesday
beli gorengan sore,makanan,19000,8,False,Tuesday
pendapatan proyek konten,freelance,1827000,8,False,Tuesday
top up kartu etoll,transportasi,38000,8,False,Tuesday
return pp lending,investasi,3513000,8,False,Wednesday
beli bakso pinggir jalan,makanan,70000,8,False,Wednesday
beli snack kantor,makanan,42000,8,False,Wednesday
piknik di taman,hiburan,212000,8,False,Wednesday
beli saham teknologi,investasi,8508000,8,False,Wednesday
menabung rutin bulanan,tabungan,4095000,8,False,Thursday
beli alat tulis,pendidikan,78000,8,False,Thursday
beli cilok,makanan,71000,8,False,Thursday
liburan akhir pekan,hiburan,1148000,8,False,Thursday
beli minuman kekinian,makanan,51000,8,False,Friday
streaming disney,hiburan,77000,8,False,Friday
naik gojek pulang,transportasi,25000,8,False,Friday
insentif penjualan,bonus,2341000,8,False,Friday
main escape room,hiburan,221000,8,False,Friday
belanja bulanan,lainnya,133000,8,False,Friday
sewa ps sehari,hiburan,326000,8,False,Friday
ganti ban motor,transportasi,284000,8,False,Friday
pengeluaran mendadak,lainnya,167000,8,True,Saturday
belanja kebutuhan dapur,lainnya,177000,8,True,Saturday
pesan grabfood,makanan,92000,8,True,Saturday
makan soto ayam,makanan,120000,8,True,Saturday
beli jajanan pasar,makanan,73000,8,True,Saturday
bayar les privat,pendidikan,288000,8,True,Sunday
bayar deposit apartemen,tempat_tinggal,4417000,8,True,Sunday
bayar cek mata,kesehatan,169000,8,False,Tuesday
bayar parkir kantor,transportasi,16000,8,False,Tuesday
bayar kontrakan,tempat_tinggal,2387000,8,False,Wednesday
fee jasa copywriting,freelance,8439000,8,False,Wednesday
pesan pizza online,makanan,117000,8,False,Wednesday
nonton pertandingan bola,hiburan,406000,8,False,Wednesday
biaya sewa studio,tempat_tinggal,1918000,8,False,Thursday
makan berdua di cafe,makanan,98000,8,False,Thursday
streaming disney,hiburan,91000,8,False,Thursday
pesan ayam geprek,makanan,25000,8,False,Thursday
nonton pertandingan bola,hiburan,353000,8,False,Thursday
langganan netflix bulanan,hiburan,95000,8,False,Friday
isi bensin motor,transportasi,62000,8,False,Friday
beli kopi pagi,makanan,41000,8,False,Friday
pesan gofood malam,makanan,139000,8,False,Friday
beli suplemen daya tahan,kesehatan,359000,8,False,Friday
pesan grabfood,makanan,166000,8,True,Saturday
pesan mie ayam,makanan,142000,8,True,Saturday
pendapatan affiliate,freelance,1115000,8,True,Saturday
bonus tahunan masuk,bonus,8124000,8,True,Saturday
bayar tagihan phone,tagihan,226000,8,True,Sunday
bayar tagihan listrik,tagihan,389000,8,True,Sunday
beli keperluan dapur,lainnya,279000,8,True,Sunday
pesan martabak,makanan,133000,8,True,Sunday
makan di warung padang,makanan,98000,8,True,Sunday
beli minuman kekinian,makanan,76000,8,False,Monday
bayar seminar online,pendidikan,331000,8,False,Monday
menabung untuk liburan,tabungan,881000,8,False,Monday
beli laptop pelajar,pendidikan,5304000,8,False,Monday
langganan spotify premium,hiburan,20000,8,False,Monday
beli roti pagi,makanan,15000,8,False,Tuesday
beli ori pemerintah,investasi,1561000,8,False,Tuesday
main escape room,hiburan,156000,8,False,Wednesday
bayar wifi rumah,tagihan,299000,8,False,Wednesday
pesan pizza online,makanan,83000,8,False,Wednesday
bayar kos minggu pertama,tempat_tinggal,3412000,8,False,Wednesday
sarapan nasi uduk,makanan,99000,8,False,Thursday
bayaran proyek data entry,freelance,716000,8,False,Thursday
keuntungan investasi saham,investasi,8841000,8,False,Thursday
servis rutin motor,transportasi,285000,8,False,Thursday
bayar fisioterapi,kesehatan,546000,8,False,Friday
uang sewa bulan ini,tempat_tinggal,2689000,8,False,Friday
makan berdua di cafe,makanan,119000,8,False,Friday
setor tunai ke tabungan,tabungan,985000,8,False,Friday
biaya keamanan komplek,tempat_tinggal,1354000,8,True,Saturday
beli gorengan sore,makanan,12000,8,True,Saturday
bonus tahunan masuk,bonus,6713000,8,True,Sunday
naik mrt jakarta,transportasi,71000,8,True,Sunday
bonus kinerja triwulan,gaji,11085000,8,False,Monday
bayar bpjs ketenagakerjaan,tagihan,476000,8,False,Tuesday
makan di resto jepang,makanan,57000,8,False,Tuesday
beli produk rumahan,lainnya,346000,8,False,Tuesday
beli alat tulis,pendidikan,42000,8,False,Wednesday
main bowling,hiburan,212000,8,False,Wednesday
karaoke bareng teman,hiburan,207000,8,False,Wednesday
beli buku impor,pendidikan,222000,8,False,Thursday
iuran kebersihan lingkungan,tempat_tinggal,66000,8,False,Thursday
bayar parkir mall,transportasi,16000,8,True,Saturday
beli buku impor,pendidikan,205000,8,True,Saturday
bayar cicilan sewa tahunan,tempat_tinggal,1603000,8,True,Saturday
bayar les privat,pendidikan,350000,8,True,Saturday
iuran kebersihan lingkungan,tempat_tinggal,53000,8,True,Sunday
bayar kursus online,pendidikan,791000,8,True,Sunday
naik bus transjakarta,transportasi,11000,8,True,Sunday
pesan nasi goreng online,makanan,14000,8,True,Sunday
beli peralatan kebersihan,lainnya,156000,8,True,Sunday
sewa kos bulanan,tempat_tinggal,2888000,8,False,Monday
bayar rawat jalan,kesehatan,1035000,8,False,Monday
biaya pengelolaan apartemen,tempat_tinggal,4689000,8,False,Monday
bonus triwulan,bonus,2599000,8,False,Tuesday
setor tunai ke tabungan,tabungan,1695000,8,False,Tuesday
makan bareng keluarga,makanan,274000,8,False,Tuesday
bayar kursus bahasa inggris,pendidikan,513000,8,False,Wednesday
top up kartu etoll,transportasi,72000,8,False,Wednesday
beli masker kesehatan,kesehatan,423000,8,False,Wednesday
cicilan investasi bulanan,investasi,3925000,8,False,Wednesday
fee jasa copywriting,freelance,7089000,9,False,Thursday
bonus performance review,bonus,2619000,9,False,Thursday
cicilan investasi bulanan,investasi,4205000,9,False,Thursday
beli minuman kekinian,makanan,110000,9,False,Thursday
bayaran proyek data entry,freelance,501000,9,False,Thursday
gaji bulanan masuk,gaji,9599000,9,False,Thursday
bayar kontrakan,tempat_tinggal,3008000,9,False,Thursday
proyek animasi klien,freelance,10048000,9,False,Thursday
fee jasa copywriting,freelance,3129000,9,False,Friday
beli roti pagi,makanan,9000,9,False,Friday
makan di food court,makanan,93000,9,True,Saturday
tes laboratorium,kesehatan,354000,9,True,Saturday
bayar premi asuransi,tagihan,743000,9,True,Saturday
iuran rt bulanan,tempat_tinggal,122000,9,True,Saturday
bayar tol,transportasi,38000,9,True,Saturday
konsultasi ke dokter umum,kesehatan,681000,9,True,Sunday
konsultasi gigi,kesehatan,145000,9,True,Sunday
servis ac mobil,transportasi,394000,9,True,Sunday
main biliar,hiburan,158000,9,True,Sunday
bayar seminar online,pendidikan,171000,9,False,Monday
makan di warung padang,makanan,77000,9,False,Monday
pesan martabak,makanan,158000,9,False,Monday
bayar kos bulanan,tempat_tinggal,1906000,9,False,Monday
pesan shopeefood siang,makanan,90000,9,False,Monday
pendapatan kursus online,freelance,983000,9,False,Tuesday
bayar tagihan air,tagihan,81000,9,False,Tuesday
perpanjang sewa kos,tempat_tinggal,1356000,9,False,Tuesday
bayar bpjs ketenagakerjaan,tagihan,254000,9,False,Tuesday
beli es teh manis,makanan,21000,9,False,Wednesday
sewa ps sehari,hiburan,238000,9,False,Wednesday
pesan gofood malam,makanan,49000,9,False,Wednesday
isi saldo emoney,transportasi,131000,9,False,Wednesday
bayar sewa apartemen,tempat_tinggal,6408000,9,False,Wednesday
makan soto ayam,makanan,150000,9,False,Thursday
sewa ps sehari,hiburan,346000,9,False,Friday
sewa buku di perpus,hiburan,127000,9,False,Friday
tabungan masa depan,tabungan,1154000,9,False,Friday
belanja kebutuhan dapur,lainnya,97000,9,False,Friday
bayar ipl apartemen,tempat_tinggal,4781000,9,True,Saturday
deposit awal sewa,tempat_tinggal,9110000,9,True,Saturday
beli buku impor,pendidikan,300000,9,True,Sunday
beli produk rumahan,lainnya,163000,9,True,Sunday
beli jajanan pasar,makanan,91000,9,True,Sunday
beli peralatan kebersihan,lainnya,196000,9,True,Sunday
keuntungan dari portofolio,investasi,2109000,9,True,Sunday
naik krl commuter line,transportasi,273000,9,True,Sunday
bayar tagihan air,tagihan,50000,9,True,Sunday
investasi reksa dana pasar uang,investasi,2883000,9,True,Sunday
beli es teh manis,makanan,20000,9,False,Monday
beli obat bebas,kesehatan,185000,9,False,Monday
naik ojek online,transportasi,110000,9,False,Monday
bayar bootcamp,pendidikan,250000,9,False,Monday
insentif penjualan,bonus,2955000,9,False,Tuesday
insentif bulanan,bonus,4500000,9,False,Tuesday
bayar sewa rumah,tempat_tinggal,1496000,9,False,Tuesday
servis rutin motor,transportasi,798000,9,False,Wednesday
gaji periode ini masuk,gaji,6490000,9,False,Wednesday
langganan youtube premium,hiburan,171000,9,False,Wednesday
beli tiket festival,hiburan,146000,9,False,Thursday
bayar imunisasi,kesehatan,399000,9,False,Thursday
bayar wifi rumah,tagihan,152000,9,False,Friday
langganan netflix bulanan,hiburan,159000,9,False,Friday
pesan gofood malam,makanan,139000,9,True,Saturday
beli perlengkapan kamar,lainnya,117000,9,True,Saturday
tagihan pln bulan ini,tagihan,405000,9,True,Saturday
perpanjang kontrak rumah,tempat_tinggal,2750000,9,True,Sunday
bayar premium spotify,tagihan,342000,9,True,Sunday
menabung untuk beli rumah,tabungan,1666000,9,False,Tuesday
bayar tagihan air,tagihan,69000,9,False,Tuesday
beli tiket kereta,transportasi,421000,9,False,Tuesday
pengeluaran harian,lainnya,331000,9,False,Wednesday
bayar tagihan air,tagihan,105000,9,False,Wednesday
biaya keamanan komplek,tempat_tinggal,3361000,9,False,Wednesday
bayar tagihan phone,tagihan,172000,9,False,Wednesday
biaya keamanan komplek,tempat_tinggal,1719000,9,False,Thursday
biaya pengelolaan apartemen,tempat_tinggal,6976000,9,False,Thursday
isi saldo emoney,transportasi,185000,9,False,Thursday
beli tiket kereta,transportasi,316000,9,False,Thursday
konsultasi gigi,kesehatan,242000,9,False,Thursday
bayar premi asuransi,tagihan,577000,9,False,Thursday
biaya keamanan komplek,tempat_tinggal,1681000,9,False,Friday
makan di resto jepang,makanan,121000,9,False,Friday
langganan youtube premium,hiburan,259000,9,False,Friday
bayar parkir kantor,transportasi,16000,9,False,Friday
perpanjang kontrak rumah,tempat_tinggal,3676000,9,False,Friday
beli suplemen daya tahan,kesehatan,250000,9,True,Saturday
bayar paket data,tagihan,71000,9,True,Saturday
bayar cicilan motor,tagihan,281000,9,True,Saturday
nonton bioskop bareng,hiburan,189000,9,True,Saturday
sewa ps sehari,hiburan,157000,9,True,Sunday
tagihan pln bulan ini,tagihan,250000,9,True,Sunday
jasa edit video,freelance,3100000,9,False,Monday
sarapan nasi uduk,makanan,152000,9,False,Monday
naik angkot ke pasar,transportasi,9000,9,False,Monday
beli minuman kekinian,makanan,73000,9,False,Monday
beli obat di apotek,kesehatan,313000,9,False,Monday
bayar workshop desain,pendidikan,484000,9,False,Tuesday
makan di kfc,makanan,43000,9,False,Tuesday
tabungan masa depan,tabungan,756000,9,False,Tuesday
beli bubur pagi,makanan,35000,9,False,Tuesday
beli topup game,hiburan,86000,9,False,Wednesday
bayar wifi rumah,tagihan,396000,9,False,Wednesday
nonton pertandingan bola,hiburan,144000,9,False,Wednesday
servis ac mobil,transportasi,927000,9,False,Thursday
beli modul belajar,pendidikan,196000,9,False,Thursday
beli saham teknologi,investasi,7458000,9,False,Thursday
pesan nasi goreng online,makanan,34000,9,False,Thursday
bayar sewa rumah,tempat_tinggal,2563000,9,False,Friday
bayaran proyek desain ui,freelance,2837000,9,False,Friday
menabung rutin bulanan,tabungan,2432000,10,True,Saturday
makan malam di restoran,makanan,130000,10,True,Saturday
makan soto ayam,makanan,104000,10,True,Saturday
nonton bioskop bareng,hiburan,189000,10,True,Saturday
bayar tagihan gas,tagihan,45000,10,True,Saturday
makan bareng keluarga,makanan,378000,10,True,Saturday
piknik di taman,hiburan,181000,10,True,Sunday
makan berdua di cafe,makanan,60000,10,True,Sunday
top up emas antam digital,investasi,1243000,10,False,Monday
jasa pembuatan aplikasi,freelance,4763000,10,False,Monday
sarapan nasi uduk,makanan,150000,10,False,Monday
simpan untuk keperluan mendesak,tabungan,1756000,10,False,Monday
keuntungan dari portofolio,investasi,4656000,10,False,Monday
servis ac mobil,transportasi,279000,10,False,Monday
top up investasi crypto,investasi,2931000,10,False,Monday
beli snack kantor,makanan,19000,10,False,Monday
ganti ban motor,transportasi,383000,10,False,Tuesday
pesan mie ayam,makanan,136000,10,False,Tuesday
sewa buku di perpus,hiburan,161000,10,False,Tuesday
naik ojek online,transportasi,36000,10,False,Tuesday
perpanjang kontrak rumah,tempat_tinggal,4065000,10,False,Tuesday
ganti ban motor,transportasi,488000,10,False,Wednesday
beli laptop pelajar,pendidikan,9720000,10,False,Wednesday
tagihan pln bulan ini,tagihan,450000,10,False,Wednesday
beli modul belajar,pendidikan,245000,10,False,Wednesday
belanja mingguan,lainnya,265000,10,False,Thursday
beli produk rumahan,lainnya,271000,10,False,Thursday
bayar fisioterapi,kesehatan,150000,10,False,Thursday
bayar uang kebersihan,tempat_tinggal,78000,10,False,Friday
iuran rt bulanan,tempat_tinggal,82000,10,False,Friday
perpanjang sewa kos,tempat_tinggal,1524000,10,False,Friday
bayar workshop desain,pendidikan,365000,10,False,Friday
perpanjang kontrak rumah,tempat_tinggal,2808000,10,False,Friday
bayar kursus bahasa inggris,pendidikan,661000,10,True,Saturday
ganti oli motor,transportasi,120000,10,True,Saturday
beli kebutuhan pribadi,lainnya,109000,10,True,Saturday
bayar parkir kantor,transportasi,12000,10,True,Saturday
top up reksa dana campuran,investasi,3162000,10,False,Monday
bayar cicilan sewa tahunan,tempat_tinggal,1592000,10,False,Monday
beli minuman kekinian,makanan,119000,10,False,Tuesday
bayar kursus desain,pendidikan,1094000,10,False,Tuesday
bayar cicilan hp,tagihan,138000,10,False,Tuesday
bayar cicilan motor,tagihan,242000,10,False,Wednesday
naik ojek online,transportasi,226000,10,False,Wednesday
bayaran proyek data entry,freelance,410000,10,False,Wednesday
beli kartu krl,transportasi,80000,10,False,Thursday
bayar uang kebersihan,tempat_tinggal,82000,10,False,Thursday
perpanjang sewa kos,tempat_tinggal,2586000,10,False,Thursday
pengeluaran mendadak,lainnya,144000,10,False,Thursday
main game online,hiburan,116000,10,False,Thursday
pesan martabak,makanan,138000,10,False,Thursday
isi saldo emoney,transportasi,210000,10,False,Thursday
bayar ipl apartemen,tempat_tinggal,7766000,10,False,Thursday
bayar bpjs ketenagakerjaan,tagihan,388000,10,False,Friday
bayar sewa rumah,tempat_tinggal,2593000,10,False,Friday
naik bus transjakarta,transportasi,10000,10,False,Friday
bayar sewa apartemen,tempat_tinggal,6794000,10,False,Friday
langganan spotify premium,hiburan,47000,10,False,Friday
bayar kontrakan,tempat_tinggal,4200000,10,False,Friday
beli gorengan sore,makanan,12000,10,True,Saturday
pesan burger online,makanan,62000,10,True,Saturday
naik travel antar kota,transportasi,172000,10,True,Saturday
bayar parkir mall,transportasi,11000,10,True,Saturday
makan di kfc,makanan,50000,10,True,Sunday
transaksi harian rutin,lainnya,204000,10,True,Sunday
bayar kursus bahasa inggris,pendidikan,1890000,10,False,Monday
pesan martabak,makanan,150000,10,False,Monday
jasa penerjemah dokumen,freelance,6204000,10,False,Monday
bayar parkir kantor,transportasi,16000,10,False,Monday
bayar kartu kredit,tagihan,429000,10,False,Tuesday
beli snack kantor,makanan,49000,10,False,Tuesday
iuran kebersihan lingkungan,tempat_tinggal,54000,10,False,Wednesday
bayar tagihan phone,tagihan,525000,10,False,Wednesday
gaji pokok bulanan,gaji,15887000,10,False,Wednesday
makan di food court,makanan,116000,10,False,Thursday
makan di food court,makanan,124000,10,False,Thursday
sarapan di warung,makanan,92000,10,False,Thursday
beli saham teknologi,investasi,7417000,10,False,Friday
beli bubur pagi,makanan,24000,10,False,Friday
beli skin game,hiburan,90000,10,False,Friday
bayar cicilan sewa tahunan,tempat_tinggal,1785000,10,True,Saturday
konsultasi ke dokter umum,kesehatan,327000,10,True,Saturday
naik krl commuter line,transportasi,140000,10,True,Saturday
bayar langganan icloud,tagihan,45000,10,True,Sunday
naik ojek online,transportasi,220000,10,True,Sunday
beli tiket bus,transportasi,14000,10,True,Sunday
beli tiket pertandingan,hiburan,377000,10,True,Sunday
pengeluaran tak terduga,lainnya,119000,10,False,Monday
bayar parkir inap,transportasi,18000,10,False,Monday
beli perlengkapan kamar,lainnya,288000,10,False,Tuesday
beli buku pelajaran,pendidikan,232000,10,False,Tuesday
bayar uang kebersihan,tempat_tinggal,61000,10,False,Tuesday
profit dari reksa dana,investasi,2472000,10,False,Tuesday
sewa kos bulanan,tempat_tinggal,858000,10,False,Tuesday
makan di kfc,makanan,50000,10,False,Tuesday
makan di kfc,makanan,82000,10,False,Wednesday
bayar kursus bahasa inggris,pendidikan,1199000,10,False,Wednesday
top up kartu etoll,transportasi,54000,10,False,Thursday
makan di warung padang,makanan,93000,10,False,Thursday
tagihan pln bulan ini,tagihan,275000,10,False,Thursday
bayar kursus desain,pendidikan,599000,10,False,Thursday
menabung rutin bulanan,tabungan,2000000,10,False,Friday
bayar ukt semester,pendidikan,376000,10,False,Friday
beli skin game,hiburan,151000,10,True,Saturday
beli aplikasi belajar,pendidikan,70000,10,True,Saturday
bayar rawat jalan,kesehatan,355000,10,True,Saturday
konsultasi psikolog,kesehatan,630000,10,True,Sunday
pesan gofood malam,makanan,69000,10,True,Sunday
naik gojek pulang,transportasi,27000,10,False,Monday
bayar langganan icloud,tagihan,50000,10,False,Monday
beli bakso pinggir jalan,makanan,74000,10,False,Monday
pesan gofood malam,makanan,140000,11,False,Tuesday
beli es teh manis,makanan,17000,11,False,Tuesday
perpanjang kontrak rumah,tempat_tinggal,5383000,11,False,Wednesday
profit dari reksa dana,investasi,1550000,11,False,Wednesday
makan di warung padang,makanan,169000,11,False,Wednesday
bayar wifi rumah,tagihan,337000,11,False,Wednesday
isi bensin motor,transportasi,206000,11,False,Wednesday
top up reksa dana campuran,investasi,3686000,11,False,Wednesday
pesan shopeefood siang,makanan,51000,11,False,Wednesday
pesan ayam geprek,makanan,32000,11,False,Thursday
bonus target tercapai,bonus,2296000,11,False,Thursday
bayar kos minggu pertama,tempat_tinggal,871000,11,False,Thursday
naik travel antar kota,transportasi,53000,11,False,Thursday
bayar parkir kantor,transportasi,30000,11,False,Thursday
beli cilok,makanan,74000,11,True,Saturday
perpanjang kontrak rumah,tempat_tinggal,6825000,11,True,Saturday
bayar tagihan air,tagihan,80000,11,True,Saturday
ganti ban motor,transportasi,143000,11,True,Saturday
biaya bensin mobil,transportasi,106000,11,True,Saturday
nonton di bioskop xxi,hiburan,150000,11,True,Sunday
uang muka sewa kos,tempat_tinggal,1406000,11,True,Sunday
transfer ke rekening tabungan,tabungan,1484000,11,True,Sunday
beli peralatan sekolah,pendidikan,215000,11,True,Sunday
biaya pengelolaan apartemen,tempat_tinggal,6096000,11,True,Sunday
bayar kos minggu pertama,tempat_tinggal,2339000,11,True,Sunday
perpanjang sewa kos,tempat_tinggal,2494000,11,False,Monday
biaya pengelolaan apartemen,tempat_tinggal,4092000,11,False,Monday
isi bensin motor,transportasi,141000,11,False,Tuesday
beli topup game,hiburan,86000,11,False,Tuesday
tagihan pln bulan ini,tagihan,352000,11,False,Tuesday
makan di warung padang,makanan,71000,11,False,Tuesday
bayar premi asuransi,tagihan,394000,11,False,Wednesday
tes laboratorium,kesehatan,331000,11,False,Thursday
naik gojek pulang,transportasi,34000,11,False,Friday
beli tiket kereta,transportasi,322000,11,True,Saturday
beli es teh manis,makanan,13000,11,True,Sunday
bayar kursus coding,pendidikan,829000,11,True,Sunday
makan di resto jepang,makanan,57000,11,True,Sunday
biaya keamanan komplek,tempat_tinggal,3598000,11,False,Monday
bayar pulsa bulanan,tagihan,437000,11,False,Monday
transfer tabungan pendidikan anak,tabungan,963000,11,False,Monday
pengeluaran tak terduga,lainnya,122000,11,False,Monday
biaya pengelolaan apartemen,tempat_tinggal,3462000,11,False,Monday
beli snack kantor,makanan,27000,11,False,Monday
menabung untuk beli rumah,tabungan,2133000,11,False,Tuesday
makan bareng keluarga,makanan,118000,11,False,Tuesday
bayar cicilan sewa tahunan,tempat_tinggal,1743000,11,False,Tuesday
isi bensin motor,transportasi,123000,11,False,Tuesday
slip gaji diterima,gaji,15743000,11,False,Wednesday
perpanjang paket internet,tagihan,297000,11,False,Thursday
menabung untuk liburan,tabungan,566000,11,False,Thursday
beli buku impor,pendidikan,197000,11,False,Thursday
nonton konser online,hiburan,608000,11,False,Thursday
bayar ujian sertifikasi,pendidikan,337000,11,False,Friday
naik ojek online,transportasi,189000,11,False,Friday
bayar deposit apartemen,tempat_tinggal,9240000,11,False,Friday
bayar premi asuransi,tagihan,326000,11,True,Saturday
biaya sewa studio,tempat_tinggal,2092000,11,True,Saturday
isi bensin motor,transportasi,254000,11,True,Saturday
pesan grabfood,makanan,66000,11,True,Saturday
transfer salary bulan ini,gaji,15916000,11,True,Saturday
makan di kantin,makanan,42000,11,True,Sunday
main escape room,hiburan,111000,11,True,Sunday
makan di food court,makanan,60000,11,True,Sunday
bayar sewa apartemen,tempat_tinggal,8676000,11,True,Sunday
bayar parkir inap,transportasi,20000,11,False,Monday
naik krl commuter line,transportasi,127000,11,False,Monday
bayar kos minggu pertama,tempat_tinggal,1715000,11,False,Tuesday
langganan spotify premium,hiburan,49000,11,False,Tuesday
bayar tv kabel,tagihan,204000,11,False,Tuesday
beli hadiah teman,lainnya,306000,11,False,Tuesday
makan di resto jepang,makanan,138000,11,False,Wednesday
beli minuman kekinian,makanan,79000,11,False,Thursday
bayar bpjs kesehatan,tagihan,270000,11,False,Thursday
bayar kursus desain,pendidikan,446000,11,False,Friday
iuran rt bulanan,tempat_tinggal,155000,11,False,Friday
keuntungan dari portofolio,investasi,3366000,11,False,Friday
beli emas digital,investasi,1508000,11,False,Friday
bayar cicilan sewa tahunan,tempat_tinggal,4346000,11,True,Saturday
bayar tagihan air,tagihan,87000,11,True,Saturday
makan di kfc,makanan,72000,11,True,Saturday
penerimaan gaji pokok,gaji,7228000,11,True,Sunday
bonus performance review,bonus,3433000,11,True,Sunday
bayar tagihan phone,tagihan,242000,11,True,Sunday
iuran rt bulanan,tempat_tinggal,126000,11,True,Sunday
bayar langganan icloud,tagihan,28000,11,True,Sunday
makan di kfc,makanan,60000,11,False,Monday
top up kartu etoll,transportasi,77000,11,False,Monday
penerimaan upah kerja,gaji,10139000,11,False,Monday
bayar kursus bahasa inggris,pendidikan,433000,11,False,Tuesday
nonton konser online,hiburan,1155000,11,False,Tuesday
bayar cicilan sewa tahunan,tempat_tinggal,3780000,11,False,Tuesday
keuntungan dari portofolio,investasi,1517000,11,False,Wednesday
bayar pulsa bulanan,tagihan,419000,12,False,Thursday
deposit awal sewa,tempat_tinggal,5667000,12,False,Thursday
pesan burger online,makanan,101000,12,False,Thursday
bayar imunisasi,kesehatan,390000,12,False,Thursday
main escape room,hiburan,174000,12,False,Thursday
beli kartu krl,transportasi,79000,12,False,Friday
bayar kontrakan,tempat_tinggal,2191000,12,False,Friday
naik angkot ke pasar,transportasi,7000,12,False,Friday
bayar bpjs kesehatan,tagihan,269000,12,True,Saturday
bayar sewa apartemen,tempat_tinggal,5622000,12,True,Saturday
beli produk rumahan,lainnya,132000,12,True,Sunday
makan di resto jepang,makanan,114000,12,True,Sunday
servis rutin motor,transportasi,924000,12,True,Sunday
nonton pertandingan bola,hiburan,298000,12,False,Monday
beli produk rumahan,lainnya,166000,12,False,Monday
naik mrt jakarta,transportasi,138000,12,False,Monday
simpan dana darurat,tabungan,3313000,12,False,Tuesday
main bowling,hiburan,196000,12,False,Tuesday
beli kamus,pendidikan,369000,12,False,Tuesday
pesan burger online,makanan,110000,12,False,Tuesday
iuran kebersihan lingkungan,tempat_tinggal,46000,12,False,Wednesday
bayar parkir inap,transportasi,27000,12,False,Wednesday
servis rutin motor,transportasi,925000,12,False,Wednesday
pendapatan affiliate,freelance,872000,12,False,Wednesday
servis ac mobil,transportasi,532000,12,False,Wednesday
bayar tagihan rs,kesehatan,1666000,12,False,Thursday
deposit awal sewa,tempat_tinggal,5794000,12,False,Friday
bayar tagihan gas,tagihan,130000,12,False,Friday
bayar tol,transportasi,80000,12,False,Friday
beli roti pagi,makanan,14000,12,False,Friday
beli snack kantor,makanan,20000,12,False,Friday
ganti ban motor,transportasi,427000,12,False,Friday
pendapatan kursus online,freelance,2063000,12,True,Saturday
jasa pengelolaan media sosial,freelance,4684000,12,True,Saturday
biaya sewa studio,tempat_tinggal,2310000,12,True,Saturday
bayar sewa apartemen,tempat_tinggal,2920000,12,True,Saturday
penerimaan upah kerja,gaji,15135000,12,True,Sunday
bonus performance review,bonus,2153000,12,True,Sunday
bayar deposit apartemen,tempat_tinggal,8400000,12,True,Sunday
beli buku pelajaran,pendidikan,299000,12,True,Sunday
beli tiket festival,hiburan,140000,12,False,Monday
perpanjang sewa kos,tempat_tinggal,1264000,12,False,Monday
keperluan rumah tangga,lainnya,308000,12,False,Monday
bayar cicilan hp,tagihan,247000,12,False,Tuesday
nonton pertandingan bola,hiburan,312000,12,False,Tuesday
bayar kontrakan,tempat_tinggal,2917000,12,False,Tuesday
pesan gofood malam,makanan,39000,12,False,Wednesday
makan di mcdonald,makanan,95000,12,False,Wednesday
beli gorengan sore,makanan,8000,12,False,Wednesday
makan di warteg,makanan,71000,12,False,Wednesday
bayar parkir kantor,transportasi,34000,12,False,Wednesday
bayar tol,transportasi,31000,12,False,Thursday
pembayaran upah bulanan,gaji,21732000,12,False,Thursday
bayar tagihan rs,kesehatan,1080000,12,False,Thursday
bayar cicilan motor,tagihan,284000,12,False,Thursday
konsultasi ke dokter umum,kesehatan,416000,12,False,Friday
bonus target tercapai,bonus,3143000,12,True,Saturday
naik taksi online,transportasi,128000,12,True,Saturday
streaming disney,hiburan,103000,12,True,Saturday
beli snack kantor,makanan,28000,12,True,Saturday
bayar langganan icloud,tagihan,27000,12,True,Saturday
bayar les matematika,pendidikan,168000,12,True,Sunday
pesan nasi goreng online,makanan,32000,12,True,Sunday
bayar kos minggu pertama,tempat_tinggal,2494000,12,True,Sunday
return reksa dana obligasi,investasi,5286000,12,True,Sunday
pesan nasi goreng online,makanan,26000,12,True,Sunday
beli tiket konser,hiburan,353000,12,True,Sunday
bayar parkir inap,transportasi,27000,12,False,Monday
beli produk rumahan,lainnya,272000,12,False,Monday
simpan dana darurat,tabungan,3956000,12,False,Monday
iuran rt bulanan,tempat_tinggal,100000,12,False,Monday
naik krl commuter line,transportasi,123000,12,False,Tuesday
streaming disney,hiburan,80000,12,False,Tuesday
proyek desain presentasi,freelance,3168000,12,False,Tuesday
perpanjang paket internet,tagihan,158000,12,False,Wednesday
fee jasa copywriting,freelance,4933000,12,False,Wednesday
liburan akhir pekan,hiburan,698000,12,False,Wednesday
gaji pokok bulanan,gaji,16837000,12,False,Wednesday
bayar asuransi jiwa,tagihan,1102000,12,False,Wednesday
isi bensin motor,transportasi,277000,12,False,Thursday
nonton konser online,hiburan,528000,12,False,Thursday
bayar tagihan listrik,tagihan,558000,12,False,Thursday
bayar deposit apartemen,tempat_tinggal,7005000,12,False,Friday
keuntungan investasi saham,investasi,5959000,12,False,Friday
bayar uang kebersihan,tempat_tinggal,113000,12,False,Friday
sewa kos bulanan,tempat_tinggal,2362000,12,False,Friday
bayar parkir kantor,transportasi,13000,12,False,Friday
perpanjang paket internet,tagihan,384000,12,True,Saturday
bayar cicilan sewa tahunan,tempat_tinggal,1740000,12,True,Saturday
ganti oli motor,transportasi,172000,12,True,Saturday
gaji plus tunjangan,gaji,10543000,12,True,Saturday
belanja online,lainnya,156000,12,True,Saturday
liburan akhir pekan,hiburan,872000,12,True,Sunday
nonton di bioskop xxi,hiburan,155000,12,True,Sunday
makan soto ayam,makanan,125000,12,True,Sunday
makan malam di restoran,makanan,80000,12,True,Sunday
langganan netflix bulanan,hiburan,129000,12,True,Sunday
sarapan nasi uduk,makanan,59000,12,False,Monday
main biliar,hiburan,105000,12,False,Monday
bayar kos bulanan,tempat_tinggal,1372000,12,False,Tuesday
karaoke bareng teman,hiburan,232000,12,False,Tuesday
bayar cicilan hp,tagihan,682000,12,False,Wednesday
belanja kebutuhan dapur,lainnya,220000,12,False,Thursday
bayar bpjs kesehatan,tagihan,216000,12,False,Thursday
pesan gofood malam,makanan,58000,12,False,Thursday
main futsal,hiburan,217000,12,False,Thursday
sarapan di warung,makanan,165000,12,False,Friday
karaoke bareng teman,hiburan,153000,12,False,Friday
bayar wifi rumah,tagihan,143000,12,True,Saturday
konsultasi kulit,kesehatan,472000,12,True,Saturday
bonus performance review,bonus,3374000,12,True,Saturday
beli bubur pagi,makanan,20000,12,True,Saturday
bayar uang kebersihan,tempat_tinggal,115000,1,True,Sunday
uang muka sewa kos,tempat_tinggal,575000,1,True,Sunday
sarapan di warung,makanan,100000,1,True,Sunday
naik mrt jakarta,transportasi,129000,1,True,Sunday
langganan youtube premium,hiburan,315000,1,False,Monday
tabungan masa depan,tabungan,1525000,1,False,Monday
ganti oli motor,transportasi,142000,1,False,Monday
makan bareng keluarga,makanan,182000,1,False,Tuesday
nonton pertandingan bola,hiburan,318000,1,False,Tuesday
jasa produksi podcast,freelance,3960000,1,False,Tuesday
bonus kinerja triwulan,gaji,10745000,1,False,Tuesday
langganan hbo max,hiburan,101000,1,False,Tuesday
naik ojek online,transportasi,154000,1,False,Tuesday
karaoke bareng teman,hiburan,426000,1,False,Tuesday
beli minuman kekinian,makanan,91000,1,False,Tuesday
naik mrt jakarta,transportasi,114000,1,False,Thursday
bayar premium spotify,tagihan,169000,1,False,Thursday
bayar rawat jalan,kesehatan,859000,1,False,Thursday
piknik di taman,hiburan,178000,1,False,Thursday
naik bus transjakarta,transportasi,26000,1,False,Thursday
nonton di bioskop xxi,hiburan,63000,1,False,Friday
bayar sewa apartemen,tempat_tinggal,8800000,1,False,Friday
bayar uang kebersihan,tempat_tinggal,112000,1,False,Friday
gaji periode ini masuk,gaji,13445000,1,True,Saturday
beli bakso pinggir jalan,makanan,173000,1,True,Saturday
sewa kos bulanan,tempat_tinggal,2106000,1,True,Sunday
return pp lending,investasi,3605000,1,True,Sunday
pesan dim sum,makanan,97000,1,True,Sunday
langganan netflix bulanan,hiburan,184000,1,False,Monday
transfer gaji dari hrd,gaji,23537000,1,False,Tuesday
pesan nasi goreng online,makanan,26000,1,False,Tuesday
beli cilok,makanan,59000,1,False,Tuesday
bayar fisioterapi,kesehatan,279000,1,False,Wednesday
bonus produksi,bonus,2197000,1,False,Wednesday
naik taksi online,transportasi,99000,1,False,Wednesday
sewa kos bulanan,tempat_tinggal,2977000,1,False,Wednesday
makan berdua di cafe,makanan,91000,1,False,Thursday
langganan spotify premium,hiburan,39000,1,False,Thursday
perpanjang paket internet,tagihan,310000,1,False,Thursday
naik gojek pulang,transportasi,42000,1,False,Thursday
nonton konser online,hiburan,269000,1,False,Thursday
bayar uang kebersihan,tempat_tinggal,50000,1,False,Thursday
makan di kfc,makanan,86000,1,True,Saturday
bayar cicilan sewa tahunan,tempat_tinggal,3840000,1,True,Saturday
bayar rawat jalan,kesehatan,723000,1,True,Saturday
pendapatan nulis artikel,freelance,2674000,1,True,Saturday
makan berdua di cafe,makanan,140000,1,True,Saturday
belanja mingguan,lainnya,150000,1,True,Saturday
bayar sewa apartemen,tempat_tinggal,3417000,1,True,Sunday
bayar uang kebersihan,tempat_tinggal,56000,1,True,Sunday
bayar langganan icloud,tagihan,33000,1,True,Sunday
sarapan nasi uduk,makanan,64000,1,True,Sunday
bayar bootcamp,pendidikan,125000,1,True,Sunday
beli cilok,makanan,156000,1,False,Monday
bayar sewa rumah,tempat_tinggal,6050000,1,False,Monday
beli tiket festival,hiburan,259000,1,False,Monday
karaoke bareng teman,hiburan,174000,1,False,Monday
beli obat resep,kesehatan,170000,1,False,Tuesday
gaji diterima bulan ini,gaji,16402000,1,False,Tuesday
pesan ayam geprek,makanan,42000,1,False,Tuesday
beli kopi pagi,makanan,57000,1,False,Tuesday
bayar kos minggu pertama,tempat_tinggal,1353000,1,False,Wednesday
bayaran jasa foto produk,freelance,6439000,1,False,Wednesday
beli kopi pagi,makanan,50000,1,False,Thursday
tagihan provider bulan ini,tagihan,286000,1,False,Thursday
ongkos naik ojek,transportasi,164000,1,False,Thursday
jasa pembuatan aplikasi,freelance,7379000,1,False,Thursday
beli deterjen,lainnya,200000,1,False,Friday
beli jajanan pasar,makanan,160000,1,False,Friday
konsultasi kulit,kesehatan,421000,1,False,Friday
bayar workshop desain,pendidikan,214000,1,False,Friday
keuntungan dari portofolio,investasi,6392000,1,True,Saturday
gaji bulanan masuk,gaji,15887000,1,True,Saturday
bayar pulsa bulanan,tagihan,253000,1,True,Saturday
bayar cicilan hp,tagihan,250000,1,True,Sunday
biaya sewa studio,tempat_tinggal,1610000,1,True,Sunday
ongkos naik ojek,transportasi,163000,1,True,Sunday
bayar uang kebersihan,tempat_tinggal,74000,1,False,Monday
thr lebaran diterima,bonus,11119000,1,False,Monday
bayar cicilan motor,tagihan,550000,1,False,Monday
tes laboratorium,kesehatan,557000,1,False,Monday
biaya keamanan komplek,tempat_tinggal,2992000,1,False,Monday
naik bus transjakarta,transportasi,24000,1,False,Tuesday
beli buku pelajaran,pendidikan,153000,1,False,Tuesday
tes laboratorium,kesehatan,355000,1,False,Tuesday
uang muka sewa kos,tempat_tinggal,2750000,1,False,Tuesday
iuran kebersihan lingkungan,tempat_tinggal,66000,1,False,Wednesday
perpanjang kontrak rumah,tempat_tinggal,2802000,1,False,Wednesday
bayar cicilan sewa tahunan,tempat_tinggal,2136000,1,False,Wednesday
uang sewa bulan ini,tempat_tinggal,1878000,1,False,Wednesday
bayar cicilan hp,tagihan,287000,1,False,Thursday
perpanjang paket internet,tagihan,274000,1,False,Thursday
ganti oli motor,transportasi,86000,1,False,Thursday
sewa buku di perpus,hiburan,201000,1,False,Friday
tagihan pln bulan ini,tagihan,412000,1,False,Friday
makan di warung padang,makanan,69000,1,False,Friday
return reksa dana obligasi,investasi,5666000,1,False,Friday
bayar kos minggu pertama,tempat_tinggal,2125000,1,False,Friday
penerimaan upah kerja,gaji,18149000,1,False,Friday
iuran rt bulanan,tempat_tinggal,89000,1,False,Friday
bayar paket data,tagihan,167000,1,True,Saturday
bayar parkir mall,transportasi,13000,1,True,Saturday
bayar bpjs ketenagakerjaan,tagihan,389000,1,True,Saturday
makan di resto jepang,makanan,107000,1,True,Saturday
pesan dim sum,makanan,165000,1,True,Saturday
biaya bensin mobil,transportasi,132000,1,True,Sunday
pengeluaran tak terduga,lainnya,123000,1,False,Monday
perpanjang kontrak rumah,tempat_tinggal,5448000,1,False,Monday
nonton konser online,hiburan,497000,1,False,Monday
biaya keamanan komplek,tempat_tinggal,3336000,1,False,Monday
uang muka sewa kos,tempat_tinggal,955000,1,False,Tuesday
insentif penjualan,bonus,5096000,1,False,Tuesday
biaya keamanan komplek,tempat_tinggal,1612000,1,False,Tuesday
bayar kursus coding,pendidikan,1132000,1,False,Tuesday
bonus akhir tahun,bonus,4274000,1,False,Tuesday
beli bubur pagi,makanan,21000,2,False,Wednesday
simpan dana darurat,tabungan,3627000,2,False,Thursday
bayar kos bulanan,tempat_tinggal,1831000,2,False,Friday
bayar parkir mall,transportasi,16000,2,False,Friday
bayar parkir kantor,transportasi,13000,2,False,Friday
naik angkot ke pasar,transportasi,5000,2,True,Saturday
sarapan nasi uduk,makanan,110000,2,True,Saturday
bayar paket data,tagihan,53000,2,True,Saturday
bayar sewa rumah,tempat_tinggal,3528000,2,True,Saturday
makan soto ayam,makanan,82000,2,True,Saturday
biaya keamanan komplek,tempat_tinggal,4157000,2,True,Saturday
beli bubur pagi,makanan,21000,2,True,Saturday
pesan nasi goreng online,makanan,30000,2,True,Saturday
naik angkot ke pasar,transportasi,17000,2,True,Saturday
beli buku referensi,pendidikan,286000,2,True,Sunday
perpanjang kontrak rumah,tempat_tinggal,4057000,2,True,Sunday
tagihan provider bulan ini,tagihan,182000,2,True,Sunday
beli skin game,hiburan,64000,2,True,Sunday
bayar parkir inap,transportasi,25000,2,True,Sunday
insentif penjualan,bonus,3865000,2,False,Monday
jasa penerjemah dokumen,freelance,4904000,2,False,Monday
top up kartu etoll,transportasi,42000,2,False,Monday
beli tiket pertandingan,hiburan,328000,2,False,Monday
ongkos naik ojek,transportasi,128000,2,False,Monday
perpanjang kontrak rumah,tempat_tinggal,3677000,2,False,Tuesday
main futsal,hiburan,220000,2,False,Tuesday
naik gojek pulang,transportasi,47000,2,False,Wednesday
beli gorengan sore,makanan,6000,2,False,Wednesday
pesan pizza online,makanan,155000,2,False,Wednesday
bayar tagihan air,tagihan,157000,2,False,Wednesday
ongkos naik ojek,transportasi,171000,2,False,Wednesday
thr perusahaan,bonus,13742000,2,False,Wednesday
pesan dim sum,makanan,165000,2,False,Wednesday
streaming disney,hiburan,126000,2,False,Wednesday
bayar parkir kantor,transportasi,20000,2,False,Thursday
konsultasi ke dokter umum,kesehatan,459000,2,False,Thursday
deposit awal sewa,tempat_tinggal,8393000,2,False,Thursday
pesan gofood malam,makanan,89000,2,False,Thursday
naik grab ke kantor,transportasi,25000,2,False,Thursday
bayar wifi rumah,tagihan,715000,2,False,Friday
bayar kos bulanan,tempat_tinggal,1546000,2,False,Friday
piknik di taman,hiburan,429000,2,False,Friday
bayar sewa rumah,tempat_tinggal,4148000,2,True,Saturday
beli bubur pagi,makanan,14000,2,True,Saturday
makan di warteg,makanan,105000,2,True,Saturday
bayar tagihan air,tagihan,41000,2,True,Saturday
beli buku pelajaran,pendidikan,235000,2,True,Saturday
servis rutin motor,transportasi,893000,2,True,Sunday
ganti ban motor,transportasi,286000,2,False,Monday
beli roti pagi,makanan,17000,2,False,Monday
beli obat bebas,kesehatan,314000,2,False,Monday
bayar tol,transportasi,51000,2,False,Monday
bayar tagihan phone,tagihan,198000,2,False,Tuesday
beli skin game,hiburan,214000,2,False,Tuesday
uang sewa bulan ini,tempat_tinggal,5720000,2,False,Wednesday
menabung untuk beli rumah,tabungan,1735000,2,False,Wednesday
pesan dim sum,makanan,165000,2,False,Wednesday
nonton bioskop bareng,hiburan,165000,2,False,Wednesday
nonton bioskop bareng,hiburan,74000,2,False,Wednesday
bayar bootcamp,pendidikan,237000,2,False,Wednesday
simpan untuk keperluan mendesak,tabungan,2880000,2,False,Wednesday
bayar kursus coding,pendidikan,1733000,2,False,Thursday
keperluan rumah tangga,lainnya,220000,2,False,Thursday
isi bensin motor,transportasi,129000,2,False,Thursday
bayar premium spotify,tagihan,523000,2,False,Thursday
perpanjang sewa kos,tempat_tinggal,1735000,2,False,Thursday
bayar parkir kantor,transportasi,14000,2,False,Thursday
slip gaji diterima,gaji,14506000,2,False,Thursday
beli nasi padang,makanan,215000,2,False,Thursday
makan di resto jepang,makanan,140000,2,False,Thursday
beli tiket bus,transportasi,19000,2,False,Thursday
makan di mcdonald,makanan,109000,2,False,Friday
bayar tv kabel,tagihan,323000,2,False,Friday
main game online,hiburan,148000,2,False,Friday
pengeluaran tak terduga,lainnya,64000,2,False,Friday
beli cilok,makanan,97000,2,True,Saturday
makan berdua di cafe,makanan,120000,2,True,Saturday
bayar asuransi jiwa,tagihan,382000,2,True,Saturday
servis rutin motor,transportasi,732000,2,True,Saturday
main biliar,hiburan,184000,2,True,Saturday
ganti ban motor,transportasi,605000,2,True,Sunday
bayar ujian sertifikasi,pendidikan,715000,2,False,Monday
bonus triwulan,bonus,2385000,2,False,Monday
bayar les matematika,pendidikan,299000,2,False,Monday
bayar parkir mall,transportasi,18000,2,False,Monday
beli es teh manis,makanan,11000,2,False,Tuesday
beli kopi pagi,makanan,45000,2,False,Tuesday
beli sbn ritel,investasi,5807000,2,False,Tuesday
beli es teh manis,makanan,10000,2,False,Tuesday
bayar tagihan gas,tagihan,120000,2,False,Tuesday
makan di food court,makanan,117000,2,False,Tuesday
bayar rawat jalan,kesehatan,702000,2,False,Wednesday
langganan spotify premium,hiburan,69000,2,False,Wednesday
beli kopi pagi,makanan,32000,2,False,Thursday
bayar kursus online,pendidikan,1054000,2,False,Thursday
bayar kontrakan,tempat_tinggal,3818000,2,False,Thursday
beli laptop pelajar,pendidikan,8140000,2,False,Friday
proyek animasi klien,freelance,6455000,2,False,Friday
bonus tahunan masuk,bonus,4921000,2,True,Saturday
tagihan provider bulan ini,tagihan,114000,2,True,Saturday
perpanjang kontrak rumah,tempat_tinggal,3292000,2,True,Saturday
bayar tol,transportasi,32000,2,True,Sunday
beli buku pelajaran,pendidikan,197000,2,True,Sunday
profit dari reksa dana,investasi,1585000,2,True,Sunday
bayar kontrakan,tempat_tinggal,2485000,2,True,Sunday
pesan dim sum,makanan,98000,2,True,Sunday
bayar kursus coding,pendidikan,819000,2,True,Sunday
biaya keamanan komplek,tempat_tinggal,2517000,2,False,Monday
beli suplemen daya tahan,kesehatan,241000,2,False,Monday
bayar bpjs kesehatan,tagihan,403000,2,False,Monday
deposit awal sewa,tempat_tinggal,11237000,2,False,Monday
bayar sewa apartemen,tempat_tinggal,4029000,2,False,Monday
beli bubur pagi,makanan,16000,2,False,Tuesday
servis rutin motor,transportasi,362000,2,False,Tuesday
pendapatan affiliate,freelance,881000,2,False,Tuesday
servis ac mobil,transportasi,454000,3,False,Wednesday
beli jajanan pasar,makanan,73000,3,False,Wednesday
proyek website klien,freelance,6812000,3,False,Wednesday
bayar kontrakan,tempat_tinggal,2291000,3,False,Wednesday
beli jajanan pasar,makanan,102000,3,False,Wednesday
sewa buku di perpus,hiburan,219000,3,False,Thursday
pesan gofood malam,makanan,64000,3,False,Thursday
beli sabun dan sampo,lainnya,142000,3,False,Thursday
pembayaran upah bulanan,gaji,11351000,3,False,Thursday
biaya keamanan komplek,tempat_tinggal,2477000,3,False,Friday
beli nasi padang,makanan,71000,3,False,Friday
thr lebaran diterima,bonus,11759000,3,False,Friday
naik angkot ke pasar,transportasi,4000,3,True,Saturday
pendapatan proyek konten,freelance,1524000,3,True,Saturday
beli es teh manis,makanan,16000,3,True,Saturday
pembayaran upah bulanan,gaji,12254000,3,True,Saturday
bayar kontrakan,tempat_tinggal,5720000,3,False,Monday
bayar deposit apartemen,tempat_tinggal,6326000,3,False,Monday
profit dari reksa dana,investasi,2065000,3,False,Monday
naik angkot ke pasar,transportasi,9000,3,False,Tuesday
belanja bulanan,lainnya,86000,3,False,Tuesday
beli aplikasi belajar,pendidikan,92000,3,False,Tuesday
beli laptop pelajar,pendidikan,5912000,3,False,Tuesday
bayar uang kebersihan,tempat_tinggal,93000,3,False,Tuesday
biaya keamanan komplek,tempat_tinggal,2331000,3,False,Tuesday
konsultasi kulit,kesehatan,324000,3,False,Wednesday
beli saham blue chip,investasi,4523000,3,False,Wednesday
beli kopi pagi,makanan,79000,3,False,Wednesday
makan di resto jepang,makanan,80000,3,False,Wednesday
beli topup game,hiburan,242000,3,False,Wednesday
bayar bpjs ketenagakerjaan,tagihan,377000,3,False,Thursday
proyek website klien,freelance,12806000,3,False,Thursday
main game online,hiburan,130000,3,False,Thursday
bayar mcu tahunan,kesehatan,354000,3,False,Friday
beli bubur pagi,makanan,15000,3,False,Friday
bayar ukt semester,pendidikan,298000,3,False,Friday
tagihan pln bulan ini,tagihan,403000,3,True,Saturday
beli tiket kereta,transportasi,356000,3,True,Saturday
beli es teh manis,makanan,9000,3,True,Saturday
beli aksesoris rumah,lainnya,224000,3,True,Saturday
beli buku pelajaran,pendidikan,396000,3,True,Saturday
bayar ujian sertifikasi,pendidikan,498000,3,True,Sunday
bayar tagihan gas,tagihan,96000,3,True,Sunday
beli keperluan dapur,lainnya,232000,3,False,Monday
bayar cicilan sewa tahunan,tempat_tinggal,2394000,3,False,Tuesday
iuran rt bulanan,tempat_tinggal,56000,3,False,Tuesday
tagihan provider bulan ini,tagihan,95000,3,False,Tuesday
perpanjang paket internet,tagihan,484000,3,False,Wednesday
makan di mcdonald,makanan,98000,3,False,Thursday
beli bakso pinggir jalan,makanan,86000,3,False,Thursday
beli aplikasi belajar,pendidikan,76000,3,False,Friday
pesan nasi goreng online,makanan,55000,3,False,Friday
bayar tagihan rs,kesehatan,2860000,3,False,Friday
makan di warung padang,makanan,215000,3,False,Friday
bayaran proyek desain ui,freelance,3009000,3,False,Friday
bayar pulsa bulanan,tagihan,323000,3,False,Friday
beli tiket konser,hiburan,360000,3,True,Saturday
jasa penerjemah dokumen,freelance,11250000,3,True,Saturday
naik mrt jakarta,transportasi,71000,3,True,Saturday
beli hadiah teman,lainnya,211000,3,True,Sunday
makan berdua di cafe,makanan,56000,3,False,Monday
gaji pokok bulanan,gaji,9495000,3,False,Monday
perpanjang paket internet,tagihan,206000,3,False,Monday
transfer gaji dari hrd,gaji,9424000,3,False,Monday
bayaran jasa foto produk,freelance,4566000,3,False,Monday
naik krl commuter line,transportasi,86000,3,False,Tuesday
bayaran proyek freelance,freelance,8697000,3,False,Tuesday
bayar tagihan listrik,tagihan,272000,3,False,Tuesday
bayar deposit apartemen,tempat_tinggal,6007000,3,False,Wednesday
main futsal,hiburan,220000,3,False,Wednesday
beli kartu krl,transportasi,83000,3,False,Wednesday
nonton konser online,hiburan,644000,3,False,Friday
beli jajanan pasar,makanan,91000,3,False,Friday
naik krl commuter line,transportasi,181000,3,True,Saturday
bayar sewa rumah,tempat_tinggal,5023000,3,True,Saturday
bayar pulsa bulanan,tagihan,245000,3,True,Saturday
biaya pengelolaan apartemen,tempat_tinggal,7342000,3,True,Saturday
bayar mcu tahunan,kesehatan,175000,3,True,Saturday
bayar kos minggu pertama,tempat_tinggal,2275000,3,True,Saturday
bayar bootcamp,pendidikan,321000,3,True,Saturday
makan di resto jepang,makanan,88000,3,True,Sunday
bayar mcu tahunan,kesehatan,216000,3,True,Sunday
iuran kebersihan lingkungan,tempat_tinggal,55000,3,True,Sunday
beli buku pelajaran,pendidikan,310000,3,False,Monday
beli kopi pagi,makanan,86000,3,False,Monday
beli gorengan sore,makanan,8000,3,False,Tuesday
beli produk rumahan,lainnya,190000,3,False,Tuesday
beli kopi pagi,makanan,18000,3,False,Wednesday
bayar workshop desain,pendidikan,311000,3,False,Wednesday
beli tiket kereta,transportasi,329000,3,False,Wednesday
beli aksesoris rumah,lainnya,147000,3,False,Wednesday
pesan nasi goreng online,makanan,23000,3,False,Thursday
menabung rutin bulanan,tabungan,1280000,3,False,Thursday
slip gaji diterima,gaji,14218000,3,False,Thursday
sarapan nasi uduk,makanan,80000,3,False,Friday
bayar ipl apartemen,tempat_tinggal,2471000,3,False,Friday
nonton konser online,hiburan,283000,4,True,Saturday
naik grab ke kantor,transportasi,31000,4,True,Saturday
simpan untuk keperluan mendesak,tabungan,2008000,4,True,Saturday
bayar cicilan sewa tahunan,tempat_tinggal,968000,4,True,Sunday
bonus ekstra dari kantor,bonus,2353000,4,True,Sunday
deposit awal sewa,tempat_tinggal,5347000,4,True,Sunday
streaming disney,hiburan,120000,4,False,Monday
bayar ipl apartemen,tempat_tinggal,5186000,4,False,Tuesday
beli sabun dan sampo,lainnya,185000,4,False,Tuesday
bayar tagihan air,tagihan,126000,4,False,Tuesday
beli obat resep,kesehatan,75000,4,False,Wednesday
bayar deposit apartemen,tempat_tinggal,6731000,4,False,Thursday
slip gaji diterima,gaji,13788000,4,False,Thursday
pesan dim sum,makanan,142000,4,False,Thursday
naik mrt jakarta,transportasi,220000,4,False,Thursday
bayar ukt semester,pendidikan,131000,4,False,Thursday
pesan pizza online,makanan,165000,4,False,Friday
piknik di taman,hiburan,146000,4,False,Friday
bayar parkir mall,transportasi,20000,4,False,Friday
naik taksi online,transportasi,111000,4,False,Friday
bayar kursus desain,pendidikan,996000,4,False,Friday
perpanjang kontrak rumah,tempat_tinggal,3700000,4,False,Friday
bayar ukt semester,pendidikan,449000,4,True,Saturday
bayar les matematika,pendidikan,157000,4,True,Saturday
bayar parkir mall,transportasi,23000,4,True,Saturday
karaoke bareng teman,hiburan,233000,4,True,Sunday
pesan dim sum,makanan,77000,4,True,Sunday
uang sewa bulan ini,tempat_tinggal,2095000,4,True,Sunday
nabung rutin mingguan,tabungan,3201000,4,True,Sunday
bayar cicilan hp,tagihan,244000,4,True,Sunday
bayar tagihan gas,tagihan,119000,4,False,Monday
beli alat tulis,pendidikan,61000,4,False,Monday
beli snack kantor,makanan,40000,4,False,Monday
beli minuman kekinian,makanan,125000,4,False,Tuesday
beli reksa dana saham,investasi,12100000,4,False,Tuesday
beli es teh manis,makanan,14000,4,False,Tuesday
pesan ayam geprek,makanan,40000,4,False,Tuesday
bayar tagihan phone,tagihan,299000,4,False,Wednesday
pembayaran gaji karyawan,gaji,21243000,4,False,Wednesday
pesan ayam geprek,makanan,29000,4,False,Wednesday
bayar tagihan gas,tagihan,113000,4,False,Wednesday
main bowling,hiburan,168000,4,False,Thursday
makan di mcdonald,makanan,88000,4,False,Thursday
naik travel antar kota,transportasi,117000,4,False,Thursday
bayar tagihan phone,tagihan,335000,4,False,Thursday
penerimaan gaji pokok,gaji,15698000,4,False,Friday
pengeluaran mendadak,lainnya,173000,4,False,Friday
main bowling,hiburan,363000,4,False,Friday
makan soto ayam,makanan,135000,4,True,Saturday
bayar seminar online,pendidikan,607000,4,True,Saturday
beli peralatan sekolah,pendidikan,209000,4,True,Saturday
biaya pengelolaan apartemen,tempat_tinggal,4625000,4,True,Saturday
pembayaran gaji karyawan,gaji,20391000,4,True,Saturday
bayar fisioterapi,kesehatan,472000,4,True,Saturday
naik bus transjakarta,transportasi,28000,4,True,Saturday
perpanjang kontrak rumah,tempat_tinggal,2527000,4,True,Saturday
pendapatan affiliate,freelance,1029000,4,True,Sunday
ganti oli motor,transportasi,64000,4,True,Sunday
bayar fisioterapi,kesehatan,259000,4,True,Sunday
perpanjang paket internet,tagihan,418000,4,False,Monday
perpanjang sewa kos,tempat_tinggal,1301000,4,False,Tuesday
gaji plus lembur,gaji,18120000,4,False,Tuesday
bayar ipl apartemen,tempat_tinggal,5096000,4,False,Wednesday
makan di kantin,makanan,39000,4,False,Wednesday
iuran kebersihan lingkungan,tempat_tinggal,47000,4,False,Thursday
beli aplikasi belajar,pendidikan,94000,4,False,Thursday
servis rutin motor,transportasi,182000,4,False,Thursday
pesan martabak,makanan,93000,4,False,Thursday
biaya pengelolaan apartemen,tempat_tinggal,3151000,4,False,Friday
bayar uang kebersihan,tempat_tinggal,116000,4,False,Friday
bayar kos bulanan,tempat_tinggal,2477000,4,False,Friday
bayar tagihan gas,tagihan,113000,4,False,Friday
pesan mie ayam,makanan,157000,4,False,Friday
keuntungan investasi saham,investasi,4181000,4,False,Friday
konsultasi gigi,kesehatan,550000,4,True,Saturday
bayar pulsa bulanan,tagihan,483000,4,True,Saturday
sewa kos bulanan,tempat_tinggal,1501000,4,True,Saturday
perpanjang kontrak rumah,tempat_tinggal,5775000,4,True,Saturday
bayar sewa rumah,tempat_tinggal,2182000,4,True,Sunday
bayar deposit apartemen,tempat_tinggal,3955000,4,True,Sunday
bayar asuransi jiwa,tagihan,522000,4,True,Sunday
perpanjang sewa kos,tempat_tinggal,1269000,4,False,Monday
kontrol dokter spesialis,kesehatan,218000,4,False,Monday
bonus produksi,bonus,5427000,4,False,Monday
sewa kos bulanan,tempat_tinggal,1785000,4,False,Tuesday
perpanjang paket internet,tagihan,383000,4,False,Tuesday
bayar ukt semester,pendidikan,265000,4,False,Tuesday
biaya bensin mobil,transportasi,88000,4,False,Tuesday
makan di kfc,makanan,61000,4,False,Tuesday
nonton pertandingan bola,hiburan,134000,4,False,Wednesday
bonus tahunan masuk,bonus,5592000,4,False,Wednesday
proyek desain presentasi,freelance,1602000,4,False,Thursday
pengeluaran harian,lainnya,314000,4,False,Thursday
bayar langganan icloud,tagihan,54000,4,False,Friday
bayar parkir kantor,transportasi,19000,4,False,Friday
bayar sewa apartemen,tempat_tinggal,11440000,4,True,Saturday
makan di kantin,makanan,21000,4,True,Saturday
bayar uang kebersihan,tempat_tinggal,84000,4,True,Sunday
bayar tagihan phone,tagihan,360000,4,True,Sunday
bayar kontrakan,tempat_tinggal,3056000,4,True,Sunday
main game online,hiburan,216000,4,True,Sunday
bayar cicilan sewa tahunan,tempat_tinggal,3539000,4,True,Sunday
bayar bpjs ketenagakerjaan,tagihan,323000,4,True,Sunday
pesan pizza online,makanan,54000,5,False,Monday
uang sewa bulan ini,tempat_tinggal,2158000,5,False,Monday
bayar wifi rumah,tagihan,317000,5,False,Monday
biaya sewa studio,tempat_tinggal,1633000,5,False,Monday
beli es teh manis,makanan,10000,5,False,Tuesday
top up kartu etoll,transportasi,97000,5,False,Tuesday
fee proyek seo,freelance,12468000,5,False,Tuesday
sewa kos bulanan,tempat_tinggal,2099000,5,False,Tuesday
pesan shopeefood siang,makanan,84000,5,False,Tuesday
isi bensin motor,transportasi,168000,5,False,Wednesday
main game online,hiburan,89000,5,False,Wednesday
pesan grabfood,makanan,112000,5,False,Wednesday
bayar cicilan sewa tahunan,tempat_tinggal,3805000,5,False,Wednesday
simpan untuk keperluan mendesak,tabungan,1392000,5,False,Wednesday
ongkos naik ojek,transportasi,129000,5,False,Wednesday
beli cilok,makanan,94000,5,False,Thursday
beli produk rumahan,lainnya,90000,5,False,Thursday
bayar premi asuransi,tagihan,386000,5,False,Thursday
beli bubur pagi,makanan,25000,5,False,Thursday
beli alat tensi,kesehatan,572000,5,False,Thursday
beli kartu krl,transportasi,183000,5,False,Thursday
bonus tahunan masuk,bonus,3901000,5,False,Friday
beli roti pagi,makanan,20000,5,False,Friday
makan di resto jepang,makanan,49000,5,False,Friday
makan berdua di cafe,makanan,133000,5,False,Friday
bayar bpjs ketenagakerjaan,tagihan,251000,5,False,Friday
bayar kos bulanan,tempat_tinggal,1589000,5,True,Saturday
beli tiket pertandingan,hiburan,565000,5,True,Saturday
investasi reksa dana pasar uang,investasi,1844000,5,True,Saturday
bayar paket data,tagihan,57000,5,True,Saturday
beli perlengkapan ibadah,lainnya,139000,5,True,Sunday
belanja kebutuhan dapur,lainnya,267000,5,True,Sunday
makan malam di restoran,makanan,75000,5,False,Monday
makan berdua di cafe,makanan,29000,5,False,Monday
iuran rt bulanan,tempat_tinggal,87000,5,False,Monday
naik bus transjakarta,transportasi,23000,5,False,Monday
pesan ayam geprek,makanan,48000,5,False,Tuesday
bayar tagihan gas,tagihan,70000,5,False,Tuesday
beli voucher game,hiburan,120000,5,False,Tuesday
deposit awal sewa,tempat_tinggal,10471000,5,False,Tuesday
servis ac mobil,transportasi,260000,5,False,Wednesday
iuran rt bulanan,tempat_tinggal,99000,5,False,Wednesday
perpanjang kontrak rumah,tempat_tinggal,3858000,5,False,Wednesday
main game online,hiburan,142000,5,False,Wednesday
beli alat tensi,kesehatan,235000,5,False,Wednesday
bayar kos minggu pertama,tempat_tinggal,1840000,5,False,Thursday
main bowling,hiburan,67000,5,False,Thursday
bayar ukt semester,pendidikan,221000,5,False,Friday
pendapatan nulis artikel,freelance,6452000,5,False,Friday
bayar tol,transportasi,33000,5,False,Friday
insentif bulanan,bonus,3407000,5,False,Friday
iuran kebersihan lingkungan,tempat_tinggal,94000,5,False,Friday
bayar kos bulanan,tempat_tinggal,1439000,5,True,Saturday
naik ojek online,transportasi,133000,5,True,Saturday
pesan shopeefood siang,makanan,68000,5,True,Saturday
langganan hbo max,hiburan,145000,5,True,Sunday
naik gojek pulang,transportasi,50000,5,True,Sunday
beli emas digital,investasi,2360000,5,True,Sunday
beli kamus,pendidikan,239000,5,True,Sunday
biaya pengelolaan apartemen,tempat_tinggal,7821000,5,False,Monday
bayar uang kebersihan,tempat_tinggal,95000,5,False,Monday
streaming disney,hiburan,41000,5,False,Monday
pesan ayam geprek,makanan,42000,5,False,Monday
bayar parkir kantor,transportasi,16000,5,False,Monday
top up emas antam digital,investasi,2122000,5,False,Monday
beli roti pagi,makanan,35000,5,False,Tuesday
bayar cicilan sewa tahunan,tempat_tinggal,1678000,5,False,Tuesday
isi saldo emoney,transportasi,85000,5,False,Tuesday
beli sabun dan sampo,lainnya,141000,5,False,Tuesday
beli bakso pinggir jalan,makanan,66000,5,False,Wednesday
makan di mcdonald,makanan,165000,5,False,Wednesday
bayar ipl apartemen,tempat_tinggal,3709000,5,False,Wednesday
isi bensin motor,transportasi,162000,5,False,Wednesday
ongkos naik ojek,transportasi,122000,5,False,Wednesday
keuntungan dari portofolio,investasi,1561000,5,False,Thursday
uang muka sewa kos,tempat_tinggal,1268000,5,False,Friday
bonus performance review,bonus,3263000,5,False,Friday
biaya sewa studio,tempat_tinggal,1189000,5,True,Saturday
bayar langganan icloud,tagihan,31000,5,True,Saturday
pesan nasi goreng online,makanan,29000,5,True,Sunday
beli reksa dana saham,investasi,3031000,5,True,Sunday
transaksi harian rutin,lainnya,220000,5,True,Sunday
pesan mie ayam,makanan,157000,5,True,Sunday
perpanjang sewa kos,tempat_tinggal,1745000,5,True,Sunday
nonton konser online,hiburan,722000,5,True,Sunday
beli tiket bus,transportasi,22000,5,False,Monday
bonus kinerja triwulan,gaji,7233000,5,False,Monday
bayar pulsa bulanan,tagihan,605000,5,False,Monday
pesan shopeefood siang,makanan,108000,5,False,Monday
pesan martabak,makanan,165000,5,False,Monday
naik gojek pulang,transportasi,21000,5,False,Tuesday
bayar les matematika,pendidikan,495000,5,False,Tuesday
main bowling,hiburan,260000,5,False,Tuesday
bayar cicilan hp,tagihan,396000,5,False,Tuesday
beli roti pagi,makanan,24000,5,False,Tuesday
bayar bpjs kesehatan,tagihan,246000,5,False,Tuesday
perpanjang sewa kos,tempat_tinggal,2534000,5,False,Wednesday
langganan hbo max,hiburan,151000,5,False,Wednesday
pesan dim sum,makanan,52000,5,False,Wednesday
pengeluaran harian,lainnya,113000,5,False,Wednesday
bayar fisioterapi,kesehatan,295000,5,False,Thursday
pesan nasi goreng online,makanan,36000,5,False,Thursday
beli peralatan kebersihan,lainnya,172000,5,False,Thursday
beli es teh manis,makanan,26000,5,False,Friday
nonton pertandingan bola,hiburan,139000,5,False,Friday
bayar bpjs kesehatan,tagihan,336000,5,False,Friday
sewa ps sehari,hiburan,83000,5,True,Saturday
iuran rt bulanan,tempat_tinggal,149000,5,True,Saturday
bayar kos minggu pertama,tempat_tinggal,1589000,5,True,Saturday
uang sewa bulan ini,tempat_tinggal,3279000,5,True,Sunday
beli bakso pinggir jalan,makanan,77000,5,True,Sunday
beli minuman kekinian,makanan,151000,5,True,Sunday
beli tiket kereta,transportasi,459000,5,True,Sunday
beli kopi pagi,makanan,49000,5,True,Sunday
kontrol dokter spesialis,kesehatan,345000,5,True,Sunday
beli peralatan sekolah,pendidikan,243000,5,False,Monday
naik krl commuter line,transportasi,81000,5,False,Tuesday
beli emas digital,investasi,2401000,5,False,Tuesday
bayar deposit apartemen,tempat_tinggal,8800000,5,False,Tuesday
main game online,hiburan,218000,5,False,Wednesday
naik gojek pulang,transportasi,21000,5,False,Wednesday
iuran rt bulanan,tempat_tinggal,140000,5,False,Wednesday
bayar sewa rumah,tempat_tinggal,2238000,5,False,Wednesday
beli kamus,pendidikan,380000,5,False,Wednesday
perpanjang paket internet,tagihan,344000,6,False,Thursday
sewa kos bulanan,tempat_tinggal,820000,6,False,Thursday
uang sewa bulan ini,tempat_tinggal,1991000,6,False,Thursday
bayar tagihan air,tagihan,88000,6,False,Friday
biaya sewa studio,tempat_tinggal,1521000,6,False,Friday
beli hadiah teman,lainnya,119000,6,False,Friday
piknik di taman,hiburan,223000,6,True,Saturday
streaming disney,hiburan,90000,6,True,Saturday
pesan dim sum,makanan,112000,6,True,Saturday
pesan martabak,makanan,87000,6,True,Saturday
beli bakso pinggir jalan,makanan,179000,6,True,Sunday
proyek desain presentasi,freelance,5500000,6,True,Sunday
pesan pizza online,makanan,100000,6,True,Sunday
pesan dim sum,makanan,103000,6,True,Sunday
bayar paket data,tagihan,133000,6,True,Sunday
bayar tagihan air,tagihan,90000,6,False,Monday
penerimaan gaji pokok,gaji,13160000,6,False,Monday
naik ojek online,transportasi,197000,6,False,Monday
pesan burger online,makanan,38000,6,False,Monday
uang sewa bulan ini,tempat_tinggal,4180000,6,False,Tuesday
konsultasi ke dokter umum,kesehatan,343000,6,False,Tuesday
bayaran jasa foto produk,freelance,5286000,6,False,Tuesday
nonton bioskop bareng,hiburan,138000,6,False,Tuesday
beli keperluan dapur,lainnya,208000,6,False,Wednesday
bayar sewa rumah,tempat_tinggal,1789000,6,False,Wednesday
beli voucher game,hiburan,215000,6,False,Wednesday
bayar ipl apartemen,tempat_tinggal,5592000,6,False,Wednesday
bayar parkir kantor,transportasi,22000,6,False,Thursday
pengeluaran harian,lainnya,258000,6,False,Thursday
pesan dim sum,makanan,66000,6,False,Thursday
sewa kos bulanan,tempat_tinggal,1894000,6,False,Friday
bayaran proyek data entry,freelance,652000,6,False,Friday
naik taksi online,transportasi,150000,6,False,Friday
bayar kos minggu pertama,tempat_tinggal,705000,6,False,Friday
menabung untuk beli rumah,tabungan,1943000,6,True,Saturday
beli modul belajar,pendidikan,261000,6,True,Saturday
bonus kinerja bagus,bonus,3416000,6,True,Sunday
bayar premi asuransi,tagihan,730000,6,True,Sunday
bayar tagihan listrik,tagihan,290000,6,True,Sunday
bayar cicilan sewa tahunan,tempat_tinggal,1986000,6,True,Sunday
bayar paket data,tagihan,95000,6,True,Sunday
bayar kursus online,pendidikan,697000,6,True,Sunday
perpanjang sewa kos,tempat_tinggal,2773000,6,False,Monday
bayar cicilan sewa tahunan,tempat_tinggal,2164000,6,False,Monday
bayar parkir kantor,transportasi,5000,6,False,Tuesday
makan di warung padang,makanan,70000,6,False,Tuesday
bonus proyek selesai,bonus,1997000,6,False,Wednesday
top up kartu etoll,transportasi,25000,6,False,Wednesday
main futsal,hiburan,80000,6,False,Thursday
biaya sewa studio,tempat_tinggal,1345000,6,False,Thursday
perpanjang kontrak rumah,tempat_tinggal,6050000,6,False,Thursday
sewa buku di perpus,hiburan,195000,6,False,Friday
beli kamus,pendidikan,261000,6,False,Friday
makan malam di restoran,makanan,165000,6,False,Friday
beli aplikasi belajar,pendidikan,72000,6,False,Friday
naik krl commuter line,transportasi,77000,6,False,Friday
slip gaji diterima,gaji,8769000,6,True,Saturday
bayar uang kebersihan,tempat_tinggal,35000,6,True,Saturday
sewa ps sehari,hiburan,140000,6,True,Saturday
penerimaan upah kerja,gaji,16171000,6,True,Sunday
top up kartu etoll,transportasi,47000,6,True,Sunday
bayar tol,transportasi,39000,6,True,Sunday
bayar kos minggu pertama,tempat_tinggal,1130000,6,False,Monday
return pp lending,investasi,3935000,6,False,Monday
bayar kursus bahasa inggris,pendidikan,536000,6,False,Monday
piknik di taman,hiburan,248000,6,False,Monday
bayar bpjs kesehatan,tagihan,263000,6,False,Tuesday
bayar asuransi jiwa,tagihan,448000,6,False,Tuesday
bayar paket data,tagihan,66000,6,False,Wednesday
pesan gofood malam,makanan,65000,6,False,Thursday
pesan burger online,makanan,134000,6,False,Thursday
perpanjang sewa kos,tempat_tinggal,1927000,6,False,Thursday
beli gorengan sore,makanan,14000,6,False,Thursday
bayar ukt semester,pendidikan,354000,6,False,Thursday
bayar kos minggu pertama,tempat_tinggal,1167000,6,False,Friday
naik krl commuter line,transportasi,109000,6,False,Friday
makan di food court,makanan,60000,6,False,Friday
thr lebaran diterima,bonus,17513000,6,False,Friday
nabung rutin mingguan,tabungan,1418000,6,False,Friday
beli gorengan sore,makanan,15000,6,True,Saturday
uang sewa bulan ini,tempat_tinggal,3585000,6,True,Saturday
bayar langganan icloud,tagihan,61000,6,True,Saturday
pesan pizza online,makanan,98000,6,True,Sunday
beli snack kantor,makanan,53000,6,True,Sunday
beli voucher game,hiburan,209000,6,True,Sunday
uang muka sewa kos,tempat_tinggal,1289000,6,True,Sunday
bayar sewa apartemen,tempat_tinggal,2828000,6,True,Sunday
biaya sewa studio,tempat_tinggal,809000,6,True,Sunday
belanja online,lainnya,234000,6,True,Sunday
sewa buku di perpus,hiburan,81000,6,True,Sunday
bayar parkir mall,transportasi,15000,6,True,Sunday
pesan martabak,makanan,119000,6,False,Monday
fee konsultasi bisnis,freelance,6406000,6,False,Monday
transfer gaji dari hrd,gaji,13497000,6,False,Tuesday
bayar deposit apartemen,tempat_tinggal,6613000,6,False,Tuesday
bayar deposit apartemen,tempat_tinggal,9680000,6,False,Tuesday
naik angkot ke pasar,transportasi,6000,6,False,Tuesday
bayar ujian sertifikasi,pendidikan,231000,6,False,Wednesday
pengeluaran harian,lainnya,129000,6,False,Wednesday
investasi reksa dana pasar uang,investasi,3714000,6,False,Wednesday
bayar sewa rumah,tempat_tinggal,5637000,6,False,Wednesday
sarapan nasi uduk,makanan,109000,6,False,Wednesday
bayar sewa apartemen,tempat_tinggal,8360000,6,False,Wednesday
tabungan masa depan,tabungan,1099000,6,False,Thursday
bayar sewa rumah,tempat_tinggal,6050000,6,False,Thursday
bayar les privat,pendidikan,578000,6,False,Thursday
ganti oli motor,transportasi,203000,6,False,Thursday
bayar les privat,pendidikan,578000,6,False,Thursday
main escape room,hiburan,89000,6,False,Friday
main bowling,hiburan,162000,6,False,Friday
bayar cicilan sewa tahunan,tempat_tinggal,1967000,7,True,Saturday
bayar ipl apartemen,tempat_tinggal,7340000,7,True,Saturday
perpanjang kontrak rumah,tempat_tinggal,3053000,7,True,Saturday
bayar sewa rumah,tempat_tinggal,5324000,7,True,Saturday
bayar premi asuransi,tagihan,1047000,7,True,Saturday
bayar kartu kredit,tagihan,479000,7,True,Sunday
sarapan nasi uduk,makanan,132000,7,True,Sunday
pesan nasi goreng online,makanan,26000,7,True,Sunday
jasa pengelolaan media sosial,freelance,4037000,7,True,Sunday
makan di warteg,makanan,157000,7,True,Sunday
bayar kontrakan,tempat_tinggal,3944000,7,False,Monday
bayar ipl apartemen,tempat_tinggal,5956000,7,False,Monday
bayar premium spotify,tagihan,307000,7,False,Monday
beli jajanan pasar,makanan,40000,7,False,Tuesday
beli tiket bus,transportasi,11000,7,False,Tuesday
iuran rt bulanan,tempat_tinggal,173000,7,False,Tuesday
beli roti pagi,makanan,10000,7,False,Wednesday
bayar seminar online,pendidikan,356000,7,False,Thursday
makan bareng keluarga,makanan,362000,7,False,Thursday
naik angkot ke pasar,transportasi,8000,7,False,Friday
bayar kos bulanan,tempat_tinggal,1865000,7,False,Friday
belanja kebutuhan dapur,lainnya,282000,7,True,Saturday
beli roti pagi,makanan,20000,7,True,Saturday
iuran rt bulanan,tempat_tinggal,165000,7,True,Saturday
bayar kontrakan,tempat_tinggal,1834000,7,True,Saturday
bayar uang kebersihan,tempat_tinggal,104000,7,True,Sunday
proyek animasi klien,freelance,5287000,7,False,Monday
pesan mie ayam,makanan,130000,7,False,Tuesday
sewa kos bulanan,tempat_tinggal,2165000,7,False,Tuesday
gaji plus lembur,gaji,10460000,7,False,Wednesday
uang muka sewa kos,tempat_tinggal,1989000,7,False,Wednesday
gaji plus tunjangan,gaji,7586000,7,False,Thursday
beli jajanan pasar,makanan,110000,7,False,Thursday
beli peralatan sekolah,pendidikan,239000,7,False,Friday
bayar deposit apartemen,tempat_tinggal,7101000,7,False,Friday
transfer gaji dari hrd,gaji,19315000,7,False,Friday
beli snack kantor,makanan,36000,7,True,Saturday
top up tabungan emas,investasi,1719000,7,False,Monday
bayaran proyek data entry,freelance,510000,7,False,Monday
tagihan pln bulan ini,tagihan,228000,7,False,Monday
menabung rutin bulanan,tabungan,2546000,7,False,Monday
bayar tol,transportasi,86000,7,False,Monday
main game online,hiburan,140000,7,False,Tuesday
beli roti pagi,makanan,20000,7,False,Tuesday
bonus akhir tahun,bonus,2001000,7,False,Wednesday
beli alat tulis,pendidikan,111000,7,False,Wednesday
streaming disney,hiburan,101000,7,False,Wednesday
pesan burger online,makanan,182000,7,False,Thursday
bayar kos minggu pertama,tempat_tinggal,1161000,7,False,Thursday
bayar tagihan listrik,tagihan,397000,7,False,Thursday
bayar mcu tahunan,kesehatan,348000,7,False,Thursday
jasa pembuatan aplikasi,freelance,7704000,7,False,Friday
beli snack kantor,makanan,39000,7,True,Saturday
bayar kursus desain,pendidikan,608000,7,True,Saturday
naik gojek pulang,transportasi,52000,7,True,Saturday
beli jajanan pasar,makanan,157000,7,True,Saturday
beli tiket konser,hiburan,435000,7,True,Sunday
belanja online,lainnya,272000,7,True,Sunday
perpanjang sewa kos,tempat_tinggal,2635000,7,True,Sunday
beli tiket konser,hiburan,696000,7,True,Sunday
sewa ps sehari,hiburan,187000,7,True,Sunday
bayar parkir inap,transportasi,25000,7,False,Monday
biaya pengelolaan apartemen,tempat_tinggal,4091000,7,False,Monday
sarapan di warung,makanan,101000,7,False,Monday
perpanjang paket internet,tagihan,165000,7,False,Monday
beli minuman kekinian,makanan,129000,7,False,Tuesday
bayar cicilan sewa tahunan,tempat_tinggal,1838000,7,False,Tuesday
naik taksi online,transportasi,206000,7,False,Tuesday
bayar kontrakan,tempat_tinggal,2530000,7,False,Wednesday
iuran kebersihan lingkungan,tempat_tinggal,85000,7,False,Thursday
beli buku pelajaran,pendidikan,165000,7,False,Thursday
pesan mie ayam,makanan,81000,7,False,Friday
makan di kfc,makanan,97000,7,True,Saturday
naik grab ke kantor,transportasi,11000,7,True,Saturday
naik mrt jakarta,transportasi,188000,7,True,Sunday
bayar premi asuransi,tagihan,900000,7,True,Sunday
bayar rawat jalan,kesehatan,652000,7,True,Sunday
deposit awal sewa,tempat_tinggal,4507000,7,False,Monday
bayar kos minggu pertama,tempat_tinggal,2612000,7,False,Monday
bonus akhir tahun,bonus,2072000,7,False,Monday
bayar kos bulanan,tempat_tinggal,1040000,7,False,Monday
beli peralatan sekolah,pendidikan,364000,8,False,Tuesday
transfer ke rekening tabungan,tabungan,2217000,8,False,Tuesday
piknik di taman,hiburan,162000,8,False,Wednesday
beli tiket bus,transportasi,19000,8,False,Wednesday
liburan akhir pekan,hiburan,620000,8,False,Wednesday
cicilan investasi bulanan,investasi,4357000,8,False,Wednesday
bayar kontrakan,tempat_tinggal,4204000,8,False,Wednesday
bayar asuransi jiwa,tagihan,711000,8,False,Thursday
beli tiket festival,hiburan,199000,8,False,Friday
bayar ukt semester,pendidikan,523000,8,False,Friday
pesan shopeefood siang,makanan,118000,8,False,Friday
investasi reksa dana pasar uang,investasi,1748000,8,False,Friday
makan bareng keluarga,makanan,316000,8,False,Friday
makan di kantin,makanan,46000,8,True,Saturday
beli minuman kekinian,makanan,60000,8,True,Saturday
pendapatan proyek konten,freelance,1447000,8,True,Saturday
beli hadiah teman,lainnya,218000,8,True,Saturday
bayar les privat,pendidikan,385000,8,True,Saturday
kontrol dokter spesialis,kesehatan,194000,8,True,Sunday
transfer payroll kantor,gaji,18824000,8,True,Sunday
beli kamus,pendidikan,660000,8,True,Sunday
makan siang bareng teman,makanan,103000,8,True,Sunday
bayar tagihan phone,tagihan,211000,8,True,Sunday
naik travel antar kota,transportasi,61000,8,False,Monday
biaya pengelolaan apartemen,tempat_tinggal,5793000,8,False,Monday
bayar kos minggu pertama,tempat_tinggal,3336000,8,False,Monday
iuran rt bulanan,tempat_tinggal,126000,8,False,Monday
uang muka sewa kos,tempat_tinggal,1648000,8,False,Monday
beli skin game,hiburan,121000,8,False,Monday
makan berdua di cafe,makanan,62000,8,False,Tuesday
sewa kos bulanan,tempat_tinggal,2534000,8,False,Tuesday
uang sewa bulan ini,tempat_tinggal,3615000,8,False,Wednesday
bayar kos minggu pertama,tempat_tinggal,845000,8,False,Wednesday
tes laboratorium,kesehatan,660000,8,False,Wednesday
bonus kinerja bagus,bonus,3616000,8,False,Thursday
main game online,hiburan,186000,8,False,Thursday
beli snack kantor,makanan,19000,8,False,Thursday
makan malam di restoran,makanan,84000,8,False,Thursday
naik angkot ke pasar,transportasi,9000,8,False,Friday
perpanjang paket internet,tagihan,370000,8,False,Friday
iuran rt bulanan,tempat_tinggal,165000,8,False,Friday
pendapatan kursus online,freelance,2940000,8,True,Saturday
main bowling,hiburan,156000,8,True,Saturday
bayar les privat,pendidikan,261000,8,True,Saturday
ganti oli motor,transportasi,198000,8,True,Saturday
beli kebutuhan pribadi,lainnya,126000,8,True,Saturday
bayar kontrakan,tempat_tinggal,5720000,8,True,Saturday
bayar cicilan sewa tahunan,tempat_tinggal,2238000,8,True,Saturday
makan di warung padang,makanan,173000,8,True,Saturday
beli reksa dana saham,investasi,6924000,8,True,Sunday
gaji plus lembur,gaji,13941000,8,True,Sunday
langganan hbo max,hiburan,110000,8,False,Monday
bayar deposit apartemen,tempat_tinggal,5279000,8,False,Monday
thr lebaran diterima,bonus,9988000,8,False,Monday
beli cilok,makanan,94000,8,False,Tuesday
bayar tagihan phone,tagihan,227000,8,False,Tuesday
langganan youtube premium,hiburan,170000,8,False,Tuesday
servis rutin motor,transportasi,593000,8,False,Tuesday
ongkos naik ojek,transportasi,53000,8,False,Tuesday
beli es teh manis,makanan,16000,8,False,Tuesday
bayar paket data,tagihan,64000,8,False,Wednesday
beli deterjen,lainnya,111000,8,False,Wednesday
ganti oli motor,transportasi,67000,8,False,Wednesday
bayar cicilan motor,tagihan,148000,8,False,Wednesday
bayar ipl apartemen,tempat_tinggal,4158000,8,False,Wednesday
jasa edit video,freelance,3345000,8,False,Wednesday
karaoke bareng teman,hiburan,484000,8,False,Wednesday
pesan dim sum,makanan,85000,8,False,Thursday
bayar tagihan phone,tagihan,292000,8,False,Thursday
bayar kontrakan,tempat_tinggal,3228000,8,False,Friday
beli cilok,makanan,100000,8,False,Friday
bayar tagihan listrik,tagihan,373000,8,True,Saturday
makan di kantin,makanan,19000,8,True,Saturday
naik ojek online,transportasi,181000,8,True,Saturday
bayar sewa rumah,tempat_tinggal,6050000,8,True,Sunday
isi saldo emoney,transportasi,58000,8,True,Sunday
naik angkot ke pasar,transportasi,7000,8,True,Sunday
sarapan nasi uduk,makanan,97000,8,True,Sunday
belanja online,lainnya,132000,8,False,Monday
tagihan provider bulan ini,tagihan,185000,8,False,Tuesday
bayar parkir inap,transportasi,14000,8,False,Tuesday
beli masker kesehatan,kesehatan,550000,8,False,Tuesday
top up kartu etoll,transportasi,74000,8,False,Tuesday
beli keperluan dapur,lainnya,201000,8,False,Tuesday
top up kartu etoll,transportasi,73000,8,False,Wednesday
beli tiket konser,hiburan,1079000,8,False,Wednesday
beli nasi padang,makanan,87000,8,False,Wednesday
makan di warteg,makanan,62000,8,False,Thursday
bayar kos bulanan,tempat_tinggal,2043000,8,False,Thursday
pesan grabfood,makanan,115000,8,False,Thursday
bayar cicilan hp,tagihan,352000,8,False,Thursday
pesan gofood malam,makanan,47000,8,False,Friday
bayar wifi rumah,tagihan,208000,8,True,Saturday
beli laptop pelajar,pendidikan,10412000,8,True,Saturday
beli saham teknologi,investasi,5389000,8,True,Saturday
makan di warung padang,makanan,182000,8,True,Saturday
makan di resto jepang,makanan,47000,8,True,Saturday
top up kartu etoll,transportasi,62000,8,True,Sunday
bayar langganan icloud,tagihan,55000,8,True,Sunday
sewa kos bulanan,tempat_tinggal,3575000,8,True,Sunday
beli es teh manis,makanan,13000,8,True,Sunday
naik grab ke kantor,transportasi,48000,8,True,Sunday
bayar uang kebersihan,tempat_tinggal,90000,8,True,Sunday
pesan martabak,makanan,108000,8,True,Sunday
beli tiket kereta,transportasi,378000,8,False,Tuesday
naik mrt jakarta,transportasi,128000,8,False,Tuesday
slip gaji diterima,gaji,5053000,8,False,Tuesday
bayar ukt semester,pendidikan,437000,8,False,Tuesday
naik bus transjakarta,transportasi,16000,8,False,Tuesday
bayar kontrakan,tempat_tinggal,3271000,8,False,Tuesday
makan di resto jepang,makanan,182000,8,False,Wednesday
uang muka sewa kos,tempat_tinggal,1134000,8,False,Wednesday
bayar les privat,pendidikan,283000,8,False,Thursday
bayar parkir kantor,transportasi,43000,8,False,Thursday
main bowling,hiburan,130000,8,False,Thursday
beli es teh manis,makanan,11000,8,False,Thursday
biaya sewa studio,tempat_tinggal,1618000,8,False,Thursday
bayar kontrakan,tempat_tinggal,4042000,8,False,Thursday
pengeluaran mendadak,lainnya,182000,8,False,Thursday
sewa kos bulanan,tempat_tinggal,984000,8,False,Thursday
bayar cicilan sewa tahunan,tempat_tinggal,2241000,9,True,Saturday
bayar wifi rumah,tagihan,261000,9,True,Sunday
thr lebaran diterima,bonus,9066000,9,True,Sunday
bayar kontrakan,tempat_tinggal,3261000,9,True,Sunday
sewa kos bulanan,tempat_tinggal,1950000,9,False,Monday
pengeluaran tak terduga,lainnya,91000,9,False,Monday
menabung untuk beli rumah,tabungan,3241000,9,False,Monday
uang sewa bulan ini,tempat_tinggal,3797000,9,False,Tuesday
bayar tagihan phone,tagihan,526000,9,False,Tuesday
bayar tol,transportasi,58000,9,False,Wednesday
naik bus transjakarta,transportasi,26000,9,False,Wednesday
bayar parkir inap,transportasi,23000,9,False,Wednesday
bayar tv kabel,tagihan,492000,9,False,Wednesday
beli alat tulis,pendidikan,82000,9,False,Thursday
makan siang bareng teman,makanan,113000,9,False,Thursday
bayar tagihan air,tagihan,165000,9,False,Friday
bayar tagihan listrik,tagihan,494000,9,False,Friday
biaya pengelolaan apartemen,tempat_tinggal,7611000,9,False,Friday
bayaran proyek data entry,freelance,436000,9,False,Friday
sewa ps sehari,hiburan,119000,9,False,Friday
beli kamus,pendidikan,340000,9,True,Saturday
thr perusahaan,bonus,9910000,9,True,Saturday
bayar ujian sertifikasi,pendidikan,225000,9,True,Saturday
pesan pizza online,makanan,116000,9,True,Saturday
beli kartu krl,transportasi,224000,9,True,Sunday
bayar les privat,pendidikan,419000,9,True,Sunday
bayar ujian sertifikasi,pendidikan,192000,9,True,Sunday
transfer ke rekening tabungan,tabungan,1683000,9,False,Monday
beli reksa dana saham,investasi,4026000,9,False,Monday
biaya keamanan komplek,tempat_tinggal,2713000,9,False,Monday
makan di mcdonald,makanan,77000,9,False,Wednesday
bayar parkir mall,transportasi,15000,9,False,Wednesday
ganti ban motor,transportasi,180000,9,False,Wednesday
bayaran proyek freelance,freelance,5114000,9,False,Thursday
bayar parkir mall,transportasi,14000,9,False,Thursday
main escape room,hiburan,53000,9,False,Thursday
belanja kebutuhan bulanan,lainnya,396000,9,False,Friday
naik travel antar kota,transportasi,157000,9,False,Friday
naik grab ke kantor,transportasi,26000,9,False,Friday
servis ac mobil,transportasi,526000,9,False,Friday
beli buku impor,pendidikan,133000,9,False,Friday
ganti ban motor,transportasi,523000,9,False,Friday
makan di kantin,makanan,53000,9,False,Friday
proyek website klien,freelance,9369000,9,True,Saturday
servis ac mobil,transportasi,866000,9,True,Saturday
biaya sewa studio,tempat_tinggal,1380000,9,True,Saturday
pesan pizza online,makanan,64000,9,True,Saturday
bayaran jasa foto produk,freelance,5766000,9,True,Saturday
biaya pengelolaan apartemen,tempat_tinggal,7537000,9,True,Sunday
perpanjang sewa kos,tempat_tinggal,1444000,9,True,Sunday
iuran kebersihan lingkungan,tempat_tinggal,62000,9,True,Sunday
beli aplikasi belajar,pendidikan,96000,9,False,Monday
langganan hbo max,hiburan,180000,9,False,Monday
iuran kebersihan lingkungan,tempat_tinggal,80000,9,False,Tuesday
thr lebaran diterima,bonus,6729000,9,False,Tuesday
makan di resto jepang,makanan,68000,9,False,Tuesday
bayar tagihan listrik,tagihan,219000,9,False,Tuesday
beli deterjen,lainnya,234000,9,False,Thursday
isi bensin motor,transportasi,91000,9,False,Thursday
makan di food court,makanan,130000,9,False,Friday
pesan gofood malam,makanan,145000,9,False,Friday
makan di kfc,makanan,51000,9,False,Friday
makan di kantin,makanan,13000,9,False,Friday
pesan nasi goreng online,makanan,29000,9,False,Friday
bayar sewa rumah,tempat_tinggal,4181000,9,False,Friday
beli bakso pinggir jalan,makanan,64000,9,True,Saturday
pesan gofood malam,makanan,62000,9,True,Saturday
bayar parkir kantor,transportasi,43000,9,True,Saturday
bayar langganan icloud,tagihan,44000,9,True,Saturday
ganti oli motor,transportasi,90000,9,True,Sunday
beli peralatan sekolah,pendidikan,102000,9,True,Sunday
beli buku referensi,pendidikan,186000,9,True,Sunday
sarapan nasi uduk,makanan,92000,9,True,Sunday
ongkos naik ojek,transportasi,165000,9,True,Sunday
keuntungan crypto harian,investasi,2264000,9,True,Sunday
beli jajanan pasar,makanan,100000,9,True,Sunday
bayar pulsa bulanan,tagihan,550000,9,True,Sunday
bayar premi asuransi,tagihan,796000,9,False,Tuesday
iuran rt bulanan,tempat_tinggal,113000,9,False,Tuesday
beli alat tulis,pendidikan,56000,9,False,Wednesday
ganti ban motor,transportasi,286000,9,False,Wednesday
sarapan di warung,makanan,146000,9,False,Wednesday
biaya pengelolaan apartemen,tempat_tinggal,3851000,9,False,Wednesday
gaji diterima bulan ini,gaji,11593000,9,False,Thursday
ganti ban motor,transportasi,337000,9,False,Thursday
bayar sewa apartemen,tempat_tinggal,4500000,9,False,Friday
konsultasi kulit,kesehatan,196000,9,False,Friday
bayar pulsa bulanan,tagihan,344000,9,False,Friday
main futsal,hiburan,134000,9,True,Saturday
bayar deposit apartemen,tempat_tinggal,6382000,9,True,Saturday
nonton konser online,hiburan,506000,9,True,Saturday
beli minuman kekinian,makanan,155000,9,True,Saturday
naik ojek online,transportasi,79000,10,True,Sunday
beli kopi pagi,makanan,66000,10,True,Sunday
bayar uang kebersihan,tempat_tinggal,39000,10,True,Sunday
keuntungan investasi saham,investasi,6280000,10,True,Sunday
beli obat di apotek,kesehatan,202000,10,False,Monday
iuran rt bulanan,tempat_tinggal,88000,10,False,Monday
makan soto ayam,makanan,108000,10,False,Monday
makan di warung padang,makanan,167000,10,False,Tuesday
beli minuman kekinian,makanan,41000,10,False,Tuesday
ongkos naik ojek,transportasi,138000,10,False,Tuesday
bayar cek mata,kesehatan,112000,10,False,Wednesday
makan di food court,makanan,80000,10,False,Wednesday
main futsal,hiburan,242000,10,False,Wednesday
setor tunai ke tabungan,tabungan,1325000,10,False,Thursday
naik angkot ke pasar,transportasi,6000,10,False,Thursday
beli keperluan dapur,lainnya,195000,10,False,Thursday
bayar cicilan hp,tagihan,605000,10,False,Thursday
beli produk rumahan,lainnya,93000,10,False,Friday
bayar cicilan sewa tahunan,tempat_tinggal,1647000,10,True,Saturday
beli perlengkapan kamar,lainnya,352000,10,True,Saturday
beli buku pelajaran,pendidikan,314000,10,True,Saturday
top up emas antam digital,investasi,1636000,10,True,Saturday
nonton bioskop bareng,hiburan,74000,10,True,Saturday
bayar asuransi jiwa,tagihan,1430000,10,True,Saturday
pesan martabak,makanan,148000,10,True,Saturday
beli gorengan sore,makanan,12000,10,True,Saturday
beli obat di apotek,kesehatan,140000,10,True,Sunday
tagihan pln bulan ini,tagihan,297000,10,True,Sunday
makan siang bareng teman,makanan,89000,10,True,Sunday
bayar ipl apartemen,tempat_tinggal,6906000,10,True,Sunday
bayar deposit apartemen,tempat_tinggal,8360000,10,True,Sunday
bayar bpjs kesehatan,tagihan,452000,10,False,Monday
pesan mie ayam,makanan,56000,10,False,Monday
ganti ban motor,transportasi,578000,10,False,Monday
ganti oli motor,transportasi,148000,10,False,Monday
top up emas antam digital,investasi,2469000,10,False,Tuesday
perpanjang kontrak rumah,tempat_tinggal,6050000,10,False,Tuesday
langganan netflix bulanan,hiburan,93000,10,False,Tuesday
bayar tagihan air,tagihan,107000,10,False,Tuesday
bayar ujian sertifikasi,pendidikan,232000,10,False,Tuesday
bayar pulsa bulanan,tagihan,153000,10,False,Tuesday
beli deterjen,lainnya,222000,10,False,Thursday
karaoke bareng teman,hiburan,418000,10,False,Thursday
beli kamus,pendidikan,145000,10,False,Thursday
bayar mcu tahunan,kesehatan,388000,10,False,Thursday
beli tiket bus,transportasi,23000,10,False,Friday
bayar les matematika,pendidikan,318000,10,False,Friday
beli roti pagi,makanan,15000,10,False,Friday
bayar pulsa bulanan,tagihan,180000,10,False,Friday
bonus ekstra dari kantor,bonus,3154000,10,False,Friday
beli vitamin dan suplemen,kesehatan,127000,10,True,Saturday
bayar premium spotify,tagihan,126000,10,True,Saturday
liburan akhir pekan,hiburan,1659000,10,True,Saturday
beli es teh manis,makanan,22000,10,True,Saturday
naik grab ke kantor,transportasi,40000,10,True,Saturday
sarapan di warung,makanan,94000,10,True,Saturday
naik taksi online,transportasi,182000,10,True,Sunday
beli snack kantor,makanan,36000,10,False,Monday
makan di food court,makanan,137000,10,False,Monday
makan di warung padang,makanan,81000,10,False,Monday
pesan grabfood,makanan,146000,10,False,Tuesday
naik ojek online,transportasi,141000,10,False,Tuesday
bayar ipl apartemen,tempat_tinggal,5944000,10,False,Tuesday
makan bareng keluarga,makanan,159000,10,False,Tuesday
beli aksesoris rumah,lainnya,197000,10,False,Tuesday
bayar tagihan gas,tagihan,87000,10,False,Wednesday
nonton di bioskop xxi,hiburan,81000,10,False,Wednesday
bayar rawat jalan,kesehatan,603000,10,False,Wednesday
bayar kontrakan,tempat_tinggal,1705000,10,False,Wednesday
dividen saham masuk,investasi,10450000,10,False,Wednesday
naik mrt jakarta,transportasi,173000,10,False,Wednesday
pesan shopeefood siang,makanan,157000,10,False,Thursday
pendapatan proyek konten,freelance,1079000,10,False,Thursday
bayar bpjs kesehatan,tagihan,405000,10,False,Thursday
bayar tv kabel,tagihan,189000,10,False,Thursday
bayar kos minggu pertama,tempat_tinggal,1187000,10,False,Thursday
bayar kos minggu pertama,tempat_tinggal,1486000,10,False,Thursday
makan bareng keluarga,makanan,314000,10,False,Friday
naik taksi online,transportasi,115000,10,False,Friday
makan malam di restoran,makanan,211000,10,True,Saturday
tagihan provider bulan ini,tagihan,184000,10,True,Saturday
beli gorengan sore,makanan,16000,10,True,Saturday
top up kartu etoll,transportasi,27000,10,True,Saturday
pesan mie ayam,makanan,135000,10,True,Saturday
bayar tagihan gas,tagihan,192000,10,True,Sunday
naik bus transjakarta,transportasi,15000,10,True,Sunday
beli roti pagi,makanan,25000,10,True,Sunday
bayar kartu kredit,tagihan,329000,10,True,Sunday
naik krl commuter line,transportasi,113000,10,False,Monday
bayar kontrakan,tempat_tinggal,2571000,10,False,Monday
streaming disney,hiburan,61000,10,False,Monday
beli minuman kekinian,makanan,157000,10,False,Monday
pesan gofood malam,makanan,88000,10,False,Monday
pesan mie ayam,makanan,136000,10,False,Monday
makan bareng keluarga,makanan,208000,10,False,Monday
naik mrt jakarta,transportasi,74000,10,False,Tuesday
belanja kebutuhan dapur,lainnya,271000,10,False,Wednesday
bayar cicilan sewa tahunan,tempat_tinggal,2000000,10,False,Wednesday
bayar les matematika,pendidikan,282000,10,False,Thursday
pembayaran gaji karyawan,gaji,12182000,10,False,Thursday
thr perusahaan,bonus,9776000,10,False,Thursday
menabung rutin bulanan,tabungan,1556000,10,False,Thursday
bayar kursus desain,pendidikan,1063000,10,False,Thursday
perpanjang sewa kos,tempat_tinggal,2068000,10,False,Thursday
biaya pengelolaan apartemen,tempat_tinggal,7748000,10,False,Friday
beli nasi padang,makanan,58000,10,False,Friday
perpanjang paket internet,tagihan,270000,10,True,Saturday
main futsal,hiburan,242000,10,True,Saturday
makan di food court,makanan,123000,10,True,Saturday
main game online,hiburan,75000,10,True,Saturday
beli roti pagi,makanan,23000,10,True,Saturday
main game online,hiburan,54000,10,True,Sunday
naik mrt jakarta,transportasi,115000,10,True,Sunday
iuran kebersihan lingkungan,tempat_tinggal,110000,10,True,Sunday
isi bensin motor,transportasi,132000,10,True,Sunday
bayar sewa apartemen,tempat_tinggal,3742000,10,True,Sunday
beli bubur pagi,makanan,40000,10,True,Sunday
bayar tagihan air,tagihan,53000,10,True,Sunday
jasa pembuatan aplikasi,freelance,4178000,10,True,Sunday
bayar ipl apartemen,tempat_tinggal,7680000,10,False,Monday
beli kartu krl,transportasi,87000,10,False,Monday
beli kopi pagi,makanan,39000,10,False,Monday
nonton pertandingan bola,hiburan,407000,10,False,Tuesday
naik angkot ke pasar,transportasi,12000,10,False,Tuesday
perpanjang sewa kos,tempat_tinggal,1744000,10,False,Tuesday
makan di warteg,makanan,95000,11,False,Wednesday
beli nasi padang,makanan,105000,11,False,Wednesday
beli ori pemerintah,investasi,2937000,11,False,Thursday
makan soto ayam,makanan,114000,11,False,Thursday
tambahan penghasilan bonus,bonus,2480000,11,False,Thursday
pesan burger online,makanan,76000,11,False,Thursday
bonus kinerja triwulan,gaji,9365000,11,False,Friday
liburan akhir pekan,hiburan,876000,11,False,Friday
beli kopi pagi,makanan,30000,11,False,Friday
naik ojek online,transportasi,69000,11,False,Friday
makan malam di restoran,makanan,168000,11,True,Saturday
pesan gofood malam,makanan,91000,11,True,Saturday
bayar tagihan gas,tagihan,166000,11,True,Sunday
beli deterjen,lainnya,148000,11,True,Sunday
pesan pizza online,makanan,142000,11,True,Sunday
makan di mcdonald,makanan,107000,11,True,Sunday
beli es teh manis,makanan,16000,11,False,Monday
perpanjang kontrak rumah,tempat_tinggal,2441000,11,False,Monday
isi bensin motor,transportasi,204000,11,False,Monday
isi saldo emoney,transportasi,130000,11,False,Monday
transfer salary bulan ini,gaji,12052000,11,False,Monday
bayar langganan icloud,tagihan,16000,11,False,Monday
beli bakso pinggir jalan,makanan,87000,11,False,Monday
iuran rt bulanan,tempat_tinggal,198000,11,False,Tuesday
uang muka sewa kos,tempat_tinggal,1357000,11,False,Tuesday
biaya pengelolaan apartemen,tempat_tinggal,5344000,11,False,Wednesday
perpanjang sewa kos,tempat_tinggal,2490000,11,False,Wednesday
bayar kartu kredit,tagihan,326000,11,False,Wednesday
gaji plus tunjangan,gaji,24417000,11,False,Wednesday
makan berdua di cafe,makanan,49000,11,False,Thursday
konsultasi ke dokter umum,kesehatan,405000,11,False,Thursday
bayar workshop desain,pendidikan,364000,11,False,Thursday
makan di food court,makanan,111000,11,False,Friday
pendapatan nulis artikel,freelance,5838000,11,False,Friday
beli keperluan dapur,lainnya,279000,11,True,Saturday
sarapan nasi uduk,makanan,122000,11,True,Saturday
simpan untuk keperluan mendesak,tabungan,1058000,11,True,Saturday
perpanjang kontrak rumah,tempat_tinggal,5956000,11,True,Sunday
bayar tol,transportasi,50000,11,True,Sunday
beli tiket konser,hiburan,646000,11,False,Monday
investasi pp lending,investasi,2744000,11,False,Monday
return reksa dana obligasi,investasi,2641000,11,False,Monday
liburan akhir pekan,hiburan,1506000,11,False,Monday
sewa kos bulanan,tempat_tinggal,1516000,11,False,Monday
bayar cicilan hp,tagihan,184000,11,False,Monday
transfer salary bulan ini,gaji,10267000,11,False,Tuesday
bayar imunisasi,kesehatan,319000,11,False,Tuesday
ganti oli motor,transportasi,264000,11,False,Tuesday
pesan martabak,makanan,116000,11,False,Wednesday
nonton bioskop bareng,hiburan,74000,11,False,Thursday
bonus tahunan masuk,bonus,13200000,11,False,Thursday
beli gorengan sore,makanan,11000,11,False,Thursday
menabung untuk beli rumah,tabungan,3206000,11,False,Thursday
thr perusahaan,bonus,9239000,11,False,Thursday
servis ac mobil,transportasi,711000,11,False,Thursday
bayar bpjs ketenagakerjaan,tagihan,466000,11,False,Friday
nonton pertandingan bola,hiburan,468000,11,False,Friday
ganti ban motor,transportasi,554000,11,False,Friday
tagihan pln bulan ini,tagihan,407000,11,True,Saturday
pesan nasi goreng online,makanan,33000,11,True,Saturday
bayar ujian sertifikasi,pendidikan,241000,11,True,Saturday
biaya pengelolaan apartemen,tempat_tinggal,6283000,11,True,Saturday
beli nasi padang,makanan,119000,11,True,Saturday
biaya keamanan komplek,tempat_tinggal,2294000,11,True,Sunday
main biliar,hiburan,306000,11,True,Sunday
bayar rawat jalan,kesehatan,1495000,11,True,Sunday
beli nasi padang,makanan,69000,11,False,Monday
perpanjang sewa kos,tempat_tinggal,1299000,11,False,Monday
sarapan di warung,makanan,94000,11,False,Monday
makan di kfc,makanan,82000,11,False,Monday
langganan youtube premium,hiburan,140000,11,False,Monday
insentif penjualan,bonus,5195000,11,False,Monday
biaya sewa studio,tempat_tinggal,1864000,11,False,Monday
bayar cicilan sewa tahunan,tempat_tinggal,3218000,11,False,Monday
naik gojek pulang,transportasi,16000,11,False,Tuesday
iuran kebersihan lingkungan,tempat_tinggal,55000,11,False,Tuesday
beli buku referensi,pendidikan,194000,11,False,Tuesday
langganan hbo max,hiburan,73000,11,False,Tuesday
belanja bulanan,lainnya,264000,11,False,Wednesday
perpanjang sewa kos,tempat_tinggal,1859000,11,False,Wednesday
bayar uang kebersihan,tempat_tinggal,110000,11,False,Wednesday
bayar kursus online,pendidikan,1815000,11,False,Wednesday
top up kartu etoll,transportasi,50000,11,False,Thursday
menabung untuk liburan,tabungan,633000,11,False,Thursday
biaya sewa studio,tempat_tinggal,2342000,11,False,Thursday
beli hadiah teman,lainnya,314000,11,False,Thursday
beli gorengan sore,makanan,5000,11,False,Thursday
beli bakso pinggir jalan,makanan,42000,11,False,Thursday
bonus proyek selesai,bonus,2241000,11,False,Thursday
bayar cicilan sewa tahunan,tempat_tinggal,4333000,11,False,Friday
nonton pertandingan bola,hiburan,351000,11,False,Friday
tagihan pln bulan ini,tagihan,464000,11,False,Friday
beli sbn ritel,investasi,3557000,11,False,Friday
naik angkot ke pasar,transportasi,4000,11,True,Saturday
keperluan rumah tangga,lainnya,248000,11,True,Saturday
bayar bpjs ketenagakerjaan,tagihan,239000,11,True,Saturday
top up tabungan emas,investasi,989000,11,True,Saturday
bayar premi asuransi,tagihan,641000,11,True,Sunday
bayar les privat,pendidikan,457000,11,True,Sunday
bonus ekstra dari kantor,bonus,2881000,11,True,Sunday
beli voucher game,hiburan,128000,11,True,Sunday
pesan dim sum,makanan,103000,11,False,Monday
sewa buku di perpus,hiburan,164000,11,False,Monday
bayar paket data,tagihan,55000,11,False,Monday
beli bakso pinggir jalan,makanan,65000,11,False,Monday
pesan dim sum,makanan,142000,11,False,Monday
bayar tol,transportasi,55000,11,False,Monday
beli kopi pagi,makanan,44000,11,False,Monday
konsultasi ke dokter umum,kesehatan,264000,11,False,Tuesday
karaoke bareng teman,hiburan,256000,11,False,Tuesday
beli bubur pagi,makanan,12000,11,False,Tuesday
bayar kos bulanan,tempat_tinggal,1595000,11,False,Wednesday
beli cilok,makanan,209000,11,False,Wednesday
bayar cicilan motor,tagihan,218000,11,False,Wednesday
beli buku pelajaran,pendidikan,168000,11,False,Wednesday
pesan ayam geprek,makanan,35000,11,False,Wednesday
main biliar,hiburan,300000,11,False,Wednesday
thr lebaran diterima,bonus,8597000,11,False,Wednesday
simpan dana darurat,tabungan,2523000,11,False,Wednesday
biaya keamanan komplek,tempat_tinggal,1081000,11,False,Wednesday
beli bakso pinggir jalan,makanan,104000,11,False,Wednesday
tagihan pln bulan ini,tagihan,550000,11,False,Thursday
bayar tol,transportasi,70000,11,False,Thursday
beli obat di apotek,kesehatan,174000,12,False,Friday
bayar sewa rumah,tempat_tinggal,4067000,12,False,Friday
bayar premi asuransi,tagihan,602000,12,False,Friday
kontrol dokter spesialis,kesehatan,240000,12,False,Friday
beli vitamin dan suplemen,kesehatan,265000,12,False,Friday
ganti ban motor,transportasi,361000,12,True,Saturday
iuran rt bulanan,tempat_tinggal,111000,12,True,Saturday
belanja kebutuhan dapur,lainnya,119000,12,True,Saturday
makan di kantin,makanan,44000,12,True,Saturday
konsultasi kulit,kesehatan,443000,12,True,Sunday
pendapatan affiliate,freelance,1175000,12,True,Sunday
beli vitamin dan suplemen,kesehatan,298000,12,True,Sunday
beli peralatan sekolah,pendidikan,158000,12,True,Sunday
konsultasi gigi,kesehatan,243000,12,False,Monday
transfer gaji dari hrd,gaji,11202000,12,False,Monday
bonus proyek selesai,bonus,1490000,12,False,Tuesday
biaya pengelolaan apartemen,tempat_tinggal,6642000,12,False,Tuesday
bayar kursus coding,pendidikan,567000,12,False,Wednesday
naik travel antar kota,transportasi,83000,12,False,Wednesday
servis ac mobil,transportasi,216000,12,False,Wednesday
bayar fisioterapi,kesehatan,263000,12,False,Wednesday
biaya pengelolaan apartemen,tempat_tinggal,4920000,12,False,Thursday
konsultasi psikolog,kesehatan,386000,12,False,Thursday
main escape room,hiburan,114000,12,False,Thursday
beli tiket kereta,transportasi,170000,12,False,Thursday
bayar bpjs ketenagakerjaan,tagihan,401000,12,False,Thursday
ganti oli motor,transportasi,110000,12,False,Thursday
beli bakso pinggir jalan,makanan,103000,12,False,Thursday
beli laptop pelajar,pendidikan,5500000,12,False,Friday
pengeluaran mendadak,lainnya,227000,12,False,Friday
bonus produksi,bonus,6114000,12,False,Friday
bayar deposit apartemen,tempat_tinggal,6953000,12,True,Saturday
bayar sewa rumah,tempat_tinggal,3031000,12,True,Saturday
beli sabun dan sampo,lainnya,195000,12,True,Saturday
beli buku pelajaran,pendidikan,157000,12,True,Saturday
main escape room,hiburan,173000,12,True,Sunday
bonus ekstra dari kantor,bonus,2656000,12,True,Sunday
isi saldo emoney,transportasi,106000,12,True,Sunday
biaya sewa studio,tempat_tinggal,1634000,12,True,Sunday
pesan gofood malam,makanan,70000,12,True,Sunday
naik gojek pulang,transportasi,24000,12,True,Sunday
beli peralatan kebersihan,lainnya,96000,12,True,Sunday
makan bareng keluarga,makanan,128000,12,True,Sunday
bayar cek mata,kesehatan,177000,12,True,Sunday
bayar asuransi jiwa,tagihan,774000,12,False,Monday
pesan shopeefood siang,makanan,63000,12,False,Monday
pesan dim sum,makanan,122000,12,False,Tuesday
simpan dana darurat,tabungan,3987000,12,False,Tuesday
naik ojek online,transportasi,56000,12,False,Tuesday
transfer ke rekening tabungan,tabungan,2287000,12,False,Wednesday
bayar cicilan sewa tahunan,tempat_tinggal,3651000,12,False,Wednesday
bayar bpjs ketenagakerjaan,tagihan,224000,12,False,Wednesday
biaya keamanan komplek,tempat_tinggal,3279000,12,False,Wednesday
pesan pizza online,makanan,86000,12,False,Thursday
bayar kontrakan,tempat_tinggal,3146000,12,False,Thursday
beli peralatan sekolah,pendidikan,104000,12,False,Thursday
bayar tagihan gas,tagihan,46000,12,False,Thursday
makan siang bareng teman,makanan,78000,12,False,Thursday
bayar parkir mall,transportasi,22000,12,False,Thursday
bayar kursus bahasa inggris,pendidikan,697000,12,False,Thursday
makan di food court,makanan,73000,12,False,Friday
makan di warteg,makanan,81000,12,False,Friday
iuran rt bulanan,tempat_tinggal,129000,12,True,Saturday
beli obat resep,kesehatan,173000,12,True,Saturday
investasi reksa dana pasar uang,investasi,3017000,12,True,Saturday
bonus produksi,bonus,2776000,12,True,Sunday
makan siang bareng teman,makanan,145000,12,True,Sunday
konsultasi ke dokter umum,kesehatan,208000,12,True,Sunday
return reksa dana obligasi,investasi,3239000,12,True,Sunday
bonus performance review,bonus,4853000,12,True,Sunday
pendapatan kursus online,freelance,1860000,12,True,Sunday
naik gojek pulang,transportasi,31000,12,False,Monday
pendapatan kursus online,freelance,1518000,12,False,Monday
gaji plus tunjangan,gaji,21727000,12,False,Monday
beli tiket festival,hiburan,98000,12,False,Monday
iuran rt bulanan,tempat_tinggal,78000,12,False,Monday
proyek desain presentasi,freelance,2486000,12,False,Wednesday
pesan nasi goreng online,makanan,66000,12,False,Wednesday
iuran kebersihan lingkungan,tempat_tinggal,83000,12,False,Wednesday
beli tiket pertandingan,hiburan,195000,12,False,Wednesday
nabung rutin mingguan,tabungan,1865000,12,False,Wednesday
bayar asuransi jiwa,tagihan,473000,12,False,Thursday
pesan pizza online,makanan,83000,12,False,Thursday
main futsal,hiburan,203000,12,False,Friday
naik grab ke kantor,transportasi,18000,12,False,Friday
bayar wifi rumah,tagihan,550000,12,False,Friday
bayar deposit apartemen,tempat_tinggal,6894000,12,False,Friday
nonton bioskop bareng,hiburan,157000,12,False,Friday
beli aksesoris rumah,lainnya,161000,12,False,Friday
nonton di bioskop xxi,hiburan,104000,12,True,Saturday
bayar bpjs kesehatan,tagihan,162000,12,True,Saturday
beli ori pemerintah,investasi,2274000,12,True,Saturday
pesan ayam geprek,makanan,41000,12,True,Saturday
pesan pizza online,makanan,165000,12,True,Sunday
perpanjang paket internet,tagihan,185000,12,True,Sunday
pesan pizza online,makanan,100000,12,True,Sunday
beli topup game,hiburan,106000,12,True,Sunday
transfer ke rekening tabungan,tabungan,1007000,12,True,Sunday
return pp lending,investasi,3554000,12,True,Sunday
bayaran proyek freelance,freelance,4241000,12,True,Sunday
biaya keamanan komplek,tempat_tinggal,2686000,12,True,Sunday
bayar cek mata,kesehatan,303000,12,False,Monday
bayar tagihan phone,tagihan,210000,12,False,Monday
bayar seminar online,pendidikan,362000,12,False,Monday
gaji pokok bulanan,gaji,15086000,12,False,Tuesday
bayar tagihan listrik,tagihan,348000,12,False,Tuesday
makan di mcdonald,makanan,64000,12,False,Tuesday
beli skin game,hiburan,148000,12,False,Wednesday
biaya pengelolaan apartemen,tempat_tinggal,8800000,12,False,Wednesday
nabung rutin mingguan,tabungan,1768000,12,False,Thursday
makan di mcdonald,makanan,149000,12,False,Thursday
naik gojek pulang,transportasi,17000,12,False,Thursday
langganan netflix bulanan,hiburan,141000,12,False,Thursday
iuran kebersihan lingkungan,tempat_tinggal,41000,12,False,Friday
beli aksesoris rumah,lainnya,117000,12,False,Friday
bayar kursus bahasa inggris,pendidikan,743000,12,False,Friday
dividen saham masuk,investasi,9843000,12,False,Friday
sewa kos bulanan,tempat_tinggal,3137000,12,True,Saturday
bayar uang kebersihan,tempat_tinggal,87000,12,True,Saturday
bayar uang kebersihan,tempat_tinggal,39000,12,True,Saturday
bayar parkir mall,transportasi,16000,12,True,Sunday
makan di warung padang,makanan,97000,12,True,Sunday
bayar deposit apartemen,tempat_tinggal,5310000,12,True,Sunday
ganti oli motor,transportasi,72000,1,False,Monday
iuran kebersihan lingkungan,tempat_tinggal,58000,1,False,Monday
sarapan di warung,makanan,102000,1,False,Monday
beli tiket festival,hiburan,306000,1,False,Monday
biaya sewa studio,tempat_tinggal,656000,1,False,Tuesday
bayar bootcamp,pendidikan,385000,1,False,Tuesday
cicilan investasi bulanan,investasi,3726000,1,False,Tuesday
bayar tagihan air,tagihan,160000,1,False,Tuesday
bayar tol,transportasi,73000,1,False,Wednesday
beli kartu krl,transportasi,164000,1,False,Wednesday
bayar tagihan listrik,tagihan,351000,1,False,Wednesday
bayar kursus coding,pendidikan,442000,1,False,Wednesday
beli tiket konser,hiburan,560000,1,False,Wednesday
bayar deposit apartemen,tempat_tinggal,11159000,1,False,Wednesday
bayar parkir inap,transportasi,36000,1,False,Wednesday
nabung rutin mingguan,tabungan,2567000,1,False,Thursday
bayar seminar online,pendidikan,492000,1,False,Thursday
bayar kursus bahasa inggris,pendidikan,994000,1,False,Thursday
beli vitamin dan suplemen,kesehatan,197000,1,False,Thursday
keperluan rumah tangga,lainnya,192000,1,False,Friday
uang muka sewa kos,tempat_tinggal,2875000,1,False,Friday
bonus proyek selesai,bonus,2820000,1,False,Friday
beli skin game,hiburan,241000,1,False,Friday
bonus target tercapai,bonus,2780000,1,True,Saturday
beli kopi pagi,makanan,66000,1,True,Saturday
servis ac mobil,transportasi,342000,1,True,Saturday
iuran kebersihan lingkungan,tempat_tinggal,94000,1,True,Saturday
konsultasi gigi,kesehatan,236000,1,True,Sunday
transfer tabungan pendidikan anak,tabungan,940000,1,True,Sunday
perpanjang kontrak rumah,tempat_tinggal,4283000,1,True,Sunday
pesan dim sum,makanan,164000,1,True,Sunday
perpanjang sewa kos,tempat_tinggal,1599000,1,True,Sunday
beli tiket konser,hiburan,379000,1,True,Sunday
pesan martabak,makanan,82000,1,False,Monday
pesan nasi goreng online,makanan,43000,1,False,Monday
biaya pengelolaan apartemen,tempat_tinggal,6802000,1,False,Monday
bayar bpjs ketenagakerjaan,tagihan,416000,1,False,Monday
pesan nasi goreng online,makanan,47000,1,False,Monday
iuran rt bulanan,tempat_tinggal,172000,1,False,Tuesday
biaya pengelolaan apartemen,tempat_tinggal,6919000,1,False,Tuesday
pesan burger online,makanan,83000,1,False,Tuesday
bayar tol,transportasi,29000,1,False,Wednesday
bayar ujian sertifikasi,pendidikan,342000,1,False,Wednesday
bayar kos minggu pertama,tempat_tinggal,1809000,1,False,Wednesday
bayar kos minggu pertama,tempat_tinggal,3293000,1,False,Thursday
jasa penerjemah dokumen,freelance,6413000,1,False,Thursday
ganti oli motor,transportasi,117000,1,False,Thursday
beli obat resep,kesehatan,187000,1,False,Thursday
bayar premi asuransi,tagihan,786000,1,False,Thursday
sarapan di warung,makanan,164000,1,False,Thursday
naik mrt jakarta,transportasi,185000,1,False,Thursday
beli alat tulis,pendidikan,94000,1,False,Thursday
beli kopi pagi,makanan,42000,1,False,Friday
belanja online,lainnya,204000,1,False,Friday
beli produk rumahan,lainnya,303000,1,False,Friday
sarapan nasi uduk,makanan,72000,1,False,Friday
top up kartu etoll,transportasi,44000,1,False,Friday
beli aplikasi belajar,pendidikan,70000,1,False,Friday
beli bubur pagi,makanan,30000,1,False,Friday
tagihan provider bulan ini,tagihan,218000,1,False,Friday
gaji bulanan masuk,gaji,10937000,1,False,Friday
bayar ipl apartemen,tempat_tinggal,2300000,1,False,Friday
langganan youtube premium,hiburan,153000,1,False,Friday
pendapatan kursus online,freelance,2569000,1,True,Saturday
bayar uang kebersihan,tempat_tinggal,120000,1,True,Sunday
makan di kfc,makanan,75000,1,True,Sunday
bonus ekstra dari kantor,bonus,2686000,1,True,Sunday
bayar cicilan sewa tahunan,tempat_tinggal,1820000,1,True,Sunday
beli keperluan dapur,lainnya,294000,1,True,Sunday
tabungan masa depan,tabungan,1318000,1,False,Monday
bayar kontrakan,tempat_tinggal,5980000,1,False,Tuesday
beli laptop pelajar,pendidikan,10294000,1,False,Tuesday
proyek website klien,freelance,7293000,1,False,Tuesday
deposit awal sewa,tempat_tinggal,5943000,1,False,Tuesday
naik angkot ke pasar,transportasi,12000,1,False,Wednesday
ganti ban motor,transportasi,298000,1,False,Wednesday
top up tabungan emas,investasi,2508000,1,False,Thursday
makan berdua di cafe,makanan,102000,1,False,Thursday
iuran kebersihan lingkungan,tempat_tinggal,59000,1,False,Thursday
pesan burger online,makanan,155000,1,False,Thursday
streaming disney,hiburan,104000,1,False,Thursday
naik gojek pulang,transportasi,43000,1,False,Thursday
bayar kursus bahasa inggris,pendidikan,893000,1,False,Thursday
bayar kursus bahasa inggris,pendidikan,987000,1,False,Friday
pendapatan proyek konten,freelance,1980000,1,True,Saturday
pesan gofood malam,makanan,35000,1,True,Saturday
makan di mcdonald,makanan,190000,1,True,Saturday
beli kopi pagi,makanan,62000,1,True,Sunday
bayar langganan icloud,tagihan,30000,1,True,Sunday
uang muka sewa kos,tempat_tinggal,1221000,1,True,Sunday
gaji plus lembur,gaji,18534000,1,True,Sunday
naik travel antar kota,transportasi,122000,1,True,Sunday
bonus proyek selesai,bonus,3464000,1,True,Sunday
pesan grabfood,makanan,97000,1,True,Sunday
biaya keamanan komplek,tempat_tinggal,3717000,1,True,Sunday
ongkos naik ojek,transportasi,200000,1,False,Monday
bayaran proyek freelance,freelance,7805000,1,False,Monday
naik grab ke kantor,transportasi,20000,1,False,Monday
pesan nasi goreng online,makanan,63000,1,False,Tuesday
return pp lending,investasi,5935000,1,False,Tuesday
perpanjang paket internet,tagihan,460000,1,False,Tuesday
sewa buku di perpus,hiburan,127000,1,False,Tuesday
keuntungan crypto harian,investasi,3070000,1,False,Wednesday
beli jajanan pasar,makanan,39000,1,False,Thursday
deposit awal sewa,tempat_tinggal,8609000,1,False,Thursday
biaya bensin mobil,transportasi,210000,1,False,Friday
pembayaran upah bulanan,gaji,24150000,1,False,Friday
makan siang bareng teman,makanan,63000,1,True,Saturday
beli cilok,makanan,53000,1,True,Saturday
sarapan nasi uduk,makanan,94000,1,True,Sunday
iuran kebersihan lingkungan,tempat_tinggal,33000,1,True,Sunday
bayar mcu tahunan,kesehatan,406000,1,False,Monday
bayar sewa rumah,tempat_tinggal,1725000,1,False,Monday
bayar tagihan air,tagihan,99000,1,False,Tuesday
pesan shopeefood siang,makanan,41000,1,False,Tuesday
pengeluaran tak terduga,lainnya,154000,1,False,Wednesday
biaya sewa studio,tempat_tinggal,2185000,1,False,Wednesday
pengeluaran tak terduga,lainnya,213000,1,False,Wednesday
bayar kursus desain,pendidikan,638000,1,False,Wednesday
bayar bootcamp,pendidikan,312000,1,False,Wednesday
tambahan penghasilan bonus,bonus,3822000,1,False,Wednesday
beli gorengan sore,makanan,13000,2,False,Thursday
sewa kos bulanan,tempat_tinggal,1098000,2,False,Thursday
bayar parkir mall,transportasi,26000,2,False,Friday
pesan nasi goreng online,makanan,16000,2,False,Friday
beli skin game,hiburan,91000,2,False,Friday
beli keperluan dapur,lainnya,144000,2,True,Saturday
makan di kfc,makanan,106000,2,True,Saturday
pesan gofood malam,makanan,84000,2,True,Saturday
bayar tv kabel,tagihan,198000,2,True,Sunday
perpanjang sewa kos,tempat_tinggal,1280000,2,True,Sunday
isi saldo emoney,transportasi,140000,2,False,Monday
liburan akhir pekan,hiburan,900000,2,False,Monday
beli peralatan kebersihan,lainnya,146000,2,False,Monday
beli es teh manis,makanan,13000,2,False,Monday
gaji bulanan masuk,gaji,16598000,2,False,Monday
beli laptop pelajar,pendidikan,6311000,2,False,Tuesday
naik ojek online,transportasi,102000,2,False,Tuesday
menabung untuk liburan,tabungan,1265000,2,False,Wednesday
beli deterjen,lainnya,125000,2,False,Wednesday
bayar cicilan motor,tagihan,166000,2,False,Wednesday
perpanjang sewa kos,tempat_tinggal,2360000,2,False,Wednesday
makan di kantin,makanan,22000,2,False,Wednesday
bayar tagihan listrik,tagihan,425000,2,False,Wednesday
fee proyek seo,freelance,4116000,2,False,Thursday
beli minuman kekinian,makanan,77000,2,False,Thursday
beli minuman kekinian,makanan,181000,2,False,Thursday
bayar kartu kredit,tagihan,392000,2,False,Friday
pesan dim sum,makanan,154000,2,True,Saturday
iuran kebersihan lingkungan,tempat_tinggal,42000,2,True,Saturday
karaoke bareng teman,hiburan,218000,2,True,Saturday
bonus proyek selesai,bonus,965000,2,True,Saturday
bonus target tercapai,bonus,2402000,2,True,Saturday
pesan burger online,makanan,132000,2,True,Saturday
beli peralatan sekolah,pendidikan,322000,2,True,Sunday
beli jajanan pasar,makanan,91000,2,True,Sunday
gaji pokok bulanan,gaji,17040000,2,True,Sunday
beli perlengkapan ibadah,lainnya,140000,2,True,Sunday
uang sewa bulan ini,tempat_tinggal,2846000,2,True,Sunday
naik travel antar kota,transportasi,160000,2,False,Monday
transfer payroll kantor,gaji,9008000,2,False,Monday
tes laboratorium,kesehatan,339000,2,False,Tuesday
beli buku impor,pendidikan,321000,2,False,Tuesday
uang muka sewa kos,tempat_tinggal,1388000,2,False,Tuesday
sewa kos bulanan,tempat_tinggal,2397000,2,False,Wednesday
pesan dim sum,makanan,181000,2,False,Wednesday
insentif bulanan,bonus,3943000,2,False,Wednesday
beli cilok,makanan,117000,2,False,Wednesday
makan di kantin,makanan,22000,2,False,Thursday
bayar wifi rumah,tagihan,374000,2,False,Thursday
ganti ban motor,transportasi,415000,2,False,Thursday
pesan pizza online,makanan,137000,2,False,Thursday
makan di warteg,makanan,63000,2,False,Thursday
langganan spotify premium,hiburan,65000,2,False,Thursday
beli tiket bus,transportasi,30000,2,True,Saturday
beli saham teknologi,investasi,7644000,2,True,Saturday
beli tiket festival,hiburan,251000,2,True,Saturday
liburan akhir pekan,hiburan,845000,2,True,Saturday
top up kartu etoll,transportasi,68000,2,True,Sunday
ganti ban motor,transportasi,405000,2,True,Sunday
bayar premi asuransi,tagihan,519000,2,False,Monday
isi bensin motor,transportasi,251000,2,False,Monday
bayar tv kabel,tagihan,234000,2,False,Monday
beli voucher game,hiburan,106000,2,False,Tuesday
makan soto ayam,makanan,102000,2,False,Tuesday
bayar tol,transportasi,60000,2,False,Tuesday
bayar asuransi jiwa,tagihan,393000,2,False,Tuesday
gaji bulanan masuk,gaji,19152000,2,False,Wednesday
bayar kos minggu pertama,tempat_tinggal,2385000,2,False,Wednesday
bonus akhir tahun,bonus,2147000,2,False,Wednesday
belanja online,lainnya,95000,2,False,Wednesday
makan soto ayam,makanan,90000,2,False,Thursday
beli obat resep,kesehatan,146000,2,False,Thursday
sewa ps sehari,hiburan,189000,2,False,Friday
biaya bensin mobil,transportasi,165000,2,False,Friday
ganti ban motor,transportasi,155000,2,False,Friday
bayar ipl apartemen,tempat_tinggal,5415000,2,False,Friday
iuran kebersihan lingkungan,tempat_tinggal,79000,2,False,Friday
beli reksa dana saham,investasi,7483000,2,False,Friday
ganti oli motor,transportasi,98000,2,False,Friday
belanja online,lainnya,345000,2,False,Friday
perpanjang kontrak rumah,tempat_tinggal,1827000,2,True,Saturday
uang sewa bulan ini,tempat_tinggal,4600000,2,True,Saturday
gaji plus tunjangan,gaji,13720000,2,True,Saturday
beli bakso pinggir jalan,makanan,134000,2,True,Sunday
beli obat anak,kesehatan,190000,2,False,Monday
nonton pertandingan bola,hiburan,474000,2,False,Monday
tagihan provider bulan ini,tagihan,129000,2,False,Monday
beli kartu krl,transportasi,84000,2,False,Tuesday
beli obat bebas,kesehatan,309000,2,False,Tuesday
streaming disney,hiburan,81000,2,False,Tuesday
nonton di bioskop xxi,hiburan,126000,2,False,Tuesday
ongkos naik ojek,transportasi,232000,2,False,Tuesday
beli kopi pagi,makanan,34000,2,False,Wednesday
pendapatan nulis artikel,freelance,7515000,2,False,Wednesday
beli obat di apotek,kesehatan,160000,2,False,Wednesday
bayar ipl apartemen,tempat_tinggal,5454000,2,False,Wednesday
bonus akhir tahun,bonus,3906000,2,False,Thursday
penerimaan gaji pokok,gaji,7257000,2,False,Thursday
beli aplikasi belajar,pendidikan,69000,3,False,Friday
pesan mie ayam,makanan,163000,3,False,Friday
gaji plus lembur,gaji,22990000,3,False,Friday
bayar rawat jalan,kesehatan,1166000,3,False,Friday
bayar asuransi jiwa,tagihan,697000,3,False,Friday
bayar parkir inap,transportasi,20000,3,False,Friday
pesan mie ayam,makanan,163000,3,False,Friday
nonton di bioskop xxi,hiburan,101000,3,True,Saturday
bayar langganan icloud,tagihan,49000,3,True,Saturday
bayar imunisasi,kesehatan,546000,3,True,Saturday
bayar kos bulanan,tempat_tinggal,1201000,3,True,Saturday
bayar tagihan listrik,tagihan,828000,3,True,Saturday
makan di kfc,makanan,33000,3,True,Saturday
beli snack kantor,makanan,63000,3,True,Sunday
bayar tv kabel,tagihan,245000,3,True,Sunday
makan siang bareng teman,makanan,103000,3,False,Monday
bayar rawat jalan,kesehatan,475000,3,False,Monday
bayar ujian sertifikasi,pendidikan,237000,3,False,Tuesday
beli minuman kekinian,makanan,69000,3,False,Tuesday
beli jajanan pasar,makanan,71000,3,False,Wednesday
bayar mcu tahunan,kesehatan,389000,3,False,Wednesday
pembayaran upah bulanan,gaji,25219000,3,False,Wednesday
perpanjang paket internet,tagihan,361000,3,False,Wednesday
belanja online,lainnya,250000,3,False,Wednesday
jasa pengelolaan media sosial,freelance,3821000,3,False,Thursday
pesan grabfood,makanan,60000,3,False,Thursday
servis rutin motor,transportasi,920000,3,False,Thursday
beli buku impor,pendidikan,195000,3,False,Thursday
beli minuman kekinian,makanan,172000,3,False,Friday
beli cilok,makanan,82000,3,False,Friday
beli es teh manis,makanan,14000,3,True,Saturday
nonton pertandingan bola,hiburan,582000,3,True,Saturday
pengeluaran tak terduga,lainnya,321000,3,True,Saturday
nonton bioskop bareng,hiburan,105000,3,True,Saturday
ganti ban motor,transportasi,281000,3,True,Sunday
bayar les matematika,pendidikan,325000,3,True,Sunday
bayar uang kebersihan,tempat_tinggal,86000,3,True,Sunday
makan di warung padang,makanan,136000,3,False,Monday
bayar paket data,tagihan,114000,3,False,Monday
langganan hbo max,hiburan,191000,3,False,Monday
investasi reksa dana pasar uang,investasi,6212000,3,False,Monday
makan di kfc,makanan,74000,3,False,Monday
bayar tagihan rs,kesehatan,1423000,3,False,Monday
naik ojek online,transportasi,83000,3,False,Monday
bonus target tercapai,bonus,1215000,3,False,Monday
biaya keamanan komplek,tempat_tinggal,3063000,3,False,Tuesday
beli jajanan pasar,makanan,87000,3,False,Tuesday
pesan grabfood,makanan,77000,3,False,Tuesday
tabungan masa depan,tabungan,2028000,3,False,Tuesday
servis rutin motor,transportasi,587000,3,False,Wednesday
simpan dana darurat,tabungan,4469000,3,False,Thursday
beli cilok,makanan,108000,3,False,Thursday
belanja bulanan,lainnya,136000,3,False,Friday
bayar wifi rumah,tagihan,611000,3,False,Friday
uang sewa bulan ini,tempat_tinggal,2530000,3,False,Friday
konsultasi kulit,kesehatan,508000,3,True,Saturday
makan bareng keluarga,makanan,228000,3,True,Saturday
bayar sewa rumah,tempat_tinggal,2738000,3,True,Sunday
bayar tagihan listrik,tagihan,416000,3,True,Sunday
naik travel antar kota,transportasi,113000,3,True,Sunday
beli keperluan dapur,lainnya,245000,3,False,Monday
naik bus transjakarta,transportasi,16000,3,False,Monday
bayar kartu kredit,tagihan,152000,3,False,Monday
sarapan nasi uduk,makanan,104000,3,False,Monday
transfer tabungan pendidikan anak,tabungan,2528000,3,False,Monday
isi saldo emoney,transportasi,115000,3,False,Tuesday
beli topup game,hiburan,123000,3,False,Tuesday
bonus akhir tahun,bonus,4692000,3,False,Tuesday
belanja kebutuhan bulanan,lainnya,138000,3,False,Tuesday
makan soto ayam,makanan,49000,3,False,Wednesday
biaya keamanan komplek,tempat_tinggal,3106000,3,False,Wednesday
bayar rawat jalan,kesehatan,796000,3,False,Wednesday
tagihan provider bulan ini,tagihan,98000,3,False,Wednesday
bayar cicilan motor,tagihan,280000,3,False,Wednesday
bayar parkir inap,transportasi,30000,3,False,Wednesday
iuran rt bulanan,tempat_tinggal,115000,3,False,Thursday
ganti ban motor,transportasi,390000,3,False,Thursday
top up reksa dana campuran,investasi,5750000,3,False,Thursday
bayar tv kabel,tagihan,248000,3,False,Thursday
bonus triwulan,bonus,3535000,3,False,Thursday
bayar uang kebersihan,tempat_tinggal,73000,3,False,Friday
biaya pengelolaan apartemen,tempat_tinggal,4099000,3,True,Saturday
makan di warung padang,makanan,68000,3,True,Saturday
naik krl commuter line,transportasi,92000,3,True,Saturday
makan di kfc,makanan,69000,3,True,Sunday
bayar sewa rumah,tempat_tinggal,6037000,3,True,Sunday
perpanjang sewa kos,tempat_tinggal,1295000,3,True,Sunday
ongkos naik ojek,transportasi,110000,3,True,Sunday
beli bakso pinggir jalan,makanan,111000,3,True,Sunday
transfer salary bulan ini,gaji,14719000,3,True,Sunday
pesan ayam geprek,makanan,33000,3,False,Monday
bayar kontrakan,tempat_tinggal,4600000,3,False,Monday
bayar cicilan sewa tahunan,tempat_tinggal,1098000,3,False,Monday
bayar bpjs ketenagakerjaan,tagihan,122000,3,False,Monday
beli bubur pagi,makanan,21000,3,False,Tuesday
beli minuman kekinian,makanan,162000,3,False,Tuesday
sewa kos bulanan,tempat_tinggal,968000,3,False,Thursday
tagihan pln bulan ini,tagihan,123000,3,False,Thursday
iuran rt bulanan,tempat_tinggal,145000,3,False,Thursday
bayar kartu kredit,tagihan,383000,3,False,Friday
makan di warung padang,makanan,61000,3,True,Saturday
bayar kos minggu pertama,tempat_tinggal,1221000,3,True,Saturday
beli alat tulis,pendidikan,43000,3,True,Saturday
perpanjang kontrak rumah,tempat_tinggal,4297000,3,True,Saturday
langganan netflix bulanan,hiburan,107000,3,True,Sunday
beli skin game,hiburan,143000,3,True,Sunday
naik angkot ke pasar,transportasi,4000,3,True,Sunday
nonton pertandingan bola,hiburan,224000,3,True,Sunday
uang sewa bulan ini,tempat_tinggal,2111000,3,True,Sunday
naik grab ke kantor,transportasi,29000,3,True,Sunday
bayar cicilan motor,tagihan,332000,4,False,Monday
beli voucher game,hiburan,170000,4,False,Monday
makan di resto jepang,makanan,43000,4,False,Monday
bayar bpjs kesehatan,tagihan,386000,4,False,Monday
bayar ipl apartemen,tempat_tinggal,9346000,4,False,Monday
bayar premium spotify,tagihan,632000,4,False,Wednesday
bayar paket data,tagihan,90000,4,False,Wednesday
piknik di taman,hiburan,259000,4,False,Thursday
sarapan di warung,makanan,48000,4,False,Thursday
bayar tagihan air,tagihan,44000,4,False,Thursday
naik mrt jakarta,transportasi,182000,4,False,Thursday
thr lebaran diterima,bonus,9753000,4,False,Friday
naik ojek online,transportasi,208000,4,False,Friday
top up emas antam digital,investasi,1235000,4,False,Friday
biaya sewa studio,tempat_tinggal,2393000,4,True,Saturday
tambahan penghasilan bonus,bonus,7475000,4,True,Saturday
keuntungan investasi saham,investasi,6869000,4,True,Saturday
naik mrt jakarta,transportasi,125000,4,True,Saturday
keuntungan crypto harian,investasi,3237000,4,True,Sunday
beli bakso pinggir jalan,makanan,53000,4,True,Sunday
transfer ke rekening tabungan,tabungan,2848000,4,True,Sunday
bayar cicilan motor,tagihan,322000,4,True,Sunday
beli peralatan sekolah,pendidikan,259000,4,True,Sunday
beli bakso pinggir jalan,makanan,51000,4,True,Sunday
main bowling,hiburan,112000,4,False,Monday
bayar sewa apartemen,tempat_tinggal,10120000,4,False,Monday
bonus akhir tahun,bonus,3028000,4,False,Monday
main futsal,hiburan,230000,4,False,Tuesday
bayar parkir mall,transportasi,22000,4,False,Wednesday
pesan mie ayam,makanan,50000,4,False,Wednesday
top up kartu etoll,transportasi,72000,4,False,Wednesday
pesan pizza online,makanan,91000,4,False,Wednesday
pesan pizza online,makanan,144000,4,False,Wednesday
perpanjang kontrak rumah,tempat_tinggal,3775000,4,False,Thursday
beli kopi pagi,makanan,22000,4,False,Thursday
liburan akhir pekan,hiburan,1253000,4,False,Thursday
beli tiket kereta,transportasi,575000,4,False,Thursday
bayar langganan icloud,tagihan,55000,4,False,Friday
makan di mcdonald,makanan,93000,4,False,Friday
beli es teh manis,makanan,20000,4,False,Friday
sewa kos bulanan,tempat_tinggal,2252000,4,True,Saturday
servis ac mobil,transportasi,535000,4,True,Saturday
pesan nasi goreng online,makanan,27000,4,True,Saturday
nonton bioskop bareng,hiburan,164000,4,True,Saturday
menabung rutin bulanan,tabungan,2784000,4,True,Saturday
bayar bootcamp,pendidikan,226000,4,True,Saturday
servis rutin motor,transportasi,874000,4,True,Saturday
iuran rt bulanan,tempat_tinggal,105000,4,True,Sunday
bonus akhir tahun,bonus,2882000,4,True,Sunday
tagihan pln bulan ini,tagihan,613000,4,True,Sunday
pengeluaran harian,lainnya,172000,4,True,Sunday
uang muka sewa kos,tempat_tinggal,2337000,4,True,Sunday
bayar kos bulanan,tempat_tinggal,1535000,4,False,Monday
bayar kos bulanan,tempat_tinggal,1684000,4,False,Monday
belanja bulanan,lainnya,224000,4,False,Monday
beli bubur pagi,makanan,38000,4,False,Tuesday
beli gorengan sore,makanan,5000,4,False,Tuesday
bayar deposit apartemen,tempat_tinggal,3672000,4,False,Tuesday
bayar tagihan air,tagihan,150000,4,False,Tuesday
investasi reksa dana pasar uang,investasi,2503000,4,False,Tuesday
pesan nasi goreng online,makanan,29000,4,False,Wednesday
ganti ban motor,transportasi,210000,4,False,Wednesday
pendapatan affiliate,freelance,995000,4,False,Wednesday
pengeluaran mendadak,lainnya,86000,4,False,Wednesday
pesan pizza online,makanan,121000,4,False,Wednesday
makan di warteg,makanan,71000,4,False,Wednesday
langganan netflix bulanan,hiburan,94000,4,False,Wednesday
tabungan masa depan,tabungan,1791000,4,False,Thursday
bayar kursus desain,pendidikan,1427000,4,False,Thursday
bayar kos minggu pertama,tempat_tinggal,2731000,4,False,Thursday
beli cilok,makanan,67000,4,False,Thursday
uang sewa bulan ini,tempat_tinggal,4169000,4,False,Friday
bayar premium spotify,tagihan,513000,4,False,Friday
pesan ayam geprek,makanan,22000,4,False,Friday
bayar kursus coding,pendidikan,1081000,4,False,Friday
bayar les privat,pendidikan,290000,4,False,Friday
naik ojek online,transportasi,114000,4,False,Friday
beli keperluan dapur,lainnya,336000,4,False,Friday
bayar bpjs ketenagakerjaan,tagihan,383000,4,False,Friday
makan soto ayam,makanan,110000,4,False,Friday
bonus proyek selesai,bonus,2662000,4,True,Saturday
beli es teh manis,makanan,7000,4,True,Saturday
nonton bioskop bareng,hiburan,127000,4,True,Saturday
bayaran proyek desain ui,freelance,5432000,4,True,Saturday
ganti oli motor,transportasi,78000,4,True,Saturday
ongkos naik ojek,transportasi,70000,4,True,Sunday
bayar sewa rumah,tempat_tinggal,3735000,4,True,Sunday
pesan mie ayam,makanan,64000,4,False,Monday
bayar kos bulanan,tempat_tinggal,1319000,4,False,Monday
biaya sewa studio,tempat_tinggal,1199000,4,False,Monday
deposit awal sewa,tempat_tinggal,4396000,4,False,Monday
pesan pizza online,makanan,82000,4,False,Tuesday
iuran kebersihan lingkungan,tempat_tinggal,94000,4,False,Tuesday
bayar les matematika,pendidikan,169000,4,False,Tuesday
bayar sewa apartemen,tempat_tinggal,3186000,4,False,Tuesday
bayar ipl apartemen,tempat_tinggal,4246000,4,False,Tuesday
pesan grabfood,makanan,140000,4,False,Tuesday
top up kartu etoll,transportasi,47000,4,False,Tuesday
tagihan provider bulan ini,tagihan,131000,4,False,Tuesday
beli tiket kereta,transportasi,354000,4,False,Tuesday
bayar tol,transportasi,23000,4,False,Wednesday
sarapan di warung,makanan,116000,4,False,Thursday
pesan shopeefood siang,makanan,144000,4,False,Thursday
bayar kos bulanan,tempat_tinggal,1464000,4,False,Friday
bonus akhir tahun,bonus,4493000,4,False,Friday
beli vitamin dan suplemen,kesehatan,109000,4,False,Friday
naik taksi online,transportasi,167000,4,True,Sunday
bonus performance review,bonus,3028000,4,False,Monday
bayar ipl apartemen,tempat_tinggal,5528000,4,False,Monday
jasa edit video,freelance,5091000,4,False,Monday
bayar parkir kantor,transportasi,17000,4,False,Monday
bayar parkir mall,transportasi,28000,4,False,Monday
bayar cicilan motor,tagihan,206000,4,False,Tuesday
bayar sewa rumah,tempat_tinggal,2617000,4,False,Tuesday
menabung untuk liburan,tabungan,940000,4,False,Tuesday
menabung rutin bulanan,tabungan,1450000,5,False,Wednesday
top up reksa dana campuran,investasi,4204000,5,False,Thursday
naik taksi online,transportasi,253000,5,False,Friday
bayar parkir inap,transportasi,16000,5,False,Friday
beli alat tulis,pendidikan,83000,5,False,Friday
langganan hbo max,hiburan,104000,5,False,Friday
pengeluaran harian,lainnya,249000,5,False,Friday
slip gaji diterima,gaji,15755000,5,False,Friday
beli snack kantor,makanan,46000,5,False,Friday
bayar kursus coding,pendidikan,696000,5,False,Friday
bayar bpjs kesehatan,tagihan,146000,5,True,Saturday
makan di resto jepang,makanan,110000,5,True,Saturday
uang sewa bulan ini,tempat_tinggal,1270000,5,True,Saturday
makan malam di restoran,makanan,133000,5,True,Sunday
naik bus transjakarta,transportasi,24000,5,True,Sunday
pengeluaran tak terduga,lainnya,189000,5,False,Monday
pengeluaran tak terduga,lainnya,345000,5,False,Monday
pesan dim sum,makanan,172000,5,False,Monday
servis rutin motor,transportasi,463000,5,False,Monday
bayar tagihan phone,tagihan,352000,5,False,Monday
makan soto ayam,makanan,98000,5,False,Tuesday
perpanjang sewa kos,tempat_tinggal,916000,5,False,Tuesday
ganti ban motor,transportasi,261000,5,False,Wednesday
transaksi harian rutin,lainnya,140000,5,False,Wednesday
sewa ps sehari,hiburan,80000,5,False,Wednesday
gaji pokok bulanan,gaji,16174000,5,False,Thursday
sarapan nasi uduk,makanan,94000,5,False,Thursday
top up reksa dana campuran,investasi,1352000,5,False,Thursday
fee konsultasi bisnis,freelance,8354000,5,False,Friday
beli deterjen,lainnya,270000,5,False,Friday
pesan dim sum,makanan,120000,5,True,Saturday
uang muka sewa kos,tempat_tinggal,1364000,5,True,Saturday
beli tiket bus,transportasi,22000,5,True,Saturday
perpanjang kontrak rumah,tempat_tinggal,4416000,5,True,Saturday
naik ojek online,transportasi,147000,5,True,Saturday
ganti oli motor,transportasi,98000,5,True,Saturday
bayar kos bulanan,tempat_tinggal,2505000,5,True,Sunday
nonton bioskop bareng,hiburan,181000,5,True,Sunday
transfer salary bulan ini,gaji,9896000,5,True,Sunday
beli kopi pagi,makanan,76000,5,True,Sunday
pengeluaran tak terduga,lainnya,164000,5,True,Sunday
pesan dim sum,makanan,128000,5,True,Sunday
kontrol dokter spesialis,kesehatan,242000,5,True,Sunday
bayar kontrakan,tempat_tinggal,3301000,5,True,Sunday
makan di resto jepang,makanan,50000,5,False,Monday
bayaran proyek freelance,freelance,5713000,5,False,Monday
beli vitamin dan suplemen,kesehatan,116000,5,False,Monday
bayar parkir mall,transportasi,20000,5,False,Monday
belanja bulanan,lainnya,274000,5,False,Monday
bayar tagihan gas,tagihan,120000,5,False,Monday
slip gaji diterima,gaji,5634000,5,False,Monday
beli obat resep,kesehatan,362000,5,False,Monday
beli roti pagi,makanan,19000,5,False,Monday
langganan netflix bulanan,hiburan,96000,5,False,Tuesday
beli alat tulis,pendidikan,70000,5,False,Tuesday
bonus triwulan,bonus,3563000,5,False,Tuesday
beli modul belajar,pendidikan,242000,5,False,Wednesday
bayar kursus online,pendidikan,1232000,5,False,Wednesday
naik bus transjakarta,transportasi,12000,5,False,Wednesday
iuran rt bulanan,tempat_tinggal,88000,5,False,Wednesday
tagihan pln bulan ini,tagihan,312000,5,False,Wednesday
makan di mcdonald,makanan,59000,5,False,Wednesday
beli topup game,hiburan,138000,5,False,Thursday
makan malam di restoran,makanan,236000,5,False,Thursday
transfer payroll kantor,gaji,17062000,5,False,Friday
bayar wifi rumah,tagihan,461000,5,False,Friday
bayar tagihan listrik,tagihan,458000,5,False,Friday
bayar tagihan air,tagihan,84000,5,False,Friday
pesan pizza online,makanan,153000,5,False,Friday
biaya keamanan komplek,tempat_tinggal,1523000,5,False,Friday
beli gorengan sore,makanan,8000,5,True,Saturday
menabung untuk beli rumah,tabungan,1368000,5,True,Saturday
nabung rutin mingguan,tabungan,2976000,5,True,Saturday
beli kebutuhan pribadi,lainnya,255000,5,True,Saturday
beli topup game,hiburan,165000,5,False,Monday
bayar kontrakan,tempat_tinggal,5297000,5,False,Monday
bayar bpjs ketenagakerjaan,tagihan,222000,5,False,Monday
keuntungan crypto harian,investasi,3371000,5,False,Monday
bayar tv kabel,tagihan,301000,5,False,Monday
jasa edit video,freelance,6858000,5,False,Monday
perpanjang paket internet,tagihan,302000,5,False,Tuesday
beli tiket festival,hiburan,155000,5,False,Tuesday
bayar kos minggu pertama,tempat_tinggal,2784000,5,False,Tuesday
bayar ujian sertifikasi,pendidikan,539000,5,False,Tuesday
bayar ipl apartemen,tempat_tinggal,4181000,5,False,Tuesday
main escape room,hiburan,176000,5,False,Tuesday
bayar cicilan motor,tagihan,207000,5,False,Wednesday
insentif bulanan,bonus,1048000,5,False,Wednesday
sewa kos bulanan,tempat_tinggal,1869000,5,False,Wednesday
biaya pengelolaan apartemen,tempat_tinggal,9536000,5,False,Wednesday
iuran kebersihan lingkungan,tempat_tinggal,91000,5,False,Wednesday
liburan akhir pekan,hiburan,403000,5,False,Thursday
bayar kursus online,pendidikan,825000,5,False,Thursday
naik gojek pulang,transportasi,14000,5,False,Thursday
naik krl commuter line,transportasi,265000,5,False,Friday
sarapan nasi uduk,makanan,65000,5,False,Friday
naik angkot ke pasar,transportasi,19000,5,False,Friday
makan di kfc,makanan,92000,5,False,Friday
pesan burger online,makanan,79000,5,True,Saturday
beli bakso pinggir jalan,makanan,72000,5,True,Saturday
beli peralatan kebersihan,lainnya,212000,5,True,Saturday
return reksa dana obligasi,investasi,2197000,5,True,Sunday
insentif bulanan,bonus,3624000,5,True,Sunday
sewa ps sehari,hiburan,149000,5,True,Sunday
jasa produksi podcast,freelance,2759000,5,False,Monday
nonton bioskop bareng,hiburan,75000,5,False,Monday
bayar tagihan air,tagihan,147000,5,False,Monday
bayar cicilan motor,tagihan,253000,5,False,Monday
pembayaran upah bulanan,gaji,11660000,5,False,Tuesday
bonus performance review,bonus,4595000,5,False,Tuesday
iuran kebersihan lingkungan,tempat_tinggal,126000,5,False,Tuesday
sarapan nasi uduk,makanan,81000,5,False,Wednesday
pesan burger online,makanan,91000,5,False,Wednesday
pesan gofood malam,makanan,112000,5,False,Wednesday
bayar ukt semester,pendidikan,202000,5,False,Wednesday
bayar parkir mall,transportasi,25000,5,False,Wednesday
naik travel antar kota,transportasi,162000,5,False,Thursday
makan bareng keluarga,makanan,332000,5,False,Friday
isi bensin motor,transportasi,88000,5,False,Friday
bonus produksi,bonus,2216000,5,False,Friday
beli cilok,makanan,67000,5,False,Friday
top up kartu etoll,transportasi,53000,5,False,Friday
beli bubur pagi,makanan,28000,6,True,Saturday
beli peralatan sekolah,pendidikan,362000,6,True,Sunday
ganti ban motor,transportasi,269000,6,True,Sunday
deposit awal sewa,tempat_tinggal,5655000,6,True,Sunday
bayar tagihan phone,tagihan,501000,6,True,Sunday
beli alat tulis,pendidikan,82000,6,True,Sunday
bayar kursus coding,pendidikan,2048000,6,True,Sunday
beli buku referensi,pendidikan,271000,6,False,Monday
servis ac mobil,transportasi,344000,6,False,Monday
sewa ps sehari,hiburan,117000,6,False,Monday
bayar ipl apartemen,tempat_tinggal,3091000,6,False,Monday
liburan akhir pekan,hiburan,1274000,6,False,Tuesday
sarapan di warung,makanan,137000,6,False,Tuesday
beli buku pelajaran,pendidikan,310000,6,False,Wednesday
naik travel antar kota,transportasi,173000,6,False,Wednesday
profit dari reksa dana,investasi,6070000,6,False,Wednesday
makan di resto jepang,makanan,68000,6,False,Wednesday
bayar cicilan motor,tagihan,179000,6,False,Wednesday
bayar cicilan motor,tagihan,533000,6,False,Wednesday
pesan pizza online,makanan,129000,6,False,Wednesday
makan di warteg,makanan,94000,6,False,Thursday
beli obat anak,kesehatan,215000,6,False,Thursday
beli peralatan sekolah,pendidikan,275000,6,False,Friday
makan di food court,makanan,159000,6,False,Friday
pesan ayam geprek,makanan,51000,6,True,Saturday
beli jajanan pasar,makanan,118000,6,True,Saturday
sarapan di warung,makanan,160000,6,True,Saturday
pengeluaran harian,lainnya,237000,6,True,Saturday
ganti oli motor,transportasi,120000,6,True,Saturday
pesan nasi goreng online,makanan,53000,6,False,Monday
isi saldo emoney,transportasi,71000,6,False,Monday
bonus triwulan,bonus,4580000,6,False,Monday
ganti oli motor,transportasi,85000,6,False,Monday
bayar kontrakan,tempat_tinggal,3062000,6,False,Monday
beli buku impor,pendidikan,144000,6,False,Monday
bayar tagihan gas,tagihan,116000,6,False,Tuesday
bayar premi asuransi,tagihan,593000,6,False,Tuesday
bonus performance review,bonus,1504000,6,False,Tuesday
beli kopi pagi,makanan,51000,6,False,Wednesday
bayar cicilan motor,tagihan,276000,6,False,Wednesday
beli buku impor,pendidikan,286000,6,False,Thursday
makan bareng keluarga,makanan,230000,6,False,Thursday
jasa edit video,freelance,5153000,6,False,Thursday
bayar seminar online,pendidikan,235000,6,False,Thursday
beli buku pelajaran,pendidikan,143000,6,False,Thursday
pesan shopeefood siang,makanan,103000,6,False,Thursday
beli es teh manis,makanan,19000,6,False,Thursday
pembayaran gaji karyawan,gaji,27600000,6,False,Thursday
bayar kursus online,pendidikan,756000,6,False,Thursday
return pp lending,investasi,4511000,6,False,Thursday
penerimaan upah kerja,gaji,5552000,6,False,Thursday
beli obat di apotek,kesehatan,108000,6,False,Friday
gaji plus lembur,gaji,9992000,6,False,Friday
beli tiket konser,hiburan,402000,6,False,Friday
keuntungan dari portofolio,investasi,1712000,6,False,Friday
bayar workshop desain,pendidikan,410000,6,False,Friday
beli skin game,hiburan,113000,6,True,Saturday
bonus target tercapai,bonus,4785000,6,True,Saturday
bayar imunisasi,kesehatan,546000,6,True,Saturday
pesan mie ayam,makanan,100000,6,True,Saturday
jasa pengelolaan media sosial,freelance,7320000,6,True,Saturday
keuntungan crypto harian,investasi,3422000,6,True,Saturday
iuran rt bulanan,tempat_tinggal,68000,6,True,Saturday
sarapan di warung,makanan,188000,6,True,Sunday
beli buku referensi,pendidikan,167000,6,True,Sunday
bayar kos minggu pertama,tempat_tinggal,1246000,6,False,Monday
beli aksesoris rumah,lainnya,171000,6,False,Monday
sewa buku di perpus,hiburan,158000,6,False,Monday
uang sewa bulan ini,tempat_tinggal,2452000,6,False,Monday
makan di kfc,makanan,73000,6,False,Monday
iuran rt bulanan,tempat_tinggal,159000,6,False,Tuesday
beli alat tensi,kesehatan,261000,6,False,Tuesday
makan malam di restoran,makanan,130000,6,False,Tuesday
pesan shopeefood siang,makanan,139000,6,False,Tuesday
top up kartu etoll,transportasi,59000,6,False,Wednesday
beli buku referensi,pendidikan,345000,6,False,Wednesday
bayar kos bulanan,tempat_tinggal,2627000,6,False,Thursday
bayar fisioterapi,kesehatan,414000,6,False,Thursday
sewa ps sehari,hiburan,109000,6,False,Thursday
bayar deposit apartemen,tempat_tinggal,7805000,6,False,Friday
tagihan provider bulan ini,tagihan,134000,6,False,Friday
ganti ban motor,transportasi,277000,6,True,Saturday
sewa ps sehari,hiburan,203000,6,True,Saturday
pesan shopeefood siang,makanan,132000,6,True,Saturday
bayar kursus online,pendidikan,1217000,6,True,Saturday
tambahan penghasilan bonus,bonus,2225000,6,True,Saturday
beli modul belajar,pendidikan,426000,6,True,Saturday
bayaran proyek data entry,freelance,588000,6,True,Sunday
liburan akhir pekan,hiburan,1066000,6,False,Monday
main escape room,hiburan,160000,6,False,Monday
bayar langganan icloud,tagihan,38000,6,False,Monday
iuran kebersihan lingkungan,tempat_tinggal,102000,6,False,Tuesday
perpanjang sewa kos,tempat_tinggal,1252000,6,False,Tuesday
main biliar,hiburan,328000,6,False,Tuesday
beli voucher game,hiburan,57000,6,False,Tuesday
makan soto ayam,makanan,82000,6,False,Tuesday
beli vitamin dan suplemen,kesehatan,286000,6,False,Wednesday
bayar ipl apartemen,tempat_tinggal,7264000,6,False,Wednesday
uang muka sewa kos,tempat_tinggal,1574000,6,False,Thursday
jasa pengelolaan media sosial,freelance,6367000,6,False,Thursday
makan soto ayam,makanan,106000,6,False,Friday
beli peralatan sekolah,pendidikan,202000,6,False,Friday
jasa edit video,freelance,9386000,6,False,Friday
top up kartu etoll,transportasi,74000,6,True,Sunday
sarapan nasi uduk,makanan,128000,6,True,Sunday
bayar tol,transportasi,38000,6,True,Sunday
makan malam di restoran,makanan,167000,6,True,Sunday
keuntungan investasi saham,investasi,6695000,7,False,Monday
beli roti pagi,makanan,13000,7,False,Monday
belanja kebutuhan bulanan,lainnya,213000,7,False,Monday
ganti ban motor,transportasi,278000,7,False,Tuesday
bayar les privat,pendidikan,411000,7,False,Tuesday
pesan dim sum,makanan,75000,7,False,Tuesday
makan siang bareng teman,makanan,190000,7,False,Tuesday
thr perusahaan,bonus,8196000,7,False,Tuesday
ongkos naik ojek,transportasi,122000,7,False,Tuesday
beli deterjen,lainnya,240000,7,False,Wednesday
bayar bootcamp,pendidikan,227000,7,False,Wednesday
makan di mcdonald,makanan,147000,7,False,Thursday
gaji plus lembur,gaji,11658000,7,False,Thursday
gaji periode ini masuk,gaji,25300000,7,False,Friday
makan di kfc,makanan,57000,7,False,Friday
langganan youtube premium,hiburan,142000,7,False,Friday
beli sabun dan sampo,lainnya,180000,7,False,Friday
beli bakso pinggir jalan,makanan,125000,7,True,Saturday
beli topup game,hiburan,88000,7,True,Saturday
bayar tagihan air,tagihan,69000,7,True,Saturday
bayar bpjs kesehatan,tagihan,275000,7,True,Sunday
pesan nasi goreng online,makanan,22000,7,True,Sunday
bayar cek mata,kesehatan,690000,7,False,Monday
makan bareng keluarga,makanan,238000,7,False,Monday
ganti ban motor,transportasi,481000,7,False,Monday
bayar ipl apartemen,tempat_tinggal,6253000,7,False,Tuesday
pendapatan kursus online,freelance,1202000,7,False,Tuesday
makan di food court,makanan,95000,7,False,Tuesday
tabungan masa depan,tabungan,2770000,7,False,Wednesday
beli es teh manis,makanan,13000,7,False,Wednesday
naik ojek online,transportasi,209000,7,False,Wednesday
makan di warung padang,makanan,136000,7,False,Thursday
gaji plus tunjangan,gaji,24082000,7,False,Thursday
naik mrt jakarta,transportasi,118000,7,False,Thursday
penerimaan gaji pokok,gaji,9016000,7,False,Friday
sarapan nasi uduk,makanan,74000,7,False,Friday
bayar cek mata,kesehatan,359000,7,True,Sunday
makan di resto jepang,makanan,118000,7,False,Monday
pendapatan nulis artikel,freelance,2485000,7,False,Monday
simpan untuk keperluan mendesak,tabungan,1834000,7,False,Monday
biaya keamanan komplek,tempat_tinggal,2940000,7,False,Monday
konsultasi psikolog,kesehatan,412000,7,False,Monday
pesan mie ayam,makanan,167000,7,False,Tuesday
jasa pembuatan aplikasi,freelance,6660000,7,False,Tuesday
transaksi harian rutin,lainnya,280000,7,False,Tuesday
uang sewa bulan ini,tempat_tinggal,2532000,7,False,Tuesday
pengeluaran mendadak,lainnya,268000,7,False,Wednesday
beli gorengan sore,makanan,19000,7,False,Wednesday
bayar parkir inap,transportasi,38000,7,False,Thursday
bayar les privat,pendidikan,184000,7,False,Friday
beli bakso pinggir jalan,makanan,94000,7,False,Friday
ganti ban motor,transportasi,331000,7,True,Sunday
beli produk rumahan,lainnya,213000,7,True,Sunday
biaya keamanan komplek,tempat_tinggal,4358000,7,True,Sunday
investasi reksa dana pasar uang,investasi,2097000,7,False,Monday
beli gorengan sore,makanan,11000,7,False,Monday
makan di kfc,makanan,38000,7,False,Monday
pendapatan affiliate,freelance,2099000,7,False,Tuesday
biaya sewa studio,tempat_tinggal,1462000,7,False,Tuesday
sarapan nasi uduk,makanan,102000,7,False,Tuesday
pesan martabak,makanan,80000,7,False,Wednesday
bayar deposit apartemen,tempat_tinggal,9094000,7,False,Wednesday
bayar langganan icloud,tagihan,21000,7,False,Wednesday
beli reksa dana saham,investasi,5769000,7,False,Wednesday
deposit awal sewa,tempat_tinggal,6945000,7,False,Thursday
pesan shopeefood siang,makanan,103000,7,False,Thursday
isi bensin motor,transportasi,328000,7,False,Thursday
bayar ipl apartemen,tempat_tinggal,4435000,7,False,Friday
makan berdua di cafe,makanan,129000,7,False,Friday
menabung rutin bulanan,tabungan,2334000,7,False,Friday
bayar wifi rumah,tagihan,576000,7,False,Friday
makan soto ayam,makanan,73000,7,True,Saturday
beli jajanan pasar,makanan,92000,7,True,Saturday
biaya pengelolaan apartemen,tempat_tinggal,8468000,7,True,Saturday
makan di warung padang,makanan,112000,7,True,Sunday
perpanjang sewa kos,tempat_tinggal,1209000,7,True,Sunday
makan berdua di cafe,makanan,92000,7,True,Sunday
sarapan di warung,makanan,105000,7,False,Monday
bayar deposit apartemen,tempat_tinggal,8441000,7,False,Tuesday
beli voucher game,hiburan,94000,7,False,Tuesday
tagihan provider bulan ini,tagihan,69000,7,False,Tuesday
pesan gofood malam,makanan,108000,7,False,Tuesday
iuran rt bulanan,tempat_tinggal,71000,7,False,Tuesday
main futsal,hiburan,83000,7,False,Tuesday
naik krl commuter line,transportasi,40000,7,False,Wednesday
gaji periode ini masuk,gaji,19230000,7,False,Wednesday
bayar parkir inap,transportasi,26000,7,False,Wednesday
konsultasi psikolog,kesehatan,441000,7,False,Wednesday
bayar rawat jalan,kesehatan,1924000,7,False,Wednesday
ongkos naik ojek,transportasi,137000,7,False,Wednesday
konsultasi psikolog,kesehatan,690000,7,False,Wednesday
pesan nasi goreng online,makanan,20000,8,False,Thursday
belanja bulanan,lainnya,172000,8,False,Thursday
langganan youtube premium,hiburan,99000,8,False,Thursday
bayar kursus desain,pendidikan,866000,8,False,Thursday
sarapan di warung,makanan,86000,8,False,Friday
pesan nasi goreng online,makanan,53000,8,False,Friday
pesan nasi goreng online,makanan,36000,8,True,Saturday
pendapatan kursus online,freelance,2287000,8,True,Saturday
makan bareng keluarga,makanan,335000,8,True,Saturday
proyek desain presentasi,freelance,6325000,8,True,Saturday
sarapan di warung,makanan,100000,8,True,Saturday
makan siang bareng teman,makanan,68000,8,True,Sunday
tabungan masa depan,tabungan,1929000,8,True,Sunday
servis rutin motor,transportasi,416000,8,True,Sunday
pesan burger online,makanan,206000,8,True,Sunday
beli bubur pagi,makanan,23000,8,True,Sunday
iuran rt bulanan,tempat_tinggal,92000,8,False,Monday
nonton konser online,hiburan,629000,8,False,Monday
nonton pertandingan bola,hiburan,443000,8,False,Tuesday
thr perusahaan,bonus,11013000,8,False,Thursday
uang sewa bulan ini,tempat_tinggal,2028000,8,False,Thursday
bayar kursus bahasa inggris,pendidikan,1898000,8,False,Friday
uang muka sewa kos,tempat_tinggal,1102000,8,False,Friday
pendapatan nulis artikel,freelance,6608000,8,False,Friday
gaji plus tunjangan,gaji,23811000,8,False,Friday
beli modul belajar,pendidikan,156000,8,True,Saturday
bayar parkir inap,transportasi,23000,8,True,Saturday
makan di warteg,makanan,59000,8,True,Sunday
beli bakso pinggir jalan,makanan,145000,8,True,Sunday
biaya pengelolaan apartemen,tempat_tinggal,5086000,8,True,Sunday
bonus produksi,bonus,4172000,8,True,Sunday
simpan untuk keperluan mendesak,tabungan,3007000,8,False,Monday
pengeluaran tak terduga,lainnya,247000,8,False,Monday
bonus tahunan masuk,bonus,7693000,8,False,Monday
pesan gofood malam,makanan,76000,8,False,Monday
beli perlengkapan ibadah,lainnya,161000,8,False,Monday
tabungan masa depan,tabungan,3314000,8,False,Tuesday
bayar bootcamp,pendidikan,263000,8,False,Tuesday
bayar parkir mall,transportasi,12000,8,False,Tuesday
beli snack kantor,makanan,50000,8,False,Tuesday
beli modul belajar,pendidikan,230000,8,False,Tuesday
bayar premi asuransi,tagihan,389000,8,False,Tuesday
perpanjang sewa kos,tempat_tinggal,1017000,8,False,Tuesday
bayar tagihan listrik,tagihan,332000,8,False,Tuesday
pesan ayam geprek,makanan,31000,8,False,Tuesday
beli roti pagi,makanan,19000,8,False,Tuesday
makan berdua di cafe,makanan,153000,8,False,Tuesday
gaji bulanan masuk,gaji,21226000,8,False,Thursday
makan berdua di cafe,makanan,105000,8,False,Thursday
pembayaran upah bulanan,gaji,11606000,8,False,Thursday
makan bareng keluarga,makanan,296000,8,False,Thursday
beli tiket kereta,transportasi,631000,8,False,Thursday
konsultasi ke dokter umum,kesehatan,366000,8,False,Friday
beli minuman kekinian,makanan,102000,8,False,Friday
pesan dim sum,makanan,77000,8,False,Friday
nonton pertandingan bola,hiburan,213000,8,False,Friday
tagihan provider bulan ini,tagihan,206000,8,True,Saturday
iuran rt bulanan,tempat_tinggal,130000,8,True,Saturday
belanja kebutuhan dapur,lainnya,220000,8,True,Saturday
keuntungan crypto harian,investasi,2925000,8,True,Sunday
beli cilok,makanan,175000,8,False,Monday
beli bubur pagi,makanan,26000,8,False,Tuesday
streaming disney,hiburan,125000,8,False,Tuesday
beli cilok,makanan,121000,8,False,Tuesday
makan di warteg,makanan,74000,8,False,Wednesday
ganti ban motor,transportasi,568000,8,False,Wednesday
biaya pengelolaan apartemen,tempat_tinggal,6435000,8,False,Wednesday
bonus tahunan masuk,bonus,6931000,8,False,Wednesday
simpan untuk keperluan mendesak,tabungan,1901000,8,False,Thursday
proyek desain presentasi,freelance,3002000,8,False,Thursday
beli tiket festival,hiburan,362000,8,False,Thursday
bayaran proyek freelance,freelance,9036000,8,False,Thursday
bayar bpjs ketenagakerjaan,tagihan,465000,8,False,Thursday
beli bubur pagi,makanan,24000,8,False,Thursday
servis rutin motor,transportasi,817000,8,False,Thursday
pesan ayam geprek,makanan,35000,8,False,Friday
fee proyek seo,freelance,6583000,8,False,Friday
belanja online,lainnya,155000,8,False,Friday
bayar paket data,tagihan,100000,8,False,Friday
bayar cicilan hp,tagihan,85000,8,False,Friday
beli peralatan kebersihan,lainnya,220000,8,True,Saturday
beli kamus,pendidikan,312000,8,True,Sunday
bayar seminar online,pendidikan,632000,8,True,Sunday
makan siang bareng teman,makanan,100000,8,True,Sunday
main game online,hiburan,77000,8,True,Sunday
beli gorengan sore,makanan,11000,8,False,Monday
beli alat tensi,kesehatan,180000,8,False,Monday
beli emas digital,investasi,2046000,8,False,Monday
makan di food court,makanan,101000,8,False,Tuesday
bayar sewa apartemen,tempat_tinggal,9278000,8,False,Tuesday
makan bareng keluarga,makanan,168000,8,False,Tuesday
isi saldo emoney,transportasi,155000,8,False,Wednesday
beli vitamin dan suplemen,kesehatan,110000,8,False,Wednesday
pesan nasi goreng online,makanan,59000,8,False,Wednesday
pesan grabfood,makanan,111000,8,False,Wednesday
tagihan provider bulan ini,tagihan,158000,8,False,Wednesday
bayar paket data,tagihan,104000,8,False,Thursday
beli obat di apotek,kesehatan,217000,8,False,Thursday
bayar imunisasi,kesehatan,546000,8,False,Friday
makan di kantin,makanan,28000,8,False,Friday
ganti ban motor,transportasi,365000,8,False,Friday
makan di resto jepang,makanan,65000,8,False,Friday
keuntungan investasi saham,investasi,4104000,8,True,Saturday
perpanjang kontrak rumah,tempat_tinggal,3498000,8,True,Saturday
bayar tol,transportasi,87000,8,True,Saturday
bayar deposit apartemen,tempat_tinggal,5709000,9,True,Sunday
uang muka sewa kos,tempat_tinggal,1727000,9,True,Sunday
biaya keamanan komplek,tempat_tinggal,2345000,9,True,Sunday
makan di resto jepang,makanan,77000,9,True,Sunday
bayar kontrakan,tempat_tinggal,4206000,9,True,Sunday
naik krl commuter line,transportasi,68000,9,True,Sunday
fee konsultasi bisnis,freelance,8898000,9,True,Sunday
beli produk rumahan,lainnya,169000,9,False,Monday
pesan martabak,makanan,127000,9,False,Monday
beli buku pelajaran,pendidikan,121000,9,False,Monday
bayar kontrakan,tempat_tinggal,3381000,9,False,Monday
dividen saham masuk,investasi,7218000,9,False,Tuesday
menabung untuk liburan,tabungan,885000,9,False,Tuesday
bayar parkir inap,transportasi,15000,9,False,Tuesday
bayar langganan icloud,tagihan,41000,9,False,Tuesday
bonus triwulan,bonus,1872000,9,False,Tuesday
pesan shopeefood siang,makanan,94000,9,False,Wednesday
transaksi harian rutin,lainnya,306000,9,False,Wednesday
bayar uang kebersihan,tempat_tinggal,103000,9,False,Wednesday
beli perlengkapan ibadah,lainnya,176000,9,False,Thursday
naik travel antar kota,transportasi,96000,9,False,Thursday
bayar kontrakan,tempat_tinggal,3722000,9,False,Thursday
gaji pokok bulanan,gaji,14661000,9,False,Thursday
beli saham blue chip,investasi,2296000,9,False,Thursday
nonton bioskop bareng,hiburan,157000,9,False,Thursday
beli buku impor,pendidikan,209000,9,False,Thursday
biaya keamanan komplek,tempat_tinggal,4465000,9,False,Friday
bayar wifi rumah,tagihan,204000,9,False,Friday
belanja kebutuhan dapur,lainnya,49000,9,False,Friday
bayar kontrakan,tempat_tinggal,2893000,9,True,Saturday
sarapan di warung,makanan,107000,9,True,Saturday
streaming disney,hiburan,47000,9,True,Saturday
bayar ujian sertifikasi,pendidikan,278000,9,True,Saturday
konsultasi psikolog,kesehatan,897000,9,True,Sunday
bayar tagihan rs,kesehatan,1404000,9,True,Sunday
beli bubur pagi,makanan,35000,9,True,Sunday
bayar kartu kredit,tagihan,268000,9,True,Sunday
bayar langganan icloud,tagihan,22000,9,True,Sunday
bayar ipl apartemen,tempat_tinggal,5640000,9,True,Sunday
pesan burger online,makanan,81000,9,True,Sunday
transfer salary bulan ini,gaji,10143000,9,False,Monday
beli es teh manis,makanan,15000,9,False,Monday
bonus tahunan masuk,bonus,7030000,9,False,Monday
makan bareng keluarga,makanan,282000,9,False,Tuesday
isi bensin motor,transportasi,146000,9,False,Tuesday
isi saldo emoney,transportasi,157000,9,False,Wednesday
bayar parkir inap,transportasi,8000,9,False,Wednesday
beli alat tulis,pendidikan,28000,9,False,Wednesday
konsultasi psikolog,kesehatan,618000,9,False,Wednesday
bayar kos bulanan,tempat_tinggal,2113000,9,False,Wednesday
bayar cek mata,kesehatan,309000,9,False,Thursday
bonus kinerja bagus,bonus,1810000,9,False,Friday
top up kartu etoll,transportasi,36000,9,False,Friday
pesan gofood malam,makanan,75000,9,False,Friday
main escape room,hiburan,110000,9,True,Saturday
bayar kontrakan,tempat_tinggal,2139000,9,True,Saturday
beli gorengan sore,makanan,13000,9,True,Saturday
makan di resto jepang,makanan,168000,9,True,Saturday
iuran kebersihan lingkungan,tempat_tinggal,57000,9,True,Sunday
pengeluaran mendadak,lainnya,261000,9,True,Sunday
bayar parkir inap,transportasi,8000,9,False,Monday
bayar paket data,tagihan,175000,9,False,Monday
beli tiket kereta,transportasi,218000,9,False,Monday
belanja kebutuhan dapur,lainnya,218000,9,False,Monday
makan di warung padang,makanan,77000,9,False,Monday
pesan burger online,makanan,161000,9,False,Tuesday
perpanjang paket internet,tagihan,245000,9,False,Tuesday
konsultasi kulit,kesehatan,504000,9,False,Tuesday
beli buku pelajaran,pendidikan,180000,9,False,Tuesday
servis ac mobil,transportasi,564000,9,False,Wednesday
biaya pengelolaan apartemen,tempat_tinggal,5075000,9,False,Wednesday
pesan martabak,makanan,64000,9,False,Wednesday
bayar asuransi jiwa,tagihan,629000,9,False,Wednesday
naik mrt jakarta,transportasi,115000,9,False,Wednesday
bayar ipl apartemen,tempat_tinggal,6333000,9,False,Thursday
sewa buku di perpus,hiburan,196000,9,False,Friday
slip gaji diterima,gaji,23657000,9,False,Friday
kontrol dokter spesialis,kesehatan,480000,9,False,Friday
beli minuman kekinian,makanan,62000,9,True,Saturday
bayar bpjs ketenagakerjaan,tagihan,403000,9,True,Saturday
isi bensin motor,transportasi,119000,9,True,Saturday
sewa buku di perpus,hiburan,288000,9,True,Saturday
makan berdua di cafe,makanan,134000,9,True,Saturday
iuran kebersihan lingkungan,tempat_tinggal,37000,9,True,Saturday
pesan gofood malam,makanan,87000,9,True,Saturday
makan siang bareng teman,makanan,83000,9,True,Sunday
bayar premi asuransi,tagihan,467000,9,False,Monday
bayar workshop desain,pendidikan,489000,9,False,Monday
beli es teh manis,makanan,11000,9,False,Monday
sewa buku di perpus,hiburan,179000,9,False,Monday
bayar parkir kantor,transportasi,20000,9,False,Monday
bayar pulsa bulanan,tagihan,395000,9,False,Monday
slip gaji diterima,gaji,12497000,9,False,Monday
servis rutin motor,transportasi,1045000,9,False,Monday
setor tunai ke tabungan,tabungan,2389000,9,False,Monday
uang muka sewa kos,tempat_tinggal,794000,9,False,Tuesday
sewa kos bulanan,tempat_tinggal,1326000,9,False,Tuesday
deposit awal sewa,tempat_tinggal,7165000,9,False,Tuesday
bayar sewa rumah,tempat_tinggal,4075000,9,False,Tuesday
profit dari reksa dana,investasi,1129000,9,False,Tuesday
biaya pengelolaan apartemen,tempat_tinggal,8740000,9,False,Tuesday
bayar asuransi jiwa,tagihan,1017000,9,False,Tuesday
pesan grabfood,makanan,101000,9,False,Tuesday
bayar cicilan hp,tagihan,533000,9,False,Tuesday
beli alat tulis,pendidikan,103000,9,False,Tuesday
biaya pengelolaan apartemen,tempat_tinggal,8146000,9,False,Tuesday
biaya sewa studio,tempat_tinggal,2185000,9,False,Wednesday
bayar sewa apartemen,tempat_tinggal,6059000,9,False,Wednesday
beli roti pagi,makanan,20000,9,False,Wednesday
beli produk rumahan,lainnya,183000,9,False,Wednesday
makan di warteg,makanan,82000,9,False,Wednesday
bayar deposit apartemen,tempat_tinggal,4805000,9,False,Wednesday
transfer ke rekening tabungan,tabungan,1179000,9,False,Wednesday
beli obat resep,kesehatan,178000,9,False,Wednesday
iuran kebersihan lingkungan,tempat_tinggal,36000,9,False,Thursday
menabung untuk liburan,tabungan,819000,9,False,Thursday
bayar premi asuransi,tagihan,810000,9,False,Thursday
bayar seminar online,pendidikan,329000,9,False,Friday
tagihan pln bulan ini,tagihan,282000,9,False,Friday
bayar les matematika,pendidikan,575000,9,False,Friday
bayar tagihan air,tagihan,224000,9,False,Friday
bayar rawat jalan,kesehatan,615000,9,True,Saturday
beli alat tulis,pendidikan,80000,9,True,Saturday
makan di warung padang,makanan,71000,9,True,Saturday
uang sewa bulan ini,tempat_tinggal,1747000,9,True,Saturday
makan di warteg,makanan,61000,9,True,Sunday
makan soto ayam,makanan,135000,9,True,Sunday
makan bareng keluarga,makanan,184000,9,True,Sunday
pesan dim sum,makanan,161000,9,True,Sunday
bayar tagihan gas,tagihan,131000,9,False,Monday
pesan ayam geprek,makanan,46000,9,False,Monday
beli tiket kereta,transportasi,225000,10,False,Tuesday
bayar parkir inap,transportasi,22000,10,False,Tuesday
bayar paket data,tagihan,133000,10,False,Tuesday
beli tiket bus,transportasi,16000,10,False,Tuesday
makan berdua di cafe,makanan,77000,10,False,Tuesday
pendapatan affiliate,freelance,2244000,10,False,Tuesday
makan di kantin,makanan,39000,10,False,Wednesday
naik ojek online,transportasi,167000,10,False,Wednesday
piknik di taman,hiburan,150000,10,False,Thursday
biaya pengelolaan apartemen,tempat_tinggal,3354000,10,False,Thursday
gaji bulanan masuk,gaji,13690000,10,False,Thursday
beli peralatan sekolah,pendidikan,211000,10,False,Friday
bayar cicilan sewa tahunan,tempat_tinggal,1713000,10,False,Friday
karaoke bareng teman,hiburan,272000,10,False,Friday
sewa kos bulanan,tempat_tinggal,1054000,10,False,Friday
slip gaji diterima,gaji,9294000,10,False,Friday
makan di kantin,makanan,51000,10,False,Friday
liburan akhir pekan,hiburan,1120000,10,True,Saturday
langganan hbo max,hiburan,128000,10,True,Saturday
pesan ayam geprek,makanan,21000,10,True,Saturday
bayar seminar online,pendidikan,229000,10,True,Saturday
bayar tagihan gas,tagihan,101000,10,True,Saturday
main futsal,hiburan,167000,10,True,Sunday
iuran rt bulanan,tempat_tinggal,167000,10,True,Sunday
nonton konser online,hiburan,537000,10,True,Sunday
beli minuman kekinian,makanan,60000,10,False,Monday
servis ac mobil,transportasi,547000,10,False,Monday
konsultasi psikolog,kesehatan,314000,10,False,Monday
bayar bpjs kesehatan,tagihan,244000,10,False,Monday
beli bakso pinggir jalan,makanan,153000,10,False,Tuesday
beli kopi pagi,makanan,66000,10,False,Tuesday
investasi pp lending,investasi,3436000,10,False,Tuesday
bayar tagihan air,tagihan,59000,10,False,Tuesday
bayar uang kebersihan,tempat_tinggal,81000,10,False,Wednesday
bayar cicilan hp,tagihan,581000,10,False,Wednesday
pesan grabfood,makanan,86000,10,False,Wednesday
beli topup game,hiburan,212000,10,False,Wednesday
beli skin game,hiburan,197000,10,False,Thursday
naik grab ke kantor,transportasi,63000,10,False,Thursday
bayar tagihan rs,kesehatan,1345000,10,False,Thursday
beli obat di apotek,kesehatan,244000,10,False,Friday
gaji plus lembur,gaji,25300000,10,False,Friday
ganti ban motor,transportasi,454000,10,True,Saturday
bayar kos bulanan,tempat_tinggal,1412000,10,True,Saturday
nonton pertandingan bola,hiburan,251000,10,True,Saturday
biaya sewa studio,tempat_tinggal,1562000,10,True,Saturday
bayar ipl apartemen,tempat_tinggal,3260000,10,True,Saturday
top up tabungan emas,investasi,1599000,10,True,Saturday
bayar kursus bahasa inggris,pendidikan,1471000,10,True,Sunday
pesan gofood malam,makanan,33000,10,True,Sunday
return pp lending,investasi,5418000,10,False,Monday
bayar parkir mall,transportasi,33000,10,False,Monday
pesan martabak,makanan,79000,10,False,Monday
beli produk rumahan,lainnya,229000,10,False,Monday
servis ac mobil,transportasi,602000,10,False,Monday
beli perlengkapan kamar,lainnya,331000,10,False,Monday
makan di kantin,makanan,49000,10,False,Tuesday
bayar ipl apartemen,tempat_tinggal,3120000,10,False,Tuesday
bayar asuransi jiwa,tagihan,800000,10,False,Tuesday
beli aplikasi belajar,pendidikan,96000,10,False,Tuesday
makan di warung padang,makanan,103000,10,False,Tuesday
beli saham blue chip,investasi,4123000,10,False,Wednesday
beli roti pagi,makanan,29000,10,False,Wednesday
makan di resto jepang,makanan,158000,10,False,Wednesday
deposit awal sewa,tempat_tinggal,6159000,10,False,Wednesday
beli tiket konser,hiburan,425000,10,False,Wednesday
bonus tahunan masuk,bonus,5421000,10,False,Thursday
beli sbn ritel,investasi,9031000,10,False,Thursday
langganan youtube premium,hiburan,209000,10,False,Thursday
beli obat di apotek,kesehatan,273000,10,False,Thursday
bayar cicilan sewa tahunan,tempat_tinggal,4164000,10,False,Thursday
pesan pizza online,makanan,186000,10,False,Thursday
top up kartu etoll,transportasi,63000,10,False,Friday
makan di resto jepang,makanan,54000,10,False,Friday
beli snack kantor,makanan,30000,10,False,Friday
pesan burger online,makanan,159000,10,False,Friday
beli modul belajar,pendidikan,403000,10,True,Saturday
fee konsultasi bisnis,freelance,7967000,10,True,Saturday
naik angkot ke pasar,transportasi,10000,10,True,Saturday
naik angkot ke pasar,transportasi,7000,10,True,Saturday
reward pencapaian target,bonus,3913000,10,True,Sunday
makan berdua di cafe,makanan,97000,10,True,Sunday
beli topup game,hiburan,100000,10,True,Sunday
makan di kfc,makanan,75000,10,True,Sunday
belanja online,lainnya,120000,10,True,Sunday
bayar sewa apartemen,tempat_tinggal,8997000,10,False,Monday
beli bubur pagi,makanan,22000,10,False,Monday
cicilan investasi bulanan,investasi,4981000,10,False,Monday
bayar asuransi jiwa,tagihan,1092000,10,False,Monday
naik grab ke kantor,transportasi,34000,10,False,Monday
bayar parkir mall,transportasi,14000,10,False,Monday
beli kartu krl,transportasi,54000,10,False,Tuesday
bayar asuransi jiwa,tagihan,333000,10,False,Tuesday
pesan gofood malam,makanan,46000,10,False,Tuesday
tes laboratorium,kesehatan,604000,10,False,Tuesday
beli cilok,makanan,129000,10,False,Tuesday
iuran rt bulanan,tempat_tinggal,148000,10,False,Wednesday
perpanjang paket internet,tagihan,181000,10,False,Thursday
makan di kfc,makanan,35000,10,False,Friday
main futsal,hiburan,195000,10,False,Friday
bayar tol,transportasi,51000,10,False,Friday
bayar kursus online,pendidikan,894000,10,True,Saturday
beli peralatan sekolah,pendidikan,252000,10,True,Saturday
bayar bpjs kesehatan,tagihan,575000,10,True,Saturday
beli tiket bus,transportasi,21000,10,True,Saturday
pengeluaran harian,lainnya,189000,10,True,Saturday
perpanjang sewa kos,tempat_tinggal,1956000,10,True,Sunday
bayar kartu kredit,tagihan,690000,10,True,Sunday
beli suplemen daya tahan,kesehatan,117000,10,True,Sunday
bayar parkir kantor,transportasi,27000,10,True,Sunday
belanja kebutuhan bulanan,lainnya,158000,10,True,Sunday
naik gojek pulang,transportasi,36000,10,False,Monday
return reksa dana obligasi,investasi,2254000,10,False,Monday
transfer salary bulan ini,gaji,12320000,10,False,Monday
pesan nasi goreng online,makanan,50000,10,False,Tuesday
beli sbn ritel,investasi,11500000,10,False,Tuesday
nonton pertandingan bola,hiburan,459000,10,False,Tuesday
makan di warteg,makanan,64000,10,False,Wednesday
langganan youtube premium,hiburan,144000,10,False,Wednesday
bayar kartu kredit,tagihan,343000,10,False,Wednesday
beli laptop pelajar,pendidikan,4206000,10,False,Wednesday
ganti oli motor,transportasi,132000,10,False,Wednesday
ganti ban motor,transportasi,486000,10,False,Thursday
beli es teh manis,makanan,9000,10,False,Thursday
bayar bpjs ketenagakerjaan,tagihan,625000,10,False,Thursday
beli gorengan sore,makanan,15000,11,False,Friday
beli tiket pertandingan,hiburan,236000,11,False,Friday
bayar seminar online,pendidikan,326000,11,False,Friday
bayar workshop desain,pendidikan,575000,11,False,Friday
beli buku pelajaran,pendidikan,243000,11,True,Saturday
makan di resto jepang,makanan,105000,11,True,Saturday
bayar sewa rumah,tempat_tinggal,4418000,11,True,Saturday
beli buku impor,pendidikan,197000,11,True,Saturday
naik gojek pulang,transportasi,26000,11,True,Saturday
thr lebaran diterima,bonus,4633000,11,True,Sunday
beli tiket konser,hiburan,1495000,11,True,Sunday
pengeluaran harian,lainnya,196000,11,True,Sunday
transfer salary bulan ini,gaji,20161000,11,True,Sunday
perpanjang sewa kos,tempat_tinggal,1686000,11,False,Monday
servis rutin motor,transportasi,387000,11,False,Monday
bayar tagihan air,tagihan,125000,11,False,Monday
beli masker kesehatan,kesehatan,183000,11,False,Monday
pesan pizza online,makanan,190000,11,False,Monday
makan di kantin,makanan,24000,11,False,Monday
uang sewa bulan ini,tempat_tinggal,1735000,11,False,Tuesday
bayar bpjs kesehatan,tagihan,292000,11,False,Tuesday
bayar asuransi jiwa,tagihan,1376000,11,False,Tuesday
beli perlengkapan ibadah,lainnya,185000,11,False,Tuesday
beli aksesoris rumah,lainnya,118000,11,False,Tuesday
ongkos naik ojek,transportasi,214000,11,False,Tuesday
beli alat tulis,pendidikan,89000,11,False,Wednesday
beli tiket pertandingan,hiburan,431000,11,False,Thursday
menabung untuk beli rumah,tabungan,3483000,11,False,Thursday
makan di kfc,makanan,92000,11,False,Thursday
pesan mie ayam,makanan,207000,11,False,Thursday
pesan pizza online,makanan,87000,11,False,Thursday
sarapan nasi uduk,makanan,155000,11,False,Thursday
beli buku pelajaran,pendidikan,282000,11,False,Thursday
bayar cicilan sewa tahunan,tempat_tinggal,4381000,11,False,Friday
bayar tol,transportasi,27000,11,False,Friday
bayar sewa rumah,tempat_tinggal,3491000,11,False,Friday
naik angkot ke pasar,transportasi,7000,11,False,Friday
pesan pizza online,makanan,208000,11,True,Saturday
beli saham blue chip,investasi,9805000,11,True,Saturday
deposit awal sewa,tempat_tinggal,2859000,11,True,Saturday
bayar wifi rumah,tagihan,345000,11,True,Sunday
makan berdua di cafe,makanan,163000,11,True,Sunday
sarapan di warung,makanan,88000,11,True,Sunday
penerimaan gaji pokok,gaji,16818000,11,True,Sunday
investasi pp lending,investasi,3712000,11,True,Sunday
beli bakso pinggir jalan,makanan,109000,11,True,Sunday
deposit awal sewa,tempat_tinggal,5881000,11,False,Monday
konsultasi kulit,kesehatan,207000,11,False,Monday
bayar cek mata,kesehatan,192000,11,False,Monday
gaji periode ini masuk,gaji,17564000,11,False,Monday
bayar kos bulanan,tempat_tinggal,1912000,11,False,Monday
bayar deposit apartemen,tempat_tinggal,5168000,11,False,Tuesday
naik grab ke kantor,transportasi,27000,11,False,Tuesday
servis rutin motor,transportasi,483000,11,False,Tuesday
beli buku impor,pendidikan,291000,11,False,Tuesday
bonus ekstra dari kantor,bonus,2766000,11,False,Tuesday
gaji plus tunjangan,gaji,10727000,11,False,Wednesday
perpanjang kontrak rumah,tempat_tinggal,4781000,11,False,Wednesday
streaming disney,hiburan,86000,11,False,Thursday
beli bubur pagi,makanan,29000,11,False,Thursday
sewa kos bulanan,tempat_tinggal,3019000,11,False,Thursday
makan berdua di cafe,makanan,94000,11,False,Friday
beli suplemen daya tahan,kesehatan,305000,11,False,Friday
nonton konser online,hiburan,388000,11,True,Saturday
naik gojek pulang,transportasi,26000,11,True,Saturday
beli peralatan kebersihan,lainnya,305000,11,True,Saturday
deposit awal sewa,tempat_tinggal,4815000,11,True,Saturday
pesan grabfood,makanan,103000,11,True,Saturday
biaya pengelolaan apartemen,tempat_tinggal,5987000,11,True,Sunday
pesan ayam geprek,makanan,35000,11,True,Sunday
bayar kos minggu pertama,tempat_tinggal,2481000,11,True,Sunday
bayar tagihan phone,tagihan,343000,11,True,Sunday
nabung rutin mingguan,tabungan,2991000,11,False,Monday
beli tiket konser,hiburan,464000,11,False,Monday
bayar cicilan sewa tahunan,tempat_tinggal,3497000,11,False,Monday
perpanjang paket internet,tagihan,294000,11,False,Tuesday
pesan nasi goreng online,makanan,23000,11,False,Wednesday
naik mrt jakarta,transportasi,173000,11,False,Wednesday
pesan shopeefood siang,makanan,172000,11,False,Wednesday
beli nasi padang,makanan,113000,11,False,Thursday
servis rutin motor,transportasi,702000,11,False,Thursday
bayar imunisasi,kesehatan,357000,11,False,Friday
deposit awal sewa,tempat_tinggal,4927000,11,False,Friday
sarapan nasi uduk,makanan,41000,11,False,Friday
beli saham blue chip,investasi,4379000,11,False,Friday
beli peralatan kebersihan,lainnya,105000,11,False,Friday
pesan shopeefood siang,makanan,172000,11,True,Saturday
beli sabun dan sampo,lainnya,167000,11,True,Saturday
makan di kfc,makanan,52000,11,True,Saturday
bayar tagihan phone,tagihan,542000,11,True,Saturday
bayar workshop desain,pendidikan,192000,11,True,Saturday
bayar tol,transportasi,48000,11,True,Sunday
proyek desain presentasi,freelance,3132000,11,False,Monday
deposit awal sewa,tempat_tinggal,9892000,11,False,Monday
bayar bpjs kesehatan,tagihan,464000,11,False,Monday
bayar kontrakan,tempat_tinggal,2858000,11,False,Monday
bayar seminar online,pendidikan,374000,11,False,Monday
beli snack kantor,makanan,45000,11,False,Monday
main biliar,hiburan,206000,11,False,Tuesday
thr perusahaan,bonus,7122000,11,False,Tuesday
isi bensin motor,transportasi,205000,11,False,Tuesday
makan di mcdonald,makanan,74000,11,False,Tuesday
ganti ban motor,transportasi,339000,11,False,Wednesday
sarapan nasi uduk,makanan,74000,11,False,Wednesday
iuran rt bulanan,tempat_tinggal,172000,11,False,Wednesday
top up investasi crypto,investasi,2742000,11,False,Thursday
deposit awal sewa,tempat_tinggal,3738000,11,False,Thursday
beli perlengkapan ibadah,lainnya,174000,11,False,Thursday
beli bubur pagi,makanan,32000,11,False,Thursday
makan di kfc,makanan,87000,11,False,Thursday
pesan nasi goreng online,makanan,28000,11,False,Friday
beli gorengan sore,makanan,5000,11,False,Friday
beli suplemen daya tahan,kesehatan,466000,11,False,Friday
beli aplikasi belajar,pendidikan,60000,11,True,Saturday
iuran kebersihan lingkungan,tempat_tinggal,63000,11,True,Saturday
bayar kursus coding,pendidikan,899000,11,True,Saturday
bayar les privat,pendidikan,338000,12,True,Sunday
pesan grabfood,makanan,112000,12,True,Sunday
beli keperluan dapur,lainnya,133000,12,True,Sunday
beli buku referensi,pendidikan,198000,12,False,Monday
beli kopi pagi,makanan,39000,12,False,Monday
bayar paket data,tagihan,115000,12,False,Monday
bonus ekstra dari kantor,bonus,2960000,12,False,Monday
tagihan provider bulan ini,tagihan,180000,12,False,Wednesday
sarapan nasi uduk,makanan,133000,12,False,Wednesday
beli kebutuhan pribadi,lainnya,258000,12,False,Thursday
servis rutin motor,transportasi,622000,12,False,Thursday
bayar kos bulanan,tempat_tinggal,1099000,12,False,Thursday
bayar tagihan listrik,tagihan,452000,12,False,Thursday
bayar premi asuransi,tagihan,728000,12,False,Thursday
deposit awal sewa,tempat_tinggal,11083000,12,False,Thursday
makan malam di restoran,makanan,109000,12,False,Thursday
beli kamus,pendidikan,243000,12,False,Friday
makan siang bareng teman,makanan,83000,12,False,Friday
bayar ipl apartemen,tempat_tinggal,8551000,12,True,Saturday
pesan mie ayam,makanan,143000,12,True,Saturday
makan bareng keluarga,makanan,254000,12,True,Sunday
sewa kos bulanan,tempat_tinggal,2728000,12,True,Sunday
iuran rt bulanan,tempat_tinggal,115000,12,True,Sunday
pesan shopeefood siang,makanan,99000,12,True,Sunday
pendapatan proyek konten,freelance,1691000,12,True,Sunday
makan di mcdonald,makanan,121000,12,True,Sunday
transfer salary bulan ini,gaji,15064000,12,False,Monday
pendapatan affiliate,freelance,2530000,12,False,Monday
bayar kartu kredit,tagihan,225000,12,False,Monday
nonton di bioskop xxi,hiburan,156000,12,False,Monday
bayar bootcamp,pendidikan,333000,12,False,Monday
beli perlengkapan ibadah,lainnya,123000,12,False,Monday
naik angkot ke pasar,transportasi,11000,12,False,Tuesday
iuran rt bulanan,tempat_tinggal,115000,12,False,Tuesday
uang sewa bulan ini,tempat_tinggal,5520000,12,False,Tuesday
perpanjang sewa kos,tempat_tinggal,1603000,12,False,Tuesday
return reksa dana obligasi,investasi,2053000,12,False,Tuesday
top up kartu etoll,transportasi,68000,12,False,Tuesday
uang muka sewa kos,tempat_tinggal,828000,12,False,Wednesday
sewa kos bulanan,tempat_tinggal,2162000,12,False,Wednesday
bayar uang kebersihan,tempat_tinggal,75000,12,False,Wednesday
sewa buku di perpus,hiburan,248000,12,False,Wednesday
makan di kfc,makanan,101000,12,False,Wednesday
biaya pengelolaan apartemen,tempat_tinggal,4466000,12,False,Wednesday
makan di kantin,makanan,25000,12,False,Wednesday
beli produk rumahan,lainnya,149000,12,False,Thursday
makan di kfc,makanan,36000,12,False,Thursday
bayar parkir mall,transportasi,23000,12,False,Thursday
langganan spotify premium,hiburan,28000,12,False,Thursday
nabung rutin mingguan,tabungan,1715000,12,False,Thursday
transfer gaji dari hrd,gaji,9770000,12,False,Thursday
top up kartu etoll,transportasi,76000,12,False,Friday
beli es teh manis,makanan,25000,12,False,Friday
gaji pokok bulanan,gaji,9429000,12,False,Friday
bayar sewa rumah,tempat_tinggal,1603000,12,False,Friday
bayar bpjs kesehatan,tagihan,286000,12,False,Friday
ongkos naik ojek,transportasi,113000,12,False,Friday
beli bubur pagi,makanan,34000,12,True,Saturday
beli alat tensi,kesehatan,265000,12,True,Sunday
pesan pizza online,makanan,96000,12,True,Sunday
iuran kebersihan lingkungan,tempat_tinggal,78000,12,True,Sunday
pesan mie ayam,makanan,129000,12,True,Sunday
ganti ban motor,transportasi,158000,12,False,Monday
beli laptop pelajar,pendidikan,7070000,12,False,Monday
biaya keamanan komplek,tempat_tinggal,3908000,12,False,Monday
tagihan provider bulan ini,tagihan,110000,12,False,Monday
sarapan di warung,makanan,190000,12,False,Tuesday
naik gojek pulang,transportasi,26000,12,False,Tuesday
return reksa dana obligasi,investasi,3173000,12,False,Tuesday
naik travel antar kota,transportasi,140000,12,False,Tuesday
bayar tagihan listrik,tagihan,349000,12,False,Tuesday
bayar kontrakan,tempat_tinggal,1511000,12,False,Wednesday
bonus triwulan,bonus,3197000,12,False,Wednesday
bayar sewa rumah,tempat_tinggal,5642000,12,False,Thursday
makan di kfc,makanan,66000,12,False,Thursday
uang sewa bulan ini,tempat_tinggal,2557000,12,False,Thursday
makan di mcdonald,makanan,151000,12,False,Friday
naik grab ke kantor,transportasi,33000,12,False,Friday
transfer payroll kantor,gaji,14019000,12,False,Friday
perpanjang sewa kos,tempat_tinggal,2381000,12,False,Friday
bayar asuransi jiwa,tagihan,947000,12,True,Saturday
bayar bpjs ketenagakerjaan,tagihan,604000,12,True,Saturday
bayaran proyek freelance,freelance,9070000,12,True,Saturday
pesan gofood malam,makanan,139000,12,True,Saturday
pesan nasi goreng online,makanan,27000,12,True,Saturday
beli es teh manis,makanan,12000,12,True,Sunday
beli tiket kereta,transportasi,308000,12,True,Sunday
beli cilok,makanan,109000,12,True,Sunday
bayar deposit apartemen,tempat_tinggal,3548000,12,True,Sunday
sarapan di warung,makanan,88000,12,True,Sunday
beli sabun dan sampo,lainnya,216000,12,True,Sunday
perpanjang kontrak rumah,tempat_tinggal,4317000,12,False,Monday
beli alat tensi,kesehatan,317000,12,False,Monday
bayar kos bulanan,tempat_tinggal,2325000,12,False,Monday
transaksi harian rutin,lainnya,165000,12,False,Monday
deposit awal sewa,tempat_tinggal,7303000,12,False,Monday
makan di warung padang,makanan,53000,12,False,Tuesday
makan soto ayam,makanan,172000,12,False,Tuesday
bayar tol,transportasi,51000,12,False,Tuesday
beli peralatan kebersihan,lainnya,168000,12,False,Tuesday
ganti ban motor,transportasi,226000,12,False,Wednesday
thr perusahaan,bonus,18112000,12,False,Wednesday
beli buku referensi,pendidikan,144000,12,False,Thursday
bayar workshop desain,pendidikan,253000,12,False,Thursday
bonus proyek selesai,bonus,3548000,12,False,Thursday
bayar wifi rumah,tagihan,382000,12,False,Thursday
bayar bpjs ketenagakerjaan,tagihan,464000,12,False,Friday
makan di food court,makanan,224000,12,False,Friday
jasa desain logo,freelance,3358000,12,False,Friday
fee konsultasi bisnis,freelance,4076000,12,True,Saturday
bayar kontrakan,tempat_tinggal,2464000,12,True,Saturday
bayar parkir mall,transportasi,24000,12,True,Sunday
bonus kinerja triwulan,gaji,29900000,12,True,Sunday
beli es teh manis,makanan,8000,12,True,Sunday
iuran rt bulanan,tempat_tinggal,190000,12,True,Sunday
reward pencapaian target,bonus,3059000,12,True,Sunday
pembayaran gaji karyawan,gaji,24037000,12,True,Sunday
transfer tabungan pendidikan anak,tabungan,1943000,12,True,Sunday
nonton pertandingan bola,hiburan,226000,12,False,Monday
gaji diterima bulan ini,gaji,17858000,12,False,Monday
langganan youtube premium,hiburan,247000,12,False,Monday
isi bensin motor,transportasi,297000,12,False,Monday
bayar pulsa bulanan,tagihan,315000,12,False,Monday
tambahan penghasilan bonus,bonus,2985000,12,False,Monday
bayar pulsa bulanan,tagihan,170000,12,False,Tuesday
beli produk rumahan,lainnya,281000,12,False,Tuesday
makan di warung padang,makanan,146000,12,False,Tuesday
beli gorengan sore,makanan,7000,12,False,Tuesday
beli gorengan sore,makanan,8000,12,False,Tuesday
beli obat resep,kesehatan,153000,12,False,Tuesday
bayar cicilan sewa tahunan,tempat_tinggal,1449000,12,False,Tuesday
