month,is_weekend,year,amount_idr,category_hiburan,category_investasi,category_kesehatan,category_lainnya,category_makanan,category_pendidikan,category_tabungan,category_tagihan,category_tempat_tinggal,category_transportasi,day_of_week_Friday,day_of_week_Monday,day_of_week_Saturday,day_of_week_Sunday,day_of_week_Thursday,day_of_week_Tuesday,day_of_week_Wednesday
1,0,2021,1490000,0,0,0,0,0,0,0,0,1,0,1,0,0,0,0,0,0
1,0,2021,1749000,0,0,0,0,0,0,0,0,1,0,1,0,0,0,0,0,0
1,0,2021,195000,0,0,0,0,1,0,0,0,0,0,1,0,0,0,0,0,0
1,1,2021,143000,0,0,0,0,0,1,0,0,0,0,0,0,1,0,0,0,0
1,1,2021,29000,0,0,0,0,1,0,0,0,0,0,0,0,1,0,0,0,0
1,1,2021,115000,0,0,0,0,0,0,0,0,1,0,0,0,1,0,0,0,0
1,1,2021,522000,1,0,0,0,0,0,0,0,0,0,0,0,1,0,0,0,0
1,1,2021,92000,0,0,0,0,0,1,0,0,0,0,0,0,1,0,0,0,0
1,1,2021,27000,0,0,0,0,0,0,0,1,0,0,0,0,1,0,0,0,0
1,1,2021,4150000,0,0,0,0,0,0,0,0,1,0,0,0,1,0,0,0,0
1,1,2021,132000,1,0,0,0,0,0,0,0,0,0,0,0,0,1,0,0,0
1,1,2021,19000,0,0,0,0,1,0,0,0,0,0,0,0,0,1,0,0,0
1,1,2021,88000,0,0,0,1,0,0,0,0,0,0,0,0,0,1,0,0,0
1,0,2021,122000,0,0,0,0,0,0,0,0,0,1,0,1,0,0,0,0,0
1,0,2021,227000,0,0,1,0,0,0,0,0,0,0,0,0,0,0,0,1,0
1,0,2021,950000,0,0,0,0,0,0,1,0,0,0,0,0,0,0,0,1,0
1,0,2021,53000,0,0,0,0,0,0,0,0,1,0,0,0,0,0,0,1,0
1,0,2021,100000,0,0,0,0,0,0,0,0,0,1,0,0,0,0,0,1,0
1,0,2021,66000,0,0,0,0,1,0,0,0,0,0,0,0,0,0,0,0,1
1,0,2021,91000,0,0,0,0,1,0,0,0,0,0,0,0,0,0,0,0,1
1,0,2021,994000,0,0,0,0,0,0,0,0,1,0,0,0,0,0,0,0,1
1,0,2021,65000,0,0,0,0,1,0,0,0,0,0,0,0,0,0,0,0,1
1,0,2021,2349000,0,0,0,0,0,0,0,0,1,0,0,0,0,0,0,0,1
1,0,2021,75000,1,0,0,0,0,0,0,0,0,0,0,0,0,0,1,0,0
1,0,2021,4500000,0,0,0,0,0,0,0,0,1,0,0,0,0,0,1,0,0
1,0,2021,78000,0,0,0,0,1,0,0,0,0,0,0,0,0,0,1,0,0
1,0,2021,37000,0,0,0,0,0,0,0,0,0,1,0,0,0,0,1,0,0
1,0,2021,38000,0,0,0,0,1,0,0,0,0,0,0,0,0,0,1,0,0
1,0,2021,160000,0,0,0,0,0,0,0,1,0,0,1,0,0,0,0,0,0
1,0,2021,1625000,0,0,1,0,0,0,0,0,0,0,1,0,0,0,0,0,0
1,0,2021,2740000,0,0,0,0,0,0,0,0,1,0,1,0,0,0,0,0,0
1,0,2021,76000,1,0,0,0,0,0,0,0,0,0,1,0,0,0,0,0,0
1,0,2021,13000,0,0,0,0,1,0,0,0,0,0,1,0,0,0,0,0,0
1,1,2021,11000,0,0,0,0,1,0,0,0,0,0,0,0,1,0,0,0,0
1,1,2021,280000,0,0,0,0,0,0,0,1,0,0,0,0,1,0,0,0,0
1,1,2021,19000,0,0,0,0,0,0,0,0,0,1,0,0,1,0,0,0,0
1,1,2021,49000,0,0,0,0,0,0,0,0,1,0,0,0,0,1,0,0,0
1,1,2021,89000,1,0,0,0,0,0,0,0,0,0,0,0,0,1,0,0,0
1,1,2021,9158000,0,0,0,0,0,0,0,0,1,0,0,0,0,1,0,0,0
1,1,2021,316000,0,0,0,0,0,0,0,1,0,0,0,0,0,1,0,0,0
1,0,2021,68000,0,0,0,0,0,0,0,1,0,0,0,1,0,0,0,0,0
1,0,2021,6261000,0,0,0,0,0,0,0,0,1,0,0,1,0,0,0,0,0
1,0,2021,23000,0,0,0,0,1,0,0,0,0,0,0,0,0,0,0,1,0
1,0,2021,69000,0,0,0,0,1,0,0,0,0,0,0,0,0,0,0,1,0
1,0,2021,226000,1,0,0,0,0,0,0,0,0,0,0,0,0,0,0,0,1
1,0,2021,4639000,0,0,0,0,0,0,0,0,1,0,0,0,0,0,1,0,0
1,1,2021,40000,0,0,0,0,1,0,0,0,0,0,0,0,1,0,0,0,0
1,1,2021,1485000,0,0,0,0,0,0,1,0,0,0,0,0,1,0,0,0,0
1,1,2021,212000,0,0,0,0,0,0,0,1,0,0,0,0,0,1,0,0,0
1,1,2021,170000,0,0,0,0,0,0,0,1,0,0,0,0,0,1,0,0,0
1,0,2021,107000,0,0,0,0,0,0,0,0,1,0,0,1,0,0,0,0,0
1,0,2021,7470000,0,0,0,0,0,0,0,0,1,0,0,1,0,0,0,0,0
1,0,2021,27000,0,0,0,0,1,0,0,0,0,0,0,1,0,0,0,0,0
1,0,2021,136000,0,0,0,1,0,0,0,0,0,0,0,0,0,0,0,1,0
1,0,2021,91000,0,0,0,0,1,0,0,0,0,0,0,0,0,0,0,1,0
1,0,2021,158000,0,0,0,0,1,0,0,0,0,0,0,0,0,0,0,1,0
1,0,2021,180000,0,0,0,0,1,0,0,0,0,0,0,0,0,0,0,0,1
1,0,2021,29000,0,0,0,0,1,0,0,0,0,0,0,0,0,0,0,0,1
1,0,2021,126000,0,0,0,0,1,0,0,0,0,0,0,0,0,0,0,0,1
1,0,2021,271000,0,0,0,0,0,1,0,0,0,0,0,0,0,0,0,0,1
1,0,2021,148000,0,0,0,0,0,0,0,0,0,1,0,0,0,0,1,0,0
1,0,2021,35000,0,0,0,0,1,0,0,0,0,0,1,0,0,0,0,0,0
1,1,2021,23000,0,0,0,0,1,0,0,0,0,0,0,0,1,0,0,0,0
1,1,2021,165000,1,0,0,0,0,0,0,0,0,0,0,0,1,0,0,0,0
1,1,2021,194000,0,0,0,0,0,0,0,0,0,1,0,0,1,0,0,0,0
1,1,2021,872000,0,0,0,0,0,1,0,0,0,0,0,0,1,0,0,0,0
1,1,2021,90000,0,0,0,0,0,0,0,0,0,1,0,0,1,0,0,0,0
1,1,2021,36000,0,0,0,0,0,0,0,0,0,1,0,0,1,0,0,0,0
1,1,2021,148000,0,0,0,0,0,0,0,0,0,1,0,0,1,0,0,0,0
1,1,2021,8554000,0,0,0,0,0,1,0,0,0,0,0,0,0,1,0,0,0
1,0,2021,686000,0,0,0,0,0,0,1,0,0,0,0,1,0,0,0,0,0
1,0,2021,125000,1,0,0,0,0,0,0,0,0,0,0,1,0,0,0,0,0
1,0,2021,175000,0,0,0,0,1,0,0,0,0,0,0,1,0,0,0,0,0
1,0,2021,1282000,0,0,0,0,0,0,0,0,1,0,0,0,0,0,0,1,0
1,0,2021,1810000,0,0,0,0,0,0,0,0,1,0,0,0,0,0,0,1,0
1,0,2021,8443000,0,0,0,0,0,1,0,0,0,0,0,0,0,0,0,0,1
1,0,2021,253000,0,0,0,0,0,1,0,0,0,0,0,0,0,0,0,0,1
1,0,2021,894000,1,0,0,0,0,0,0,0,0,0,0,0,0,0,0,0,1
1,0,2021,17000,0,0,0,0,1,0,0,0,0,0,0,0,0,0,1,0,0
1,0,2021,95000,0,0,0,0,0,0,0,0,0,1,0,0,0,0,1,0,0
1,0,2021,239000,0,0,0,0,0,1,0,0,0,0,1,0,0,0,0,0,0
1,1,2021,1650000,0,0,0,0,0,0,1,0,0,0,0,0,1,0,0,0,0
1,1,2021,1986000,0,0,0,0,0,0,0,0,1,0,0,0,1,0,0,0,0
1,1,2021,300000,1,0,0,0,0,0,0,0,0,0,0,0,1,0,0,0,0
1,1,2021,295000,1,0,0,0,0,0,0,0,0,0,0,0,0,1,0,0,0
1,1,2021,290000,0,0,0,0,0,0,0,1,0,0,0,0,0,1,0,0,0
1,1,2021,25000,0,0,0,0,1,0,0,0,0,0,0,0,0,1,0,0,0
2,0,2021,10000,0,0,0,0,1,0,0,0,0,0,0,1,0,0,0,0,0
2,0,2021,94000,0,0,0,0,0,0,0,1,0,0,0,1,0,0,0,0,0
2,0,2021,880000,0,0,0,0,0,0,0,0,0,1,0,1,0,0,0,0,0
2,0,2021,306000,0,0,0,0,0,1,0,0,0,0,0,0,0,0,0,1,0
2,0,2021,372000,0,0,0,0,0,0,0,1,0,0,0,0,0,0,0,0,1
2,0,2021,74000,0,0,0,0,1,0,0,0,0,0,0,0,0,0,0,0,1
2,0,2021,371000,0,0,0,0,0,0,0,1,0,0,0,0,0,0,0,0,1
2,0,2021,242000,0,0,0,1,0,0,0,0,0,0,0,0,0,0,0,0,1
2,0,2021,201000,0,0,0,0,0,0,0,1,0,0,0,0,0,0,0,0,1
2,0,2021,159000,0,0,0,0,1,0,0,0,0,0,0,0,0,0,0,0,1
2,0,2021,19000,0,0,0,0,1,0,0,0,0,0,0,0,0,0,1,0,0
2,0,2021,7588000,0,0,0,0,0,0,0,0,1,0,0,0,0,0,1,0,0
2,0,2021,300000,1,0,0,0,0,0,0,0,0,0,1,0,0,0,0,0,0
2,1,2021,106000,0,0,0,0,0,0,0,0,0,1,0,0,1,0,0,0,0
2,1,2021,4305000,0,0,0,0,0,0,0,0,1,0,0,0,1,0,0,0,0
2,1,2021,86000,0,0,0,0,1,0,0,0,0,0,0,0,1,0,0,0,0
2,1,2021,74000,0,0,0,0,1,0,0,0,0,0,0,0,1,0,0,0,0
2,1,2021,35000,0,0,0,0,0,0,0,0,1,0,0,0,1,0,0,0,0
2,1,2021,67000,0,0,0,0,0,0,0,0,1,0,0,0,0,1,0,0,0
2,1,2021,59000,0,0,0,0,1,0,0,0,0,0,0,0,0,1,0,0,0
2,1,2021,2611000,0,0,0,0,0,0,0,0,1,0,0,0,0,1,0,0,0
2,1,2021,190000,0,0,0,0,0,0,0,1,0,0,0,0,0,1,0,0,0
2,0,2021,195000,0,0,0,0,0,0,0,1,0,0,0,1,0,0,0,0,0
2,0,2021,63000,0,0,0,0,1,0,0,0,0,0,0,1,0,0,0,0,0
2,0,2021,84000,0,0,0,0,1,0,0,0,0,0,0,1,0,0,0,0,0
2,0,2021,329000,0,0,1,0,0,0,0,0,0,0,0,0,0,0,0,1,0
2,0,2021,203000,0,0,0,0,0,0,0,1,0,0,0,0,0,0,0,1,0
2,0,2021,90000,0,0,0,0,1,0,0,0,0,0,0,0,0,0,0,0,1
2,0,2021,550000,0,0,0,0,0,0,0,0,0,1,0,0,0,0,1,0,0
2,0,2021,379000,1,0,0,0,0,0,0,0,0,0,0,0,0,0,1,0,0
2,0,2021,5922000,0,0,0,0,0,0,0,0,1,0,1,0,0,0,0,0,0
2,0,2021,305000,0,0,0,0,0,1,0,0,0,0,1,0,0,0,0,0,0
2,0,2021,140000,0,0,0,0,0,0,0,0,0,1,1,0,0,0,0,0,0
2,0,2021,2744000,0,0,0,0,0,0,0,0,1,0,1,0,0,0,0,0,0
2,0,2021,154000,0,0,0,0,0,1,0,0,0,0,1,0,0,0,0,0,0
2,0,2021,356000,0,0,0,0,0,0,0,0,0,1,1,0,0,0,0,0,0
2,0,2021,341000,0,0,1,0,0,0,0,0,0,0,1,0,0,0,0,0,0
2,1,2021,457000,1,0,0,0,0,0,0,0,0,0,0,0,1,0,0,0,0
2,1,2021,32000,0,0,0,0,0,0,0,0,0,1,0,0,1,0,0,0,0
2,1,2021,88000,0,0,0,0,1,0,0,0,0,0,0,0,1,0,0,0,0
2,1,2021,269000,0,0,0,0,0,0,0,1,0,0,0,0,1,0,0,0,0
2,1,2021,165000,1,0,0,0,0,0,0,0,0,0,0,0,1,0,0,0,0
2,1,2021,1937000,0,0,0,0,0,0,0,0,1,0,0,0,0,1,0,0,0
2,1,2021,124000,0,0,0,0,1,0,0,0,0,0,0,0,0,1,0,0,0
2,1,2021,1067000,0,0,0,0,0,0,0,0,1,0,0,0,0,1,0,0,0
2,1,2021,140000,0,0,0,0,0,0,0,0,0,1,0,0,0,1,0,0,0
2,1,2021,42000,0,0,0,0,1,0,0,0,0,0,0,0,0,1,0,0,0
2,1,2021,62000,0,0,0,0,1,0,0,0,0,0,0,0,0,1,0,0,0
2,0,2021,324000,0,0,0,0,0,0,0,1,0,0,0,1,0,0,0,0,0
2,0,2021,115000,0,0,0,0,1,0,0,0,0,0,0,1,0,0,0,0,0
2,0,2021,2153000,0,0,0,0,0,0,0,0,1,0,0,1,0,0,0,0,0
2,0,2021,193000,0,0,0,0,0,0,0,1,0,0,0,0,0,0,0,1,0
2,0,2021,2049000,0,0,0,0,0,0,0,0,1,0,0,0,0,0,0,1,0
2,0,2021,1984000,0,0,0,0,0,0,0,0,1,0,0,0,0,0,0,1,0
2,0,2021,72000,0,0,0,0,1,0,0,0,0,0,0,0,0,0,0,1,0
2,0,2021,55000,0,0,0,0,0,0,0,0,0,1,0,0,0,0,0,0,1
2,0,2021,109000,0,0,0,0,0,0,0,0,0,1,0,0,0,0,0,0,1
2,0,2021,119000,0,0,0,0,0,0,0,1,0,0,0,0,0,0,0,0,1
2,0,2021,4247000,0,0,0,0,0,0,0,0,1,0,0,0,0,0,0,0,1
2,0,2021,117000,0,0,0,0,1,0,0,0,0,0,0,0,0,0,1,0,0
2,0,2021,30000,0,0,0,0,0,0,0,0,0,1,0,0,0,0,1,0,0
2,0,2021,1874000,0,0,0,0,0,0,0,0,1,0,1,0,0,0,0,0,0
2,0,2021,1637000,0,0,0,0,0,0,0,0,1,0,1,0,0,0,0,0,0
2,0,2021,65000,0,0,0,0,0,0,0,0,1,0,1,0,0,0,0,0,0
2,1,2021,234000,0,0,0,1,0,0,0,0,0,0,0,0,1,0,0,0,0
2,1,2021,131000,0,0,0,0,0,0,0,1,0,0,0,0,1,0,0,0,0
2,1,2021,110000,0,0,0,0,0,0,0,0,0,1,0,0,1,0,0,0,0
2,1,2021,18000,0,0,0,0,1,0,0,0,0,0,0,0,1,0,0,0,0
2,1,2021,47000,0,0,0,0,1,0,0,0,0,0,0,0,1,0,0,0,0
2,1,2021,62000,0,0,0,0,1,0,0,0,0,0,0,0,1,0,0,0,0
2,1,2021,387000,0,0,1,0,0,0,0,0,0,0,0,0,0,1,0,0,0
2,1,2021,78000,0,0,0,0,0,0,0,0,1,0,0,0,0,1,0,0,0
2,1,2021,178000,0,0,0,0,0,1,0,0,0,0,0,0,0,1,0,0,0
2,1,2021,630000,1,0,0,0,0,0,0,0,0,0,0,0,0,1,0,0,0
2,0,2021,76000,0,0,0,0,0,0,0,0,0,1,0,1,0,0,0,0,0
2,0,2021,205000,0,0,0,0,0,1,0,0,0,0,0,1,0,0,0,0,0
2,0,2021,30000,0,0,0,0,1,0,0,0,0,0,0,1,0,0,0,0,0
2,0,2021,50000,0,0,0,0,0,1,0,0,0,0,0,1,0,0,0,0,0
2,0,2021,25000,0,0,0,0,1,0,0,0,0,0,0,1,0,0,0,0,0
2,0,2021,219000,0,0,0,0,0,1,0,0,0,0,0,0,0,0,0,1,0
2,0,2021,4048000,0,0,0,0,0,0,0,0,1,0,0,0,0,0,0,1,0
2,0,2021,461000,0,0,0,0,0,0,0,1,0,0,0,0,0,0,0,1,0
2,0,2021,57000,0,0,0,0,1,0,0,0,0,0,0,0,0,0,0,1,0
2,0,2021,126000,0,0,0,0,0,0,0,0,0,1,0,0,0,0,0,0,1
2,0,2021,4200000,0,0,0,0,0,0,0,0,1,0,0,0,0,0,0,0,1
2,0,2021,270000,1,0,0,0,0,0,0,0,0,0,0,0,0,0,0,0,1
2,0,2021,512000,1,0,0,0,0,0,0,0,0,0,0,0,0,0,0,0,1
2,0,2021,121000,0,0,0,0,1,0,0,0,0,0,0,0,0,0,0,0,1
2,0,2021,19000,0,0,0,0,0,0,0,0,0,1,0,0,0,0,1,0,0
2,0,2021,255000,0,0,0,0,0,0,0,1,0,0,0,0,0,0,1,0,0
2,0,2021,2438000,0,0,0,0,0,0,0,0,1,0,1,0,0,0,0,0,0
2,0,2021,12000,0,0,0,0,0,0,0,0,0,1,1,0,0,0,0,0,0
2,0,2021,238000,0,0,0,0,0,1,0,0,0,0,1,0,0,0,0,0,0
2,0,2021,41000,0,0,0,0,1,0,0,0,0,0,1,0,0,0,0,0,0
2,1,2021,568000,0,0,0,0,0,0,0,1,0,0,0,0,1,0,0,0,0
2,1,2021,4500000,0,0,0,0,0,0,0,0,1,0,0,0,1,0,0,0,0
2,1,2021,14000,0,0,0,0,0,0,0,1,0,0,0,0,1,0,0,0,0
2,1,2021,54000,0,0,0,0,0,0,0,0,0,1,0,0,1,0,0,0,0
2,1,2021,137000,0,0,1,0,0,0,0,0,0,0,0,0,0,1,0,0,0
3,0,2021,589000,0,0,0,0,0,1,0,0,0,0,0,1,0,0,0,0,0
3,0,2021,65000,0,0,0,0,1,0,0,0,0,0,0,1,0,0,0,0,0
3,0,2021,67000,0,0,0,0,0,0,0,0,1,0,0,1,0,0,0,0,0
3,0,2021,134000,1,0,0,0,0,0,0,0,0,0,0,1,0,0,0,0,0
3,0,2021,4045000,0,0,0,0,0,0,0,0,1,0,0,0,0,0,0,1,0
3,0,2021,44000,0,0,0,0,1,0,0,0,0,0,0,0,0,0,0,1,0
3,0,2021,132000,1,0,0,0,0,0,0,0,0,0,0,0,0,0,0,1,0
3,0,2021,100000,1,0,0,0,0,0,0,0,0,0,0,0,0,0,0,0,1
3,0,2021,181000,0,0,0,1,0,0,0,0,0,0,0,0,0,0,1,0,0
3,0,2021,60000,0,0,0,0,1,0,0,0,0,0,0,0,0,0,1,0,0
3,0,2021,176000,0,0,0,0,0,0,0,1,0,0,0,0,0,0,1,0,0
3,0,2021,82000,1,0,0,0,0,0,0,0,0,0,0,0,0,0,1,0,0
3,0,2021,29000,0,0,0,0,1,0,0,0,0,0,1,0,0,0,0,0,0
3,0,2021,91000,0,0,0,0,1,0,0,0,0,0,1,0,0,0,0,0,0
3,0,2021,39000,0,0,0,0,0,0,0,0,0,1,1,0,0,0,0,0,0
3,1,2021,80000,1,0,0,0,0,0,0,0,0,0,0,0,1,0,0,0,0
3,1,2021,13000,0,0,0,0,1,0,0,0,0,0,0,0,1,0,0,0,0
3,1,2021,2084000,0,0,0,0,0,0,0,0,1,0,0,0,1,0,0,0,0
3,1,2021,76000,0,0,0,0,1,0,0,0,0,0,0,0,0,1,0,0,0
3,1,2021,2250000,0,0,0,0,0,0,0,0,1,0,0,0,0,1,0,0,0
3,0,2021,107000,0,0,0,0,1,0,0,0,0,0,0,1,0,0,0,0,0
3,0,2021,2869000,0,0,0,0,0,0,0,0,1,0,0,1,0,0,0,0,0
3,0,2021,103000,0,0,0,0,0,0,0,0,1,0,0,1,0,0,0,0,0
3,0,2021,270000,0,0,0,0,0,1,0,0,0,0,0,1,0,0,0,0,0
3,0,2021,57000,0,0,0,0,1,0,0,0,0,0,0,1,0,0,0,0,0
3,0,2021,58000,0,0,0,0,1,0,0,0,0,0,0,0,0,0,0,1,0
3,0,2021,1506000,0,0,0,0,0,1,0,0,0,0,0,0,0,0,0,1,0
3,0,2021,1384000,0,0,0,0,0,0,1,0,0,0,0,0,0,0,0,1,0
3,0,2021,101000,0,0,0,0,1,0,0,0,0,0,0,0,0,0,0,0,1
3,0,2021,269000,0,0,1,0,0,0,0,0,0,0,0,0,0,0,0,0,1
3,0,2021,242000,0,0,0,0,0,0,0,1,0,0,0,0,0,0,1,0,0
3,0,2021,75000,0,0,0,0,0,0,0,0,0,1,0,0,0,0,1,0,0
3,0,2021,158000,0,0,0,0,0,0,0,0,0,1,1,0,0,0,0,0,0
3,0,2021,3035000,0,0,0,0,0,0,0,0,1,0,1,0,0,0,0,0,0
3,1,2021,9000,0,0,0,0,1,0,0,0,0,0,0,0,1,0,0,0,0
3,1,2021,16000,0,0,0,0,0,0,0,0,0,1,0,0,1,0,0,0,0
3,1,2021,130000,0,0,0,0,0,0,0,0,0,1,0,0,0,1,0,0,0
3,1,2021,61000,1,0,0,0,0,0,0,0,0,0,0,0,0,1,0,0,0
3,1,2021,289000,1,0,0,0,0,0,0,0,0,0,0,0,0,1,0,0,0
3,0,2021,2304000,0,0,0,0,0,0,0,0,1,0,0,1,0,0,0,0,0
3,0,2021,99000,0,0,0,0,1,0,0,0,0,0,0,1,0,0,0,0,0
3,0,2021,84000,0,0,0,0,1,0,0,0,0,0,0,0,0,0,0,1,0
3,0,2021,81000,0,0,0,0,1,0,0,0,0,0,0,0,0,0,0,1,0
3,0,2021,8000,0,0,0,0,0,0,0,0,0,1,0,0,0,0,0,1,0
3,0,2021,1758000,0,0,0,0,0,0,1,0,0,0,0,0,0,0,0,0,1
3,0,2021,63000,0,0,0,0,0,0,0,0,0,1,0,0,0,0,0,0,1
3,0,2021,190000,1,0,0,0,0,0,0,0,0,0,0,0,0,0,0,0,1
3,0,2021,184000,0,0,1,0,0,0,0,0,0,0,0,0,0,0,0,0,1
3,0,2021,3000000,0,0,0,0,0,0,1,0,0,0,0,0,0,0,0,0,1
3,0,2021,24000,0,0,0,0,0,0,0,0,0,1,0,0,0,0,0,0,1
3,0,2021,1223000,0,0,0,0,0,0,0,0,1,0,0,0,0,0,1,0,0
3,0,2021,84000,0,0,0,0,1,0,0,0,0,0,0,0,0,0,1,0,0
3,0,2021,369000,0,0,1,0,0,0,0,0,0,0,0,0,0,0,1,0,0
3,0,2021,214000,0,0,0,0,0,1,0,0,0,0,0,0,0,0,1,0,0
3,0,2021,28000,0,0,0,0,0,0,0,0,0,1,1,0,0,0,0,0,0
3,0,2021,64000,0,0,0,0,1,0,0,0,0,0,1,0,0,0,0,0,0
3,0,2021,143000,1,0,0,0,0,0,0,0,0,0,1,0,0,0,0,0,0
3,1,2021,58000,0,0,0,0,1,0,0,0,0,0,0,0,1,0,0,0,0
3,1,2021,317000,0,0,1,0,0,0,0,0,0,0,0,0,1,0,0,0,0
3,1,2021,66000,0,0,0,0,1,0,0,0,0,0,0,0,0,1,0,0,0
3,0,2021,142000,0,0,0,0,1,0,0,0,0,0,0,1,0,0,0,0,0
3,0,2021,188000,0,0,0,0,0,1,0,0,0,0,0,1,0,0,0,0,0
3,0,2021,142000,0,0,0,0,0,0,0,0,0,1,0,0,0,0,0,1,0
3,0,2021,125000,0,0,0,0,0,0,0,0,0,1,0,0,0,0,0,1,0
3,0,2021,375000,0,0,0,0,0,0,0,1,0,0,0,0,0,0,0,0,1
3,0,2021,90000,0,0,0,0,0,0,0,0,0,1,0,0,0,0,0,0,1
3,0,2021,12000,0,0,0,0,0,0,0,0,0,1,0,0,0,0,0,0,1
3,0,2021,386000,0,0,0,0,0,0,0,1,0,0,0,0,0,0,1,0,0
3,0,2021,1507000,0,0,0,0,0,0,1,0,0,0,0,0,0,0,1,0,0
3,0,2021,2641000,0,0,0,0,0,0,0,0,1,0,1,0,0,0,0,0,0
3,0,2021,60000,0,0,0,0,1,0,0,0,0,0,1,0,0,0,0,0,0
3,0,2021,124000,1,0,0,0,0,0,0,0,0,0,1,0,0,0,0,0,0
3,0,2021,113000,0,0,0,0,1,0,0,0,0,0,1,0,0,0,0,0,0
3,0,2021,175000,0,0,0,0,1,0,0,0,0,0,1,0,0,0,0,0,0
3,1,2021,98000,0,0,0,0,1,0,0,0,0,0,0,0,1,0,0,0,0
3,1,2021,21000,0,0,0,0,0,0,0,0,0,1,0,0,1,0,0,0,0
3,1,2021,267000,0,0,0,0,0,1,0,0,0,0,0,0,1,0,0,0,0
3,1,2021,4400000,0,0,0,0,0,0,0,0,1,0,0,0,0,1,0,0,0
3,1,2021,1361000,0,0,0,0,0,0,0,0,1,0,0,0,0,1,0,0,0
3,0,2021,788000,1,0,0,0,0,0,0,0,0,0,0,1,0,0,0,0,0
3,0,2021,5692000,0,0,0,0,0,0,0,0,1,0,0,1,0,0,0,0,0
3,0,2021,131000,1,0,0,0,0,0,0,0,0,0,0,1,0,0,0,0,0
3,0,2021,189000,1,0,0,0,0,0,0,0,0,0,0,1,0,0,0,0,0
3,0,2021,258000,0,0,0,0,0,0,0,1,0,0,0,0,0,0,0,1,0
3,0,2021,300000,0,0,0,0,0,1,0,0,0,0,0,0,0,0,0,1,0
3,0,2021,1404000,0,0,0,0,0,0,1,0,0,0,0,0,0,0,0,1,0
3,0,2021,169000,0,0,0,0,0,0,0,1,0,0,0,0,0,0,0,0,1
3,0,2021,918000,0,0,0,0,0,0,0,1,0,0,0,0,0,0,0,0,1
4,0,2021,136000,0,0,0,0,1,0,0,0,0,0,0,0,0,0,1,0,0
4,0,2021,3369000,0,0,0,0,0,0,0,0,1,0,0,0,0,0,1,0,0
4,0,2021,489000,0,0,1,0,0,0,0,0,0,0,0,0,0,0,1,0,0
4,0,2021,82000,0,0,0,0,1,0,0,0,0,0,0,0,0,0,1,0,0
4,0,2021,192000,0,0,0,0,0,1,0,0,0,0,1,0,0,0,0,0,0
4,1,2021,340000,0,0,0,0,0,1,0,0,0,0,0,0,1,0,0,0,0
4,1,2021,23000,0,0,0,0,1,0,0,0,0,0,0,0,1,0,0,0,0
4,1,2021,155000,0,0,0,0,0,0,0,0,1,0,0,0,1,0,0,0,0
4,1,2021,74000,0,0,0,0,1,0,0,0,0,0,0,0,1,0,0,0,0
4,1,2021,1639000,0,0,0,0,0,0,0,0,1,0,0,0,0,1,0,0,0
4,1,2021,23000,0,0,0,0,1,0,0,0,0,0,0,0,0,1,0,0,0
4,1,2021,102000,0,0,0,0,1,0,0,0,0,0,0,0,0,1,0,0,0
4,1,2021,128000,0,0,0,1,0,0,0,0,0,0,0,0,0,1,0,0,0
4,1,2021,131000,0,0,0,0,0,0,0,1,0,0,0,0,0,1,0,0,0
4,1,2021,118000,0,0,0,0,1,0,0,0,0,0,0,0,0,1,0,0,0
4,0,2021,1862000,0,0,0,0,0,0,0,0,1,0,0,1,0,0,0,0,0
4,0,2021,81000,0,0,0,0,1,0,0,0,0,0,0,1,0,0,0,0,0
4,0,2021,146000,0,0,0,0,0,1,0,0,0,0,0,1,0,0,0,0,0
4,0,2021,11000,0,0,0,0,0,0,0,0,0,1,0,1,0,0,0,0,0
4,0,2021,14000,0,0,0,0,0,0,0,0,0,1,0,1,0,0,0,0,0
4,0,2021,80000,0,0,0,0,1,0,0,0,0,0,0,0,0,0,0,1,0
4,0,2021,296000,0,0,0,0,0,1,0,0,0,0,0,0,0,0,0,0,1
4,0,2021,2750000,0,0,0,0,0,0,0,0,1,0,0,0,0,0,0,0,1
4,0,2021,504000,0,0,0,0,0,0,0,1,0,0,0,0,0,0,0,0,1
4,0,2021,258000,0,0,0,0,0,0,0,1,0,0,0,0,0,0,0,0,1
4,0,2021,106000,0,0,0,0,1,0,0,0,0,0,0,0,0,0,0,0,1
4,0,2021,112000,0,0,1,0,0,0,0,0,0,0,0,0,0,0,1,0,0
4,0,2021,106000,0,0,0,0,1,0,0,0,0,0,0,0,0,0,1,0,0
4,0,2021,2031000,0,0,0,0,0,0,0,0,1,0,0,0,0,0,1,0,0
4,0,2021,122000,0,0,0,0,1,0,0,0,0,0,0,0,0,0,1,0,0
4,0,2021,22000,0,0,0,0,1,0,0,0,0,0,1,0,0,0,0,0,0
4,0,2021,440000,0,0,0,0,0,0,0,1,0,0,1,0,0,0,0,0,0
4,0,2021,475000,0,0,0,0,0,0,0,1,0,0,1,0,0,0,0,0,0
4,1,2021,6319000,0,0,0,0,0,0,0,0,1,0,0,0,1,0,0,0,0
4,1,2021,123000,0,0,0,0,1,0,0,0,0,0,0,0,1,0,0,0,0
4,0,2021,2461000,0,0,0,0,0,0,0,0,1,0,0,0,0,0,0,1,0
4,0,2021,108000,1,0,0,0,0,0,0,0,0,0,0,0,0,0,0,1,0
4,0,2021,79000,0,0,0,0,1,0,0,0,0,0,0,0,0,0,0,0,1
4,0,2021,49000,0,0,0,0,0,0,0,0,0,1,0,0,0,0,0,0,1
4,0,2021,183000,0,0,0,0,0,0,0,0,0,1,0,0,0,0,0,0,1
4,0,2021,48000,0,0,0,0,1,0,0,0,0,0,0,0,0,0,1,0,0
4,0,2021,475000,0,0,0,0,0,0,0,1,0,0,0,0,0,0,1,0,0
4,0,2021,120000,0,0,0,0,0,0,0,1,0,0,1,0,0,0,0,0,0
4,0,2021,21000,0,0,0,0,0,0,0,0,0,1,1,0,0,0,0,0,0
4,0,2021,150000,0,0,0,0,1,0,0,0,0,0,1,0,0,0,0,0,0
4,0,2021,86000,0,0,0,0,0,0,0,1,0,0,1,0,0,0,0,0,0
4,0,2021,263000,0,0,0,0,0,0,0,1,0,0,1,0,0,0,0,0,0
4,0,2021,66000,0,0,0,0,0,0,0,0,1,0,1,0,0,0,0,0,0
4,1,2021,16000,0,0,0,0,0,0,0,0,0,1,0,0,0,1,0,0,0
4,1,2021,6372000,0,0,0,0,0,0,0,0,1,0,0,0,0,1,0,0,0
4,1,2021,347000,0,0,0,0,0,0,0,1,0,0,0,0,0,1,0,0,0
4,1,2021,150000,0,0,0,0,0,1,0,0,0,0,0,0,0,1,0,0,0
4,1,2021,265000,1,0,0,0,0,0,0,0,0,0,0,0,0,1,0,0,0
4,1,2021,641000,1,0,0,0,0,0,0,0,0,0,0,0,0,1,0,0,0
4,0,2021,121000,0,0,0,0,0,0,0,1,0,0,0,1,0,0,0,0,0
4,0,2021,47000,0,0,0,0,1,0,0,0,0,0,0,1,0,0,0,0,0
4,0,2021,142000,0,0,0,0,0,0,0,1,0,0,0,1,0,0,0,0,0
4,0,2021,3937000,0,0,0,0,0,0,0,0,1,0,0,1,0,0,0,0,0
4,0,2021,2375000,0,0,0,0,0,0,0,0,1,0,0,0,0,0,0,0,1
4,0,2021,217000,0,0,0,0,0,1,0,0,0,0,0,0,0,0,0,0,1
4,0,2021,130000,0,0,0,0,0,0,0,0,1,0,0,0,0,0,0,0,1
4,0,2021,60000,0,0,0,0,0,0,0,0,0,1,0,0,0,0,1,0,0
4,0,2021,227000,0,0,0,0,0,1,0,0,0,0,0,0,0,0,1,0,0
4,0,2021,103000,0,0,0,0,0,0,0,0,0,1,0,0,0,0,1,0,0
4,0,2021,2690000,0,0,0,0,0,0,0,0,1,0,1,0,0,0,0,0,0
4,0,2021,253000,0,0,1,0,0,0,0,0,0,0,1,0,0,0,0,0,0
4,0,2021,208000,0,0,0,0,0,0,0,0,0,1,1,0,0,0,0,0,0
4,1,2021,66000,1,0,0,0,0,0,0,0,0,0,0,0,1,0,0,0,0
4,1,2021,95000,0,0,0,0,1,0,0,0,0,0,0,0,1,0,0,0,0
4,1,2021,91000,0,0,0,0,1,0,0,0,0,0,0,0,1,0,0,0,0
4,1,2021,384000,0,0,0,0,0,0,0,1,0,0,0,0,0,1,0,0,0
4,1,2021,1454000,0,0,0,0,0,0,0,0,1,0,0,0,0,1,0,0,0
4,1,2021,812000,0,0,0,0,0,0,0,0,1,0,0,0,0,1,0,0,0
4,0,2021,660000,0,0,0,0,0,0,0,1,0,0,0,1,0,0,0,0,0
4,0,2021,55000,0,0,0,0,1,0,0,0,0,0,0,1,0,0,0,0,0
4,0,2021,5000000,0,0,0,0,0,0,1,0,0,0,0,0,0,0,0,1,0
4,0,2021,112000,0,0,0,0,1,0,0,0,0,0,0,0,0,0,0,1,0
4,0,2021,2564000,0,0,0,0,0,0,1,0,0,0,0,0,0,0,0,1,0
4,0,2021,148000,1,0,0,0,0,0,0,0,0,0,0,0,0,0,0,1,0
4,0,2021,5000000,0,0,0,0,0,0,0,0,1,0,0,0,0,0,0,0,1
4,0,2021,400000,1,0,0,0,0,0,0,0,0,0,0,0,0,0,1,0,0
4,0,2021,516000,0,0,0,0,0,0,0,0,0,1,0,0,0,0,1,0,0
4,0,2021,245000,0,0,0,0,0,1,0,0,0,0,0,0,0,0,1,0,0
4,0,2021,214000,1,0,0,0,0,0,0,0,0,0,0,0,0,0,1,0,0
4,0,2021,150000,0,0,0,0,1,0,0,0,0,0,1,0,0,0,0,0,0
4,0,2021,187000,1,0,0,0,0,0,0,0,0,0,1,0,0,0,0,0,0
5,1,2021,31000,0,0,0,0,1,0,0,0,0,0,0,0,1,0,0,0,0
5,1,2021,241000,0,0,0,0,0,0,0,0,0,1,0,0,1,0,0,0,0
5,1,2021,37000,0,0,0,0,1,0,0,0,0,0,0,0,0,1,0,0,0
5,1,2021,98000,1,0,0,0,0,0,0,0,0,0,0,0,0,1,0,0,0
5,0,2021,16000,0,0,0,0,1,0,0,0,0,0,0,0,0,0,0,1,0
5,0,2021,16000,0,0,0,0,0,0,0,0,0,1,0,0,0,0,0,1,0
5,0,2021,104000,0,0,0,0,1,0,0,0,0,0,0,0,0,0,0,1,0
5,0,2021,3250000,0,0,0,0,0,0,0,0,1,0,0,0,0,0,0,1,0
5,0,2021,283000,0,0,0,0,0,0,0,1,0,0,0,0,0,0,0,1,0
5,0,2021,3000000,0,0,0,0,0,0,1,0,0,0,0,0,0,0,0,1,0
5,0,2021,2817000,0,0,0,0,0,0,0,0,1,0,0,0,0,0,0,0,1
5,0,2021,91000,0,0,0,0,1,0,0,0,0,0,0,0,0,0,0,0,1
5,0,2021,148000,0,0,0,0,1,0,0,0,0,0,0,0,0,0,0,0,1
5,0,2021,656000,0,0,0,0,0,0,0,0,1,0,0,0,0,0,0,0,1
5,0,2021,318000,0,0,0,0,0,1,0,0,0,0,0,0,0,0,0,0,1
5,0,2021,102000,0,0,0,0,1,0,0,0,0,0,0,0,0,0,1,0,0
5,0,2021,88000,0,0,0,0,1,0,0,0,0,0,0,0,0,0,1,0,0
5,0,2021,59000,0,0,0,0,1,0,0,0,0,0,0,0,0,0,1,0,0
5,0,2021,269000,0,0,0,0,0,0,0,0,0,1,1,0,0,0,0,0,0
5,0,2021,198000,0,0,1,0,0,0,0,0,0,0,1,0,0,0,0,0,0
5,1,2021,156000,0,0,1,0,0,0,0,0,0,0,0,0,1,0,0,0,0
5,1,2021,173000,1,0,0,0,0,0,0,0,0,0,0,0,1,0,0,0,0
5,1,2021,83000,0,0,0,0,0,0,0,0,0,1,0,0,1,0,0,0,0
5,1,2021,215000,0,0,0,1,0,0,0,0,0,0,0,0,0,1,0,0,0
5,0,2021,210000,0,0,0,0,0,0,0,1,0,0,0,1,0,0,0,0,0
5,0,2021,250000,0,0,0,0,0,0,0,1,0,0,0,1,0,0,0,0,0
5,0,2021,173000,0,0,0,0,0,0,0,1,0,0,0,0,0,0,0,1,0
5,0,2021,86000,0,0,0,0,0,1,0,0,0,0,0,0,0,0,0,0,1
5,0,2021,66000,0,0,0,0,1,0,0,0,0,0,0,0,0,0,0,0,1
5,0,2021,2700000,0,0,0,0,0,0,1,0,0,0,0,0,0,0,1,0,0
5,0,2021,122000,1,0,0,0,0,0,0,0,0,0,1,0,0,0,0,0,0
5,0,2021,944000,0,0,0,0,0,1,0,0,0,0,1,0,0,0,0,0,0
5,1,2021,75000,0,0,0,0,1,0,0,0,0,0,0,0,1,0,0,0,0
5,1,2021,357000,0,0,0,0,0,0,0,0,0,1,0,0,1,0,0,0,0
5,1,2021,127000,0,0,0,0,1,0,0,0,0,0,0,0,1,0,0,0,0
5,1,2021,22000,0,0,0,0,0,0,0,0,0,1,0,0,1,0,0,0,0
5,1,2021,1213000,0,0,0,0,0,0,0,0,1,0,0,0,1,0,0,0,0
5,1,2021,131000,1,0,0,0,0,0,0,0,0,0,0,0,1,0,0,0,0
5,1,2021,30000,0,0,0,0,1,0,0,0,0,0,0,0,1,0,0,0,0
5,1,2021,14000,0,0,0,0,1,0,0,0,0,0,0,0,1,0,0,0,0
5,1,2021,500000,0,0,0,0,0,0,0,1,0,0,0,0,0,1,0,0,0
5,1,2021,53000,0,0,0,0,0,0,0,0,1,0,0,0,0,1,0,0,0
5,1,2021,6927000,0,0,0,0,0,0,0,0,1,0,0,0,0,1,0,0,0
5,1,2021,103000,0,0,0,0,1,0,0,0,0,0,0,0,0,1,0,0,0
5,1,2021,150000,0,0,0,0,0,0,0,1,0,0,0,0,0,1,0,0,0
5,1,2021,2347000,0,0,0,0,0,0,0,0,1,0,0,0,0,1,0,0,0
5,0,2021,247000,0,0,0,0,1,0,0,0,0,0,0,1,0,0,0,0,0
5,0,2021,3241000,0,0,0,0,0,0,0,0,1,0,0,0,0,0,0,1,0
5,0,2021,45000,0,0,0,0,0,0,0,1,0,0,0,0,0,0,0,1,0
5,0,2021,39000,0,0,0,0,1,0,0,0,0,0,0,0,0,0,0,1,0
5,0,2021,112000,0,0,0,1,0,0,0,0,0,0,0,0,0,0,0,1,0
5,0,2021,55000,0,0,0,0,0,0,0,0,0,1,0,0,0,0,0,0,1
5,0,2021,13000,0,0,0,0,0,0,0,0,0,1,0,0,0,0,0,0,1
5,0,2021,63000,0,0,0,0,0,0,0,0,0,1,0,0,0,0,1,0,0
5,0,2021,142000,0,0,0,0,1,0,0,0,0,0,0,0,0,0,1,0,0
5,0,2021,3244000,0,0,0,0,0,0,0,0,1,0,0,0,0,0,1,0,0
5,0,2021,157000,0,0,0,0,1,0,0,0,0,0,1,0,0,0,0,0,0
5,0,2021,6513000,0,0,0,0,0,0,0,0,1,0,1,0,0,0,0,0,0
5,1,2021,10000,0,0,0,0,0,0,0,0,0,1,0,0,1,0,0,0,0
5,1,2021,110000,1,0,0,0,0,0,0,0,0,0,0,0,1,0,0,0,0
5,1,2021,348000,0,0,0,0,0,0,0,1,0,0,0,0,1,0,0,0,0
5,1,2021,378000,0,0,0,0,0,0,0,0,0,1,0,0,1,0,0,0,0
5,1,2021,330000,0,0,0,0,1,0,0,0,0,0,0,0,0,1,0,0,0
5,1,2021,241000,0,0,0,0,0,0,0,0,0,1,0,0,0,1,0,0,0
5,1,2021,64000,0,0,0,0,1,0,0,0,0,0,0,0,0,1,0,0,0
5,0,2021,1358000,0,0,0,0,0,0,0,0,1,0,0,1,0,0,0,0,0
5,0,2021,72000,0,0,0,0,1,0,0,0,0,0,0,1,0,0,0,0,0
5,0,2021,100000,0,0,0,0,0,0,0,1,0,0,0,0,0,0,0,0,1
5,0,2021,154000,1,0,0,0,0,0,0,0,0,0,0,0,0,0,0,0,1
5,0,2021,30000,0,0,0,0,1,0,0,0,0,0,0,0,0,0,0,0,1
5,0,2021,720000,0,0,1,0,0,0,0,0,0,0,0,0,0,0,0,0,1
5,0,2021,1906000,0,0,0,0,0,0,0,0,1,0,0,0,0,0,0,0,1
5,0,2021,25000,0,0,0,0,0,0,0,0,0,1,0,0,0,0,1,0,0
5,0,2021,6109000,0,0,0,0,0,0,0,0,1,0,1,0,0,0,0,0,0
5,0,2021,541000,0,0,1,0,0,0,0,0,0,0,1,0,0,0,0,0,0
5,0,2021,1483000,0,0,0,0,0,0,0,0,1,0,1,0,0,0,0,0,0
5,0,2021,1263000,1,0,0,0,0,0,0,0,0,0,1,0,0,0,0,0,0
5,0,2021,44000,0,0,0,0,1,0,0,0,0,0,1,0,0,0,0,0,0
5,1,2021,95000,0,0,0,0,1,0,0,0,0,0,0,0,1,0,0,0,0
5,1,2021,2199000,0,0,0,0,0,0,1,0,0,0,0,0,1,0,0,0,0
5,1,2021,203000,0,0,0,0,0,0,0,1,0,0,0,0,0,1,0,0,0
5,1,2021,1215000,0,0,0,0,0,0,0,0,1,0,0,0,0,1,0,0,0
5,0,2021,10000,0,0,0,0,1,0,0,0,0,0,0,1,0,0,0,0,0
6,0,2021,1453000,0,0,0,0,0,0,0,0,1,0,0,0,0,0,0,1,0
6,0,2021,92000,0,0,0,0,1,0,0,0,0,0,0,0,0,0,0,1,0
6,0,2021,19000,0,0,0,0,0,0,0,0,0,1,0,0,0,0,0,0,1
6,0,2021,2315000,0,0,0,0,0,0,0,0,1,0,0,0,0,0,0,0,1
6,0,2021,439000,0,0,0,0,0,0,0,0,0,1,0,0,0,0,1,0,0
6,0,2021,96000,0,0,0,0,0,0,0,1,0,0,0,0,0,0,1,0,0
6,0,2021,1134000,0,0,0,0,0,0,1,0,0,0,1,0,0,0,0,0,0
6,0,2021,56000,0,0,0,0,0,0,0,0,1,0,1,0,0,0,0,0,0
6,0,2021,89000,0,0,0,0,0,0,0,0,0,1,1,0,0,0,0,0,0
6,0,2021,7683000,0,0,0,0,0,0,0,0,1,0,1,0,0,0,0,0,0
6,0,2021,4200000,0,0,0,0,0,0,0,0,1,0,1,0,0,0,0,0,0
6,1,2021,105000,0,0,0,0,0,0,0,1,0,0,0,0,1,0,0,0,0
6,1,2021,28000,0,0,0,0,0,0,0,0,1,0,0,0,1,0,0,0,0
6,1,2021,66000,0,0,0,0,1,0,0,0,0,0,0,0,1,0,0,0,0
6,1,2021,90000,0,0,0,0,0,0,0,0,1,0,0,0,0,1,0,0,0
6,1,2021,109000,1,0,0,0,0,0,0,0,0,0,0,0,0,1,0,0,0
6,1,2021,986000,1,0,0,0,0,0,0,0,0,0,0,0,0,1,0,0,0
6,1,2021,12000,0,0,0,0,1,0,0,0,0,0,0,0,0,1,0,0,0
6,0,2021,16000,0,0,0,0,0,0,0,0,0,1,0,1,0,0,0,0,0
6,0,2021,233000,0,0,0,0,0,0,0,1,0,0,0,0,0,0,0,1,0
6,0,2021,25000,0,0,0,0,0,0,0,0,0,1,0,0,0,0,0,1,0
6,0,2021,2472000,0,0,0,0,0,0,0,0,1,0,0,0,0,0,0,0,1
6,0,2021,79000,0,0,0,0,0,0,0,1,0,0,0,0,0,0,0,0,1
6,0,2021,1975000,0,0,0,0,0,0,0,0,1,0,0,0,0,0,0,0,1
6,0,2021,5047000,0,0,0,0,0,0,0,0,1,0,0,0,0,0,0,0,1
6,0,2021,49000,0,0,0,0,0,0,0,1,0,0,0,0,0,0,0,0,1
6,0,2021,1352000,0,0,0,0,0,0,1,0,0,0,0,0,0,0,1,0,0
6,0,2021,126000,1,0,0,0,0,0,0,0,0,0,0,0,0,0,1,0,0
6,0,2021,390000,0,0,0,0,0,0,0,1,0,0,0,0,0,0,1,0,0
6,0,2021,1448000,0,0,0,0,0,0,0,0,1,0,1,0,0,0,0,0,0
6,0,2021,400000,0,0,0,0,0,1,0,0,0,0,1,0,0,0,0,0,0
6,0,2021,136000,0,0,0,1,0,0,0,0,0,0,1,0,0,0,0,0,0
6,0,2021,54000,0,0,0,0,0,0,0,0,0,1,1,0,0,0,0,0,0
6,1,2021,3106000,0,0,0,0,0,0,0,0,1,0,0,0,1,0,0,0,0
6,1,2021,609000,0,0,0,0,0,0,0,1,0,0,0,0,0,1,0,0,0
6,1,2021,150000,1,0,0,0,0,0,0,0,0,0,0,0,0,1,0,0,0
6,1,2021,94000,0,0,0,0,1,0,0,0,0,0,0,0,0,1,0,0,0
6,0,2021,1264000,0,0,1,0,0,0,0,0,0,0,0,1,0,0,0,0,0
6,0,2021,115000,0,0,0,0,1,0,0,0,0,0,0,1,0,0,0,0,0
6,0,2021,36000,0,0,0,0,1,0,0,0,0,0,0,1,0,0,0,0,0
6,0,2021,86000,0,0,0,0,1,0,0,0,0,0,0,0,0,0,0,1,0
6,0,2021,41000,0,0,0,0,1,0,0,0,0,0,0,0,0,0,0,1,0
6,0,2021,137000,0,0,0,0,0,0,0,1,0,0,0,0,0,0,0,1,0
6,0,2021,95000,0,0,0,0,0,0,0,0,1,0,0,0,0,0,0,0,1
6,0,2021,39000,0,0,0,0,1,0,0,0,0,0,0,0,0,0,0,0,1
6,0,2021,87000,0,0,0,0,0,0,0,0,0,1,0,0,0,0,0,0,1
6,0,2021,101000,0,0,0,0,1,0,0,0,0,0,0,0,0,0,0,0,1
6,0,2021,311000,0,0,0,0,0,0,0,1,0,0,0,0,0,0,0,0,1
6,0,2021,100000,0,0,0,0,1,0,0,0,0,0,0,0,0,0,0,0,1
6,0,2021,2135000,0,0,0,0,0,0,0,0,1,0,0,0,0,0,1,0,0
6,0,2021,104000,0,0,0,0,1,0,0,0,0,0,0,0,0,0,1,0,0
6,0,2021,123000,1,0,0,0,0,0,0,0,0,0,1,0,0,0,0,0,0
6,0,2021,28000,0,0,0,0,1,0,0,0,0,0,1,0,0,0,0,0,0
6,1,2021,113000,0,0,0,0,0,0,0,1,0,0,0,0,1,0,0,0,0
6,1,2021,41000,0,0,0,0,0,0,0,1,0,0,0,0,1,0,0,0,0
6,1,2021,67000,0,0,0,0,0,0,0,0,0,1,0,0,1,0,0,0,0
6,1,2021,504000,0,0,0,0,0,0,0,0,0,1,0,0,1,0,0,0,0
6,1,2021,92000,0,0,0,0,0,0,0,0,0,1,0,0,1,0,0,0,0
6,1,2021,83000,0,0,0,0,1,0,0,0,0,0,0,0,0,1,0,0,0
6,1,2021,38000,0,0,0,0,1,0,0,0,0,0,0,0,0,1,0,0,0
6,0,2021,707000,0,0,0,0,0,0,0,0,0,1,0,1,0,0,0,0,0
6,0,2021,1141000,0,0,0,0,0,0,0,0,1,0,0,1,0,0,0,0,0
6,0,2021,145000,0,0,0,0,0,0,0,0,0,1,0,1,0,0,0,0,0
6,0,2021,8800000,0,0,0,0,0,0,0,0,1,0,0,1,0,0,0,0,0
6,0,2021,6194000,0,0,0,0,0,0,0,0,1,0,0,1,0,0,0,0,0
6,0,2021,142000,0,0,0,0,1,0,0,0,0,0,0,0,0,0,0,1,0
6,0,2021,192000,0,0,0,0,0,1,0,0,0,0,0,0,0,0,0,1,0
6,0,2021,76000,0,0,0,0,0,0,0,1,0,0,0,0,0,0,0,1,0
6,0,2021,122000,0,0,0,0,0,1,0,0,0,0,0,0,0,0,0,0,1
6,0,2021,390000,1,0,0,0,0,0,0,0,0,0,0,0,0,0,0,0,1
6,0,2021,269000,0,0,0,0,0,0,0,1,0,0,0,0,0,0,0,0,1
6,0,2021,2684000,0,0,0,0,0,0,0,0,1,0,0,0,0,0,0,0,1
6,0,2021,11000,0,0,0,0,0,0,0,0,0,1,0,0,0,0,1,0,0
6,0,2021,300000,1,0,0,0,0,0,0,0,0,0,0,0,0,0,1,0,0
6,0,2021,316000,0,0,0,0,0,1,0,0,0,0,0,0,0,0,1,0,0
6,0,2021,137000,0,0,0,0,0,0,0,0,0,1,0,0,0,0,1,0,0
6,0,2021,200000,1,0,0,0,0,0,0,0,0,0,0,0,0,0,1,0,0
6,0,2021,12000,0,0,0,0,1,0,0,0,0,0,1,0,0,0,0,0,0
6,0,2021,87000,0,0,0,0,1,0,0,0,0,0,1,0,0,0,0,0,0
6,1,2021,1811000,0,0,0,0,0,0,0,0,1,0,0,0,1,0,0,0,0
6,1,2021,5250000,0,0,0,0,0,0,1,0,0,0,0,0,1,0,0,0,0
6,1,2021,141000,0,0,0,0,1,0,0,0,0,0,0,0,1,0,0,0,0
6,1,2021,2750000,0,0,0,0,0,0,0,0,1,0,0,0,1,0,0,0,0
6,1,2021,130000,0,0,0,1,0,0,0,0,0,0,0,0,0,1,0,0,0
6,1,2021,6000,0,0,0,0,0,0,0,0,0,1,0,0,0,1,0,0,0
6,1,2021,1113000,0,0,0,0,0,0,0,0,1,0,0,0,0,1,0,0,0
6,1,2021,2355000,0,0,0,0,0,0,1,0,0,0,0,0,0,1,0,0,0
6,1,2021,1270000,0,0,0,0,0,0,0,0,1,0,0,0,0,1,0,0,0
6,0,2021,2500000,0,0,0,0,0,0,0,0,1,0,0,1,0,0,0,0,0
6,0,2021,84000,0,0,0,0,0,0,0,1,0,0,0,1,0,0,0,0,0
6,0,2021,100000,1,0,0,0,0,0,0,0,0,0,0,1,0,0,0,0,0
6,0,2021,174000,0,0,0,0,0,1,0,0,0,0,0,1,0,0,0,0,0
6,0,2021,40000,0,0,0,0,1,0,0,0,0,0,0,1,0,0,0,0,0
6,0,2021,2710000,0,0,0,0,0,0,0,0,1,0,0,0,0,0,0,1,0
6,0,2021,340000,0,0,0,0,0,0,0,1,0,0,0,0,0,0,0,1,0
6,0,2021,55000,0,0,0,0,0,0,0,0,0,1,0,0,0,0,0,1,0
6,0,2021,894000,0,0,0,0,0,0,0,0,1,0,0,0,0,0,0,1,0
6,0,2021,360000,0,0,0,0,0,1,0,0,0,0,0,0,0,0,0,0,1
7,0,2021,24000,0,0,0,0,1,0,0,0,0,0,0,0,0,0,1,0,0
7,0,2021,362000,1,0,0,0,0,0,0,0,0,0,0,0,0,0,1,0,0
7,0,2021,4259000,0,0,0,0,0,0,0,0,1,0,0,0,0,0,1,0,0
7,0,2021,47000,0,0,0,0,0,0,0,0,0,1,1,0,0,0,0,0,0
7,0,2021,103000,0,0,0,0,0,0,0,0,0,1,1,0,0,0,0,0,0
7,0,2021,109000,0,0,0,0,1,0,0,0,0,0,1,0,0,0,0,0,0
7,1,2021,518000,0,0,0,0,0,0,0,1,0,0,0,0,1,0,0,0,0
7,1,2021,235000,1,0,0,0,0,0,0,0,0,0,0,0,0,1,0,0,0
7,0,2021,272000,1,0,0,0,0,0,0,0,0,0,0,0,0,0,0,1,0
7,0,2021,122000,0,0,0,0,0,0,0,0,0,1,0,0,0,0,0,1,0
7,0,2021,23000,0,0,0,0,0,0,0,0,0,1,0,0,0,0,0,0,1
7,0,2021,33000,0,0,0,0,0,0,0,0,0,1,0,0,0,0,0,0,1
7,0,2021,78000,0,0,0,0,0,0,0,0,0,1,0,0,0,0,1,0,0
7,0,2021,4688000,0,0,0,0,0,0,0,0,1,0,0,0,0,0,1,0,0
7,0,2021,1147000,0,0,0,0,0,0,0,0,1,0,1,0,0,0,0,0,0
7,0,2021,85000,0,0,0,0,0,0,0,0,0,1,1,0,0,0,0,0,0
7,0,2021,90000,0,0,0,0,1,0,0,0,0,0,1,0,0,0,0,0,0
7,1,2021,82000,0,0,0,0,1,0,0,0,0,0,0,0,1,0,0,0,0
7,1,2021,500000,0,0,0,0,0,0,0,0,0,1,0,0,1,0,0,0,0
7,1,2021,32000,0,0,0,0,0,0,0,0,0,1,0,0,1,0,0,0,0
7,1,2021,3714000,0,0,0,0,0,0,0,0,1,0,0,0,0,1,0,0,0
7,1,2021,163000,0,0,0,0,0,0,0,1,0,0,0,0,0,1,0,0,0
7,1,2021,1575000,0,0,0,0,0,0,0,0,1,0,0,0,0,1,0,0,0
7,0,2021,228000,0,0,0,0,0,0,0,1,0,0,0,1,0,0,0,0,0
7,0,2021,1177000,0,0,0,0,0,0,0,0,1,0,0,1,0,0,0,0,0
7,0,2021,854000,0,0,0,0,0,0,0,0,1,0,0,1,0,0,0,0,0
7,0,2021,962000,0,0,0,0,0,0,0,0,1,0,0,0,0,0,0,1,0
7,0,2021,40000,0,0,0,0,1,0,0,0,0,0,0,0,0,0,0,0,1
7,0,2021,189000,0,0,0,0,1,0,0,0,0,0,0,0,0,0,0,0,1
7,0,2021,477000,0,0,0,0,0,0,0,0,0,1,0,0,0,0,0,0,1
7,0,2021,97000,0,0,0,0,1,0,0,0,0,0,0,0,0,0,1,0,0
7,0,2021,1276000,0,0,0,0,0,0,1,0,0,0,0,0,0,0,1,0,0
7,0,2021,768000,0,0,0,0,0,0,0,1,0,0,0,0,0,0,1,0,0
7,0,2021,74000,0,0,0,0,0,0,0,1,0,0,1,0,0,0,0,0,0
7,0,2021,767000,0,0,0,0,0,0,0,1,0,0,1,0,0,0,0,0,0
7,1,2021,39000,0,0,0,0,1,0,0,0,0,0,0,0,1,0,0,0,0
7,1,2021,3895000,0,0,0,0,0,0,0,0,1,0,0,0,1,0,0,0,0
7,1,2021,1312000,0,0,0,0,0,1,0,0,0,0,0,0,1,0,0,0,0
7,1,2021,54000,0,0,0,0,1,0,0,0,0,0,0,0,1,0,0,0,0
7,1,2021,203000,0,0,0,1,0,0,0,0,0,0,0,0,0,1,0,0,0
7,1,2021,46000,0,0,0,0,0,1,0,0,0,0,0,0,0,1,0,0,0
7,0,2021,108000,0,0,0,0,0,0,0,1,0,0,0,1,0,0,0,0,0
7,0,2021,94000,0,0,0,0,0,0,0,0,1,0,0,1,0,0,0,0,0
7,0,2021,87000,0,0,0,0,0,1,0,0,0,0,0,0,0,0,0,1,0
7,0,2021,7000,0,0,0,0,1,0,0,0,0,0,0,0,0,0,0,1,0
7,0,2021,35000,0,0,0,0,0,0,0,0,1,0,0,0,0,0,0,0,1
7,0,2021,23000,0,0,0,0,0,0,0,1,0,0,0,0,0,0,0,0,1
7,0,2021,350000,0,0,0,0,0,0,0,1,0,0,0,0,0,0,0,0,1
7,0,2021,181000,0,0,0,0,0,1,0,0,0,0,0,0,0,0,0,0,1
7,0,2021,475000,0,0,1,0,0,0,0,0,0,0,0,0,0,0,0,0,1
7,0,2021,661000,0,0,0,0,0,0,1,0,0,0,0,0,0,0,0,0,1
7,0,2021,135000,0,0,0,0,1,0,0,0,0,0,0,0,0,0,1,0,0
7,0,2021,35000,0,0,0,0,0,0,0,1,0,0,0,0,0,0,1,0,0
7,0,2021,291000,0,0,0,0,0,0,0,1,0,0,0,0,0,0,1,0,0
7,0,2021,80000,0,0,0,0,1,0,0,0,0,0,0,0,0,0,1,0,0
7,0,2021,306000,0,0,1,0,0,0,0,0,0,0,0,0,0,0,1,0,0
7,0,2021,108000,0,0,0,0,0,0,0,0,1,0,0,0,0,0,1,0,0
7,0,2021,249000,0,0,0,1,0,0,0,0,0,0,1,0,0,0,0,0,0
7,0,2021,4423000,0,0,0,0,0,0,0,0,1,0,1,0,0,0,0,0,0
7,0,2021,114000,0,0,0,0,1,0,0,0,0,0,1,0,0,0,0,0,0
7,0,2021,64000,1,0,0,0,0,0,0,0,0,0,1,0,0,0,0,0,0
7,1,2021,73000,0,0,0,0,1,0,0,0,0,0,0,0,1,0,0,0,0
7,0,2021,1866000,0,0,0,0,0,0,0,0,1,0,0,1,0,0,0,0,0
7,0,2021,146000,0,0,0,0,0,0,0,0,0,1,0,1,0,0,0,0,0
7,0,2021,233000,0,0,1,0,0,0,0,0,0,0,0,1,0,0,0,0,0
7,0,2021,78000,0,0,0,0,1,0,0,0,0,0,0,1,0,0,0,0,0
7,0,2021,1927000,0,0,0,0,0,0,0,0,1,0,0,1,0,0,0,0,0
7,0,2021,1254000,0,0,0,0,0,0,0,0,1,0,0,0,0,0,0,1,0
7,0,2021,100000,0,0,0,0,1,0,0,0,0,0,0,0,0,0,0,0,1
7,0,2021,60000,0,0,0,0,1,0,0,0,0,0,0,0,0,0,1,0,0
7,0,2021,39000,0,0,0,0,1,0,0,0,0,0,0,0,0,0,1,0,0
7,0,2021,59000,0,0,0,0,1,0,0,0,0,0,0,0,0,0,1,0,0
7,0,2021,206000,0,0,0,0,0,1,0,0,0,0,0,0,0,0,1,0,0
7,0,2021,273000,0,0,0,0,0,0,1,0,0,0,0,0,0,0,1,0,0
7,0,2021,166000,1,0,0,0,0,0,0,0,0,0,1,0,0,0,0,0,0
7,0,2021,579000,0,0,0,0,0,0,0,1,0,0,1,0,0,0,0,0,0
7,0,2021,43000,0,0,0,0,1,0,0,0,0,0,1,0,0,0,0,0,0
7,0,2021,2850000,0,0,0,0,0,0,1,0,0,0,1,0,0,0,0,0,0
7,0,2021,171000,0,0,0,0,0,0,0,1,0,0,1,0,0,0,0,0,0
7,0,2021,120000,0,0,0,0,1,0,0,0,0,0,1,0,0,0,0,0,0
7,1,2021,214000,0,0,0,0,0,0,0,1,0,0,0,0,1,0,0,0,0
7,1,2021,555000,0,0,0,0,0,0,0,0,0,1,0,0,1,0,0,0,0
7,1,2021,82000,0,0,0,0,0,0,0,0,1,0,0,0,1,0,0,0,0
7,1,2021,107000,0,0,0,0,1,0,0,0,0,0,0,0,1,0,0,0,0
7,1,2021,1952000,0,0,0,0,0,0,0,0,1,0,0,0,1,0,0,0,0
8,1,2021,237000,0,0,0,0,0,0,0,1,0,0,0,0,0,1,0,0,0
8,1,2021,47000,0,0,0,0,1,0,0,0,0,0,0,0,0,1,0,0,0
8,1,2021,40000,0,0,0,0,0,0,0,0,1,0,0,0,0,1,0,0,0
8,1,2021,1048000,0,0,0,0,0,0,0,0,1,0,0,0,0,1,0,0,0
8,0,2021,195000,0,0,0,0,0,0,0,1,0,0,0,1,0,0,0,0,0
8,0,2021,226000,0,0,0,0,0,1,0,0,0,0,0,1,0,0,0,0,0
8,0,2021,195000,0,0,0,0,1,0,0,0,0,0,0,0,0,0,0,1,0
8,0,2021,3324000,0,0,0,0,0,0,0,0,1,0,0,0,0,0,0,0,1
8,0,2021,56000,0,0,0,0,1,0,0,0,0,0,0,0,0,0,0,0,1
8,0,2021,4301000,0,0,0,0,0,0,0,0,1,0,0,0,0,0,0,0,1
8,0,2021,133000,0,0,0,1,0,0,0,0,0,0,0,0,0,0,0,0,1
8,0,2021,104000,0,0,0,0,1,0,0,0,0,0,0,0,0,0,0,0,1
8,0,2021,330000,0,0,0,0,0,0,0,0,0,1,0,0,0,0,0,0,1
8,0,2021,1848000,0,0,0,0,0,0,1,0,0,0,0,0,0,0,1,0,0
8,0,2021,16000,0,0,0,0,1,0,0,0,0,0,0,0,0,0,1,0,0
8,0,2021,12000,0,0,0,0,1,0,0,0,0,0,0,0,0,0,1,0,0
8,0,2021,315000,0,0,0,0,0,1,0,0,0,0,1,0,0,0,0,0,0
8,0,2021,3696000,0,0,0,0,0,0,0,0,1,0,1,0,0,0,0,0,0
8,0,2021,2850000,0,0,0,0,0,0,1,0,0,0,1,0,0,0,0,0,0
8,0,2021,38000,0,0,0,0,1,0,0,0,0,0,1,0,0,0,0,0,0
8,0,2021,2595000,0,0,0,0,0,0,0,0,1,0,1,0,0,0,0,0,0
8,1,2021,21000,0,0,0,0,0,0,0,0,0,1,0,0,1,0,0,0,0
8,1,2021,110000,0,0,0,0,1,0,0,0,0,0,0,0,1,0,0,0,0
8,1,2021,353000,0,0,0,0,0,0,0,1,0,0,0,0,1,0,0,0,0
8,1,2021,939000,0,0,0,0,0,0,1,0,0,0,0,0,0,1,0,0,0
8,0,2021,58000,0,0,0,0,0,0,0,0,1,0,0,1,0,0,0,0,0
8,0,2021,32000,0,0,0,0,1,0,0,0,0,0,0,1,0,0,0,0,0
8,0,2021,352000,0,0,1,0,0,0,0,0,0,0,0,1,0,0,0,0,0
8,0,2021,155000,0,0,0,1,0,0,0,0,0,0,0,1,0,0,0,0,0
8,0,2021,11000,0,0,0,0,0,0,0,0,0,1,0,1,0,0,0,0,0
8,0,2021,207000,0,0,0,0,0,0,0,0,0,1,0,0,0,0,0,0,1
8,0,2021,164000,0,0,0,0,1,0,0,0,0,0,0,0,0,0,0,0,1
8,0,2021,234000,0,0,0,1,0,0,0,0,0,0,0,0,0,0,1,0,0
8,0,2021,265000,0,0,0,0,1,0,0,0,0,0,0,0,0,0,1,0,0
8,0,2021,135000,0,0,0,0,0,0,0,0,0,1,0,0,0,0,1,0,0
8,0,2021,171000,0,0,0,1,0,0,0,0,0,0,1,0,0,0,0,0,0
8,0,2021,142000,0,0,0,0,0,0,0,1,0,0,1,0,0,0,0,0,0
8,1,2021,980000,0,0,0,0,0,1,0,0,0,0,0,0,1,0,0,0,0
8,1,2021,986000,0,0,0,0,0,1,0,0,0,0,0,0,1,0,0,0,0
8,1,2021,1950000,0,0,0,0,0,0,0,0,1,0,0,0,1,0,0,0,0
8,1,2021,14000,0,0,0,0,0,0,0,0,0,1,0,0,0,1,0,0,0
8,1,2021,126000,0,0,0,0,1,0,0,0,0,0,0,0,0,1,0,0,0
8,1,2021,257000,0,0,0,0,0,0,0,0,0,1,0,0,0,1,0,0,0
8,1,2021,98000,0,0,0,0,1,0,0,0,0,0,0,0,0,1,0,0,0
8,1,2021,109000,1,0,0,0,0,0,0,0,0,0,0,0,0,1,0,0,0
8,1,2021,79000,0,0,0,0,1,0,0,0,0,0,0,0,0,1,0,0,0
8,0,2021,28000,0,0,0,0,0,0,0,0,0,1,0,1,0,0,0,0,0
8,0,2021,157000,0,0,0,0,0,1,0,0,0,0,0,1,0,0,0,0,0
8,0,2021,28000,0,0,0,0,1,0,0,0,0,0,0,1,0,0,0,0,0
8,0,2021,126000,0,0,0,1,0,0,0,0,0,0,0,1,0,0,0,0,0
8,0,2021,76000,0,0,0,0,0,0,0,1,0,0,0,0,0,0,0,1,0
8,0,2021,73000,0,0,0,0,1,0,0,0,0,0,0,0,0,0,0,1,0
8,0,2021,71000,0,0,0,0,0,0,0,0,1,0,0,0,0,0,0,1,0
8,0,2021,3489000,0,0,0,0,0,0,0,0,1,0,0,0,0,0,0,1,0
8,0,2021,5104000,0,0,0,0,0,0,0,0,1,0,0,0,0,0,0,0,1
8,0,2021,3140000,0,0,0,0,0,0,1,0,0,0,0,0,0,0,1,0,0
8,0,2021,357000,0,0,1,0,0,0,0,0,0,0,0,0,0,0,1,0,0
8,0,2021,4665000,0,0,0,0,0,0,0,0,1,0,1,0,0,0,0,0,0
8,0,2021,55000,0,0,0,0,1,0,0,0,0,0,1,0,0,0,0,0,0
8,0,2021,389000,0,0,0,0,0,0,0,1,0,0,1,0,0,0,0,0,0
8,0,2021,14000,0,0,0,0,0,0,0,0,0,1,1,0,0,0,0,0,0
8,0,2021,15000,0,0,0,0,0,0,0,0,0,1,1,0,0,0,0,0,0
8,0,2021,4977000,0,0,0,0,0,0,0,0,1,0,1,0,0,0,0,0,0
8,0,2021,2643000,0,0,0,0,0,0,0,0,1,0,1,0,0,0,0,0,0
8,1,2021,180000,1,0,0,0,0,0,0,0,0,0,0,0,1,0,0,0,0
8,1,2021,550000,0,0,0,0,0,0,0,1,0,0,0,0,1,0,0,0,0
8,1,2021,3765000,0,0,0,0,0,0,0,0,1,0,0,0,1,0,0,0,0
8,1,2021,38000,0,0,0,0,0,0,0,0,0,1,0,0,1,0,0,0,0
8,1,2021,840000,0,0,0,0,0,0,0,0,0,1,0,0,1,0,0,0,0
8,1,2021,147000,0,0,1,0,0,0,0,0,0,0,0,0,1,0,0,0,0
8,1,2021,63000,0,0,0,0,1,0,0,0,0,0,0,0,0,1,0,0,0
8,1,2021,246000,0,0,0,0,0,0,0,1,0,0,0,0,0,1,0,0,0
8,1,2021,64000,0,0,0,0,1,0,0,0,0,0,0,0,0,1,0,0,0
8,0,2021,1904000,0,0,0,0,0,0,0,0,1,0,0,1,0,0,0,0,0
8,0,2021,175000,1,0,0,0,0,0,0,0,0,0,0,1,0,0,0,0,0
8,0,2021,79000,0,0,0,0,0,0,0,0,0,1,0,1,0,0,0,0,0
8,0,2021,3926000,0,0,0,0,0,0,0,0,1,0,0,1,0,0,0,0,0
8,0,2021,150000,0,0,0,0,0,0,0,1,0,0,0,1,0,0,0,0,0
8,0,2021,59000,1,0,0,0,0,0,0,0,0,0,0,0,0,0,0,1,0
8,0,2021,38000,0,0,0,0,1,0,0,0,0,0,0,0,0,0,0,1,0
8,0,2021,566000,0,0,0,0,0,0,0,1,0,0,0,0,0,0,0,1,0
8,0,2021,128000,0,0,0,0,0,0,0,0,0,1,0,0,0,0,0,1,0
8,0,2021,46000,0,0,0,0,0,0,0,0,1,0,0,0,0,0,0,1,0
8,0,2021,629000,1,0,0,0,0,0,0,0,0,0,0,0,0,0,0,1,0
8,0,2021,201000,1,0,0,0,0,0,0,0,0,0,0,0,0,0,0,0,1
8,0,2021,278000,0,0,0,0,0,1,0,0,0,0,0,0,0,0,1,0,0
8,0,2021,38000,0,0,0,0,1,0,0,0,0,0,0,0,0,0,1,0,0
8,0,2021,67000,0,0,0,0,1,0,0,0,0,0,0,0,0,0,1,0,0
8,0,2021,97000,1,0,0,0,0,0,0,0,0,0,0,0,0,0,1,0,0
8,0,2021,110000,1,0,0,0,0,0,0,0,0,0,0,0,0,0,1,0,0
8,0,2021,34000,1,0,0,0,0,0,0,0,0,0,1,0,0,0,0,0,0
8,1,2021,2750000,0,0,0,0,0,0,0,0,1,0,0,0,1,0,0,0,0
8,1,2021,14000,0,0,0,0,0,0,0,0,0,1,0,0,1,0,0,0,0
8,1,2021,197000,1,0,0,0,0,0,0,0,0,0,0,0,1,0,0,0,0
8,1,2021,219000,1,0,0,0,0,0,0,0,0,0,0,0,1,0,0,0,0
8,1,2021,73000,0,0,0,0,1,0,0,0,0,0,0,0,1,0,0,0,0
8,1,2021,101000,0,0,0,0,1,0,0,0,0,0,0,0,1,0,0,0,0
8,1,2021,62000,0,0,0,0,0,0,0,0,0,1,0,0,1,0,0,0,0
8,1,2021,180000,0,0,1,0,0,0,0,0,0,0,0,0,1,0,0,0,0
8,1,2021,950000,0,0,0,0,0,0,1,0,0,0,0,0,0,1,0,0,0
8,1,2021,150000,0,0,0,0,1,0,0,0,0,0,0,0,0,1,0,0,0
8,1,2021,14000,0,0,0,0,0,0,0,0,0,1,0,0,0,1,0,0,0
8,1,2021,488000,1,0,0,0,0,0,0,0,0,0,0,0,0,1,0,0,0
8,1,2021,40000,0,0,0,0,0,0,0,0,0,1,0,0,0,1,0,0,0
8,0,2021,566000,0,0,0,0,0,0,0,1,0,0,0,1,0,0,0,0,0
8,0,2021,5856000,0,0,0,0,0,0,0,0,1,0,0,1,0,0,0,0,0
8,0,2021,85000,0,0,0,0,1,0,0,0,0,0,0,0,0,0,0,1,0
8,0,2021,3997000,0,0,0,0,0,0,0,0,1,0,0,0,0,0,0,1,0
9,0,2021,131000,0,0,0,0,0,1,0,0,0,0,0,0,0,0,0,0,1
9,0,2021,1480000,0,0,0,0,0,0,0,0,1,0,0,0,0,0,1,0,0
9,0,2021,300000,0,0,0,1,0,0,0,0,0,0,0,0,0,0,1,0,0
9,0,2021,54000,0,0,0,0,1,0,0,0,0,0,1,0,0,0,0,0,0
9,0,2021,992000,0,0,0,0,0,1,0,0,0,0,1,0,0,0,0,0,0
9,1,2021,79000,0,0,0,0,1,0,0,0,0,0,0,0,1,0,0,0,0
9,1,2021,840000,0,0,0,0,0,0,0,1,0,0,0,0,0,1,0,0,0
9,0,2021,25000,0,0,0,0,0,0,0,0,0,1,0,1,0,0,0,0,0
9,0,2021,142000,1,0,0,0,0,0,0,0,0,0,0,1,0,0,0,0,0
9,0,2021,27000,0,0,0,0,1,0,0,0,0,0,0,0,0,0,0,1,0
9,0,2021,108000,0,0,0,0,1,0,0,0,0,0,0,0,0,0,0,1,0
9,0,2021,240000,1,0,0,0,0,0,0,0,0,0,0,0,0,0,0,1,0
9,0,2021,150000,0,0,0,0,0,0,0,0,0,1,0,0,0,0,0,1,0
9,0,2021,82000,1,0,0,0,0,0,0,0,0,0,0,0,0,0,0,1,0
9,0,2021,94000,0,0,0,0,1,0,0,0,0,0,0,0,0,0,0,0,1
9,0,2021,274000,0,0,0,1,0,0,0,0,0,0,0,0,0,0,0,0,1
9,0,2021,182000,0,0,0,0,1,0,0,0,0,0,0,0,0,0,0,0,1
9,0,2021,1960000,0,0,0,0,0,0,1,0,0,0,0,0,0,0,0,0,1
9,0,2021,4045000,0,0,0,0,0,0,0,0,1,0,0,0,0,0,1,0,0
9,0,2021,164000,0,0,0,0,0,0,0,0,0,1,0,0,0,0,1,0,0
9,0,2021,4541000,0,0,0,0,0,0,1,0,0,0,0,0,0,0,1,0,0
9,0,2021,123000,1,0,0,0,0,0,0,0,0,0,1,0,0,0,0,0,0
9,1,2021,77000,0,0,0,0,1,0,0,0,0,0,0,0,1,0,0,0,0
9,1,2021,2519000,0,0,0,0,0,0,0,0,1,0,0,0,0,1,0,0,0
9,1,2021,1203000,0,0,0,0,0,1,0,0,0,0,0,0,0,1,0,0,0
9,1,2021,208000,0,0,0,0,0,1,0,0,0,0,0,0,0,1,0,0,0
9,1,2021,956000,0,0,0,0,0,1,0,0,0,0,0,0,0,1,0,0,0
9,1,2021,2051000,0,0,0,0,0,0,0,0,1,0,0,0,0,1,0,0,0
9,1,2021,1249000,0,0,0,0,0,0,0,0,1,0,0,0,0,1,0,0,0
9,0,2021,550000,0,0,1,0,0,0,0,0,0,0,0,1,0,0,0,0,0
9,0,2021,115000,0,0,0,0,1,0,0,0,0,0,0,0,0,0,0,1,0
9,0,2021,145000,0,0,1,0,0,0,0,0,0,0,0,0,0,0,0,1,0
9,0,2021,111000,0,0,0,0,1,0,0,0,0,0,0,0,0,0,0,1,0
9,0,2021,8415000,0,0,0,0,0,0,0,0,1,0,0,0,0,0,0,0,1
9,0,2021,142000,0,0,0,0,1,0,0,0,0,0,0,0,0,0,0,0,1
9,0,2021,66000,0,0,0,0,1,0,0,0,0,0,0,0,0,0,0,0,1
9,0,2021,130000,0,0,0,0,0,0,0,1,0,0,0,0,0,0,1,0,0
9,0,2021,110000,0,0,0,0,1,0,0,0,0,0,0,0,0,0,1,0,0
9,0,2021,150000,0,0,0,0,1,0,0,0,0,0,0,0,0,0,1,0,0
9,0,2021,1694000,0,0,0,0,0,0,1,0,0,0,0,0,0,0,1,0,0
9,0,2021,73000,0,0,0,0,1,0,0,0,0,0,1,0,0,0,0,0,0
9,0,2021,46000,0,0,0,0,0,0,0,1,0,0,1,0,0,0,0,0,0
9,0,2021,198000,0,0,0,0,0,1,0,0,0,0,1,0,0,0,0,0,0
9,0,2021,69000,0,0,0,0,1,0,0,0,0,0,1,0,0,0,0,0,0
9,1,2021,1729000,0,0,0,0,0,0,1,0,0,0,0,0,1,0,0,0,0
9,1,2021,69000,0,0,0,0,1,0,0,0,0,0,0,0,1,0,0,0,0
9,1,2021,16000,0,0,0,0,0,0,0,0,0,1,0,0,0,1,0,0,0
9,1,2021,982000,0,0,0,0,0,0,0,0,1,0,0,0,0,1,0,0,0
9,0,2021,140000,0,0,0,0,1,0,0,0,0,0,0,1,0,0,0,0,0
9,0,2021,897000,0,0,0,0,0,0,0,0,1,0,0,1,0,0,0,0,0
9,0,2021,988000,0,0,0,0,0,0,0,0,1,0,0,1,0,0,0,0,0
9,0,2021,6105000,0,0,0,0,0,0,0,0,1,0,0,1,0,0,0,0,0
9,0,2021,500000,0,0,0,0,0,0,0,1,0,0,0,1,0,0,0,0,0
9,0,2021,416000,0,0,0,0,0,0,0,0,0,1,0,1,0,0,0,0,0
9,0,2021,150000,0,0,0,0,1,0,0,0,0,0,0,0,0,0,0,1,0
9,0,2021,10000,0,0,0,0,0,0,0,0,0,1,0,0,0,0,0,1,0
9,0,2021,656000,0,0,0,0,0,0,0,1,0,0,0,0,0,0,0,0,1
9,0,2021,742000,0,0,0,0,0,1,0,0,0,0,0,0,0,0,0,0,1
9,0,2021,93000,1,0,0,0,0,0,0,0,0,0,0,0,0,0,0,0,1
9,0,2021,347000,1,0,0,0,0,0,0,0,0,0,0,0,0,0,1,0,0
9,0,2021,53000,0,0,0,0,1,0,0,0,0,0,0,0,0,0,1,0,0
9,0,2021,57000,0,0,0,0,0,0,0,0,1,0,1,0,0,0,0,0,0
9,0,2021,2233000,0,0,0,0,0,0,0,0,1,0,1,0,0,0,0,0,0
9,0,2021,219000,0,0,0,0,0,1,0,0,0,0,1,0,0,0,0,0,0
9,1,2021,110000,0,0,0,0,0,0,0,0,1,0,0,0,1,0,0,0,0
9,1,2021,62000,0,0,0,0,1,0,0,0,0,0,0,0,1,0,0,0,0
9,1,2021,1434000,0,0,0,0,0,0,0,0,1,0,0,0,1,0,0,0,0
9,1,2021,188000,0,0,1,0,0,0,0,0,0,0,0,0,1,0,0,0,0
9,1,2021,118000,0,0,0,0,1,0,0,0,0,0,0,0,1,0,0,0,0
9,1,2021,91000,0,0,0,0,1,0,0,0,0,0,0,0,0,1,0,0,0
9,0,2021,301000,0,0,0,0,0,0,0,1,0,0,0,1,0,0,0,0,0
9,0,2021,48000,0,0,0,0,1,0,0,0,0,0,0,1,0,0,0,0,0
9,0,2021,2500000,0,0,0,0,0,0,0,0,1,0,0,0,0,0,0,1,0
9,0,2021,2661000,0,0,0,0,0,0,0,0,1,0,0,0,0,0,0,1,0
9,0,2021,330000,0,0,0,0,1,0,0,0,0,0,0,0,0,0,0,0,1
9,0,2021,95000,0,0,0,0,1,0,0,0,0,0,0,0,0,0,0,0,1
9,0,2021,157000,0,0,0,0,1,0,0,0,0,0,0,0,0,0,0,0,1
9,0,2021,63000,0,0,0,0,0,0,0,0,0,1,0,0,0,0,0,0,1
9,0,2021,18000,0,0,0,0,1,0,0,0,0,0,0,0,0,0,0,0,1
9,0,2021,10000000,0,0,0,0,0,0,0,0,1,0,0,0,0,0,0,0,1
9,0,2021,180000,0,0,0,0,0,1,0,0,0,0,0,0,0,0,0,0,1
9,0,2021,110000,0,0,0,0,1,0,0,0,0,0,0,0,0,0,1,0,0
10,0,2021,1302000,0,0,0,0,0,0,0,0,1,0,1,0,0,0,0,0,0
10,0,2021,48000,0,0,0,0,0,0,0,1,0,0,1,0,0,0,0,0,0
10,0,2021,119000,1,0,0,0,0,0,0,0,0,0,1,0,0,0,0,0,0
10,1,2021,81000,0,0,0,0,1,0,0,0,0,0,0,0,1,0,0,0,0
10,1,2021,56000,0,0,0,0,0,0,0,0,1,0,0,0,1,0,0,0,0
10,1,2021,2526000,0,0,0,0,0,0,0,0,1,0,0,0,1,0,0,0,0
10,1,2021,99000,0,0,0,0,1,0,0,0,0,0,0,0,1,0,0,0,0
10,1,2021,115000,0,0,0,0,1,0,0,0,0,0,0,0,0,1,0,0,0
10,1,2021,64000,0,0,0,0,1,0,0,0,0,0,0,0,0,1,0,0,0
10,1,2021,69000,0,0,0,0,1,0,0,0,0,0,0,0,0,1,0,0,0
10,1,2021,1425000,0,0,0,0,0,0,0,0,1,0,0,0,0,1,0,0,0
10,0,2021,112000,0,0,0,0,1,0,0,0,0,0,0,1,0,0,0,0,0
10,0,2021,4895000,0,0,0,0,0,0,0,0,1,0,0,1,0,0,0,0,0
10,0,2021,115000,0,0,0,0,0,0,0,0,0,1,0,1,0,0,0,0,0
10,0,2021,119000,0,0,0,0,0,1,0,0,0,0,0,0,0,0,0,1,0
10,0,2021,2355000,0,0,0,0,0,0,0,0,1,0,0,0,0,0,0,1,0
10,0,2021,175000,0,0,0,0,0,1,0,0,0,0,0,0,0,0,0,1,0
10,0,2021,69000,0,0,0,0,1,0,0,0,0,0,0,0,0,0,0,1,0
10,0,2021,150000,0,0,0,0,0,0,0,1,0,0,0,0,0,0,0,0,1
10,0,2021,152000,0,0,0,0,1,0,0,0,0,0,0,0,0,0,0,0,1
10,0,2021,120000,0,0,0,0,0,0,0,1,0,0,0,0,0,0,0,0,1
10,0,2021,685000,1,0,0,0,0,0,0,0,0,0,0,0,0,0,1,0,0
10,0,2021,145000,0,0,0,1,0,0,0,0,0,0,0,0,0,0,1,0,0
10,0,2021,1484000,0,0,0,0,0,0,0,0,1,0,0,0,0,0,1,0,0
10,0,2021,39000,0,0,0,0,0,1,0,0,0,0,1,0,0,0,0,0,0
10,0,2021,3776000,0,0,0,0,0,0,0,0,1,0,1,0,0,0,0,0,0
10,0,2021,5000000,0,0,0,0,0,0,0,0,1,0,1,0,0,0,0,0,0
10,0,2021,1386000,0,0,0,0,0,1,0,0,0,0,1,0,0,0,0,0,0
10,1,2021,197000,0,0,0,0,0,1,0,0,0,0,0,0,1,0,0,0,0
10,1,2021,99000,0,0,0,0,1,0,0,0,0,0,0,0,1,0,0,0,0
10,1,2021,45000,0,0,0,0,0,0,0,1,0,0,0,0,1,0,0,0,0
10,1,2021,84000,0,0,0,0,1,0,0,0,0,0,0,0,1,0,0,0,0
10,1,2021,292000,0,0,0,0,0,1,0,0,0,0,0,0,1,0,0,0,0
10,1,2021,125000,0,0,0,0,0,0,0,0,0,1,0,0,0,1,0,0,0
10,1,2021,124000,0,0,0,0,0,0,0,1,0,0,0,0,0,1,0,0,0
10,1,2021,97000,0,0,0,0,1,0,0,0,0,0,0,0,0,1,0,0,0
10,0,2021,1837000,0,0,0,0,0,0,0,0,1,0,0,1,0,0,0,0,0
10,0,2021,398000,0,0,0,0,0,0,0,1,0,0,0,1,0,0,0,0,0
10,0,2021,222000,0,0,0,0,0,0,0,1,0,0,0,0,0,0,0,1,0
10,0,2021,4750000,0,0,0,0,0,0,0,0,1,0,0,0,0,0,0,1,0
10,0,2021,2706000,0,0,0,0,0,0,0,0,1,0,0,0,0,0,0,1,0
10,0,2021,2500000,0,0,0,0,0,0,0,0,1,0,0,0,0,0,0,1,0
10,0,2021,40000,0,0,0,0,0,0,0,0,0,1,0,0,0,0,0,1,0
10,0,2021,220000,0,0,0,0,0,0,0,0,0,1,0,0,0,0,0,0,1
10,0,2021,33000,0,0,0,0,1,0,0,0,0,0,0,0,0,0,0,0,1
10,0,2021,231000,0,0,1,0,0,0,0,0,0,0,0,0,0,0,1,0,0
10,0,2021,82000,1,0,0,0,0,0,0,0,0,0,0,0,0,0,1,0,0
10,0,2021,84000,1,0,0,0,0,0,0,0,0,0,0,0,0,0,1,0,0
10,0,2021,5628000,0,0,0,0,0,0,0,0,1,0,0,0,0,0,1,0,0
10,0,2021,111000,0,0,0,0,0,0,0,1,0,0,1,0,0,0,0,0,0
10,0,2021,208000,1,0,0,0,0,0,0,0,0,0,1,0,0,0,0,0,0
10,0,2021,9000,0,0,0,0,0,0,0,0,0,1,1,0,0,0,0,0,0
10,0,2021,600000,0,0,0,0,0,0,0,1,0,0,1,0,0,0,0,0,0
10,0,2021,103000,0,0,0,0,1,0,0,0,0,0,1,0,0,0,0,0,0
10,1,2021,1523000,0,0,0,0,0,0,0,0,1,0,0,0,1,0,0,0,0
10,1,2021,68000,0,0,0,0,0,0,0,0,1,0,0,0,1,0,0,0,0
10,1,2021,84000,0,0,0,0,1,0,0,0,0,0,0,0,1,0,0,0,0
10,1,2021,183000,0,0,0,0,0,0,0,1,0,0,0,0,1,0,0,0,0
10,1,2021,25000,0,0,0,0,1,0,0,0,0,0,0,0,1,0,0,0,0
10,1,2021,99000,0,0,0,0,0,0,0,0,1,0,0,0,1,0,0,0,0
10,1,2021,120000,0,0,0,0,0,0,0,0,0,1,0,0,0,1,0,0,0
10,0,2021,185000,0,0,1,0,0,0,0,0,0,0,0,1,0,0,0,0,0
10,0,2021,520000,0,0,1,0,0,0,0,0,0,0,0,1,0,0,0,0,0
10,0,2021,51000,0,0,0,0,1,0,0,0,0,0,0,1,0,0,0,0,0
10,0,2021,1336000,0,0,0,0,0,0,0,0,1,0,0,1,0,0,0,0,0
10,0,2021,36000,0,0,0,0,1,0,0,0,0,0,0,1,0,0,0,0,0
10,0,2021,31000,0,0,0,0,1,0,0,0,0,0,0,0,0,0,0,1,0
10,0,2021,1100000,1,0,0,0,0,0,0,0,0,0,0,0,0,0,0,1,0
10,0,2021,1498000,0,0,0,0,0,0,0,0,1,0,0,0,0,0,0,1,0
10,0,2021,64000,0,0,0,0,0,0,0,0,0,1,0,0,0,0,0,0,1
10,0,2021,217000,0,0,0,0,1,0,0,0,0,0,0,0,0,0,0,0,1
10,0,2021,95000,1,0,0,0,0,0,0,0,0,0,0,0,0,0,0,0,1
10,0,2021,470000,0,0,0,0,0,1,0,0,0,0,0,0,0,0,1,0,0
10,0,2021,19000,0,0,0,0,1,0,0,0,0,0,0,0,0,0,1,0,0
10,0,2021,220000,1,0,0,0,0,0,0,0,0,0,0,0,0,0,1,0,0
10,0,2021,5250000,0,0,0,0,0,0,0,0,1,0,0,0,0,0,1,0,0
10,0,2021,118000,0,0,0,1,0,0,0,0,0,0,1,0,0,0,0,0,0
10,0,2021,93000,0,0,0,0,1,0,0,0,0,0,1,0,0,0,0,0,0
10,0,2021,214000,0,0,0,1,0,0,0,0,0,0,1,0,0,0,0,0,0
10,1,2021,181000,0,0,1,0,0,0,0,0,0,0,0,0,1,0,0,0,0
10,1,2021,163000,1,0,0,0,0,0,0,0,0,0,0,0,0,1,0,0,0
10,1,2021,239000,0,0,0,0,0,1,0,0,0,0,0,0,0,1,0,0,0
10,1,2021,115000,0,0,0,0,0,0,0,0,0,1,0,0,0,1,0,0,0
10,1,2021,429000,0,0,1,0,0,0,0,0,0,0,0,0,0,1,0,0,0
10,0,2021,100000,0,0,1,0,0,0,0,0,0,0,0,1,0,0,0,0,0
10,0,2021,80000,0,0,0,1,0,0,0,0,0,0,0,0,0,0,0,1,0
10,0,2021,186000,1,0,0,0,0,0,0,0,0,0,0,0,0,0,0,1,0
10,0,2021,59000,0,0,0,0,0,0,0,0,0,1,0,0,0,0,0,1,0
10,0,2021,2324000,0,0,0,0,0,0,0,0,1,0,0,0,0,0,0,1,0
10,0,2021,251000,1,0,0,0,0,0,0,0,0,0,0,0,0,0,0,0,1
10,0,2021,221000,0,0,1,0,0,0,0,0,0,0,0,0,0,0,0,0,1
10,0,2021,163000,0,0,0,0,0,1,0,0,0,0,0,0,0,0,1,0,0
10,0,2021,340000,0,0,0,0,0,0,0,1,0,0,0,0,0,0,1,0,0
10,0,2021,61000,0,0,0,0,0,0,0,0,0,1,0,0,0,0,1,0,0
10,0,2021,20000,0,0,0,0,1,0,0,0,0,0,1,0,0,0,0,0,0
10,0,2021,67000,0,0,0,0,0,0,0,1,0,0,1,0,0,0,0,0,0
10,0,2021,6320000,0,0,0,0,0,1,0,0,0,0,1,0,0,0,0,0,0
10,1,2021,155000,0,0,0,0,1,0,0,0,0,0,0,0,1,0,0,0,0
10,1,2021,75000,0,0,0,0,1,0,0,0,0,0,0,0,0,1,0,0,0
10,1,2021,4348000,0,0,0,0,0,0,0,0,1,0,0,0,0,1,0,0,0
10,1,2021,127000,0,0,0,1,0,0,0,0,0,0,0,0,0,1,0,0,0
10,1,2021,96000,0,0,0,0,1,0,0,0,0,0,0,0,0,1,0,0,0
10,1,2021,128000,1,0,0,0,0,0,0,0,0,0,0,0,0,1,0,0,0
10,1,2021,162000,0,0,0,0,1,0,0,0,0,0,0,0,0,1,0,0,0
11,0,2021,76000,0,0,0,0,1,0,0,0,0,0,0,1,0,0,0,0,0
11,0,2021,64000,0,0,0,0,0,0,0,0,1,0,0,1,0,0,0,0,0
11,0,2021,110000,0,0,0,0,1,0,0,0,0,0,0,1,0,0,0,0,0
11,0,2021,22000,0,0,0,0,0,0,0,0,0,1,0,0,0,0,0,1,0
11,0,2021,163000,0,0,0,1,0,0,0,0,0,0,0,0,0,0,0,1,0
11,0,2021,181000,0,0,0,0,0,1,0,0,0,0,0,0,0,0,0,1,0
11,0,2021,31000,0,0,0,0,1,0,0,0,0,0,0,0,0,0,0,1,0
11,0,2021,90000,0,0,0,0,1,0,0,0,0,0,0,0,0,0,0,1,0
11,0,2021,123000,0,0,0,0,1,0,0,0,0,0,0,0,0,0,0,1,0
11,0,2021,54000,1,0,0,0,0,0,0,0,0,0,0,0,0,0,0,0,1
11,0,2021,475000,0,0,0,0,0,1,0,0,0,0,0,0,0,0,0,0,1
11,0,2021,82000,0,0,0,0,1,0,0,0,0,0,0,0,0,0,1,0,0
11,0,2021,144000,0,0,0,0,0,0,0,0,0,1,0,0,0,0,1,0,0
11,0,2021,57000,0,0,0,0,1,0,0,0,0,0,0,0,0,0,1,0,0
11,0,2021,6900000,0,0,0,0,0,0,0,0,1,0,1,0,0,0,0,0,0
11,0,2021,81000,0,0,0,0,0,0,0,0,0,1,1,0,0,0,0,0,0
11,0,2021,175000,0,0,1,0,0,0,0,0,0,0,1,0,0,0,0,0,0
11,0,2021,550000,0,0,0,0,0,1,0,0,0,0,1,0,0,0,0,0,0
11,1,2021,285000,0,0,0,0,0,1,0,0,0,0,0,0,1,0,0,0,0
11,1,2021,58000,0,0,0,0,1,0,0,0,0,0,0,0,0,1,0,0,0
11,1,2021,3219000,0,0,0,0,0,0,0,0,1,0,0,0,0,1,0,0,0
11,0,2021,7965000,0,0,0,0,0,1,0,0,0,0,0,1,0,0,0,0,0
11,0,2021,124000,0,0,0,0,1,0,0,0,0,0,0,1,0,0,0,0,0
11,0,2021,880000,0,0,0,0,0,0,0,0,0,1,0,0,0,0,0,1,0
11,0,2021,77000,0,0,0,0,1,0,0,0,0,0,0,0,0,0,0,1,0
11,0,2021,3121000,0,0,0,0,0,0,0,0,1,0,0,0,0,0,0,0,1
11,0,2021,280000,0,0,0,0,0,0,0,0,0,1,0,0,0,0,0,0,1
11,0,2021,159000,1,0,0,0,0,0,0,0,0,0,0,0,0,0,0,0,1
11,0,2021,146000,0,0,0,0,1,0,0,0,0,0,0,0,0,0,1,0,0
11,0,2021,203000,0,0,0,0,0,0,0,0,0,1,0,0,0,0,1,0,0
11,0,2021,165000,0,0,0,0,0,1,0,0,0,0,0,0,0,0,1,0,0
11,0,2021,200000,1,0,0,0,0,0,0,0,0,0,0,0,0,0,1,0,0
11,0,2021,50000,0,0,0,0,1,0,0,0,0,0,0,0,0,0,1,0,0
11,0,2021,1862000,0,0,0,0,0,0,0,0,1,0,1,0,0,0,0,0,0
11,0,2021,3698000,0,0,0,0,0,0,0,0,1,0,1,0,0,0,0,0,0
11,0,2021,84000,0,0,0,0,1,0,0,0,0,0,1,0,0,0,0,0,0
11,0,2021,108000,0,0,0,0,1,0,0,0,0,0,1,0,0,0,0,0,0
11,1,2021,887000,1,0,0,0,0,0,0,0,0,0,0,0,1,0,0,0,0
11,1,2021,1687000,0,0,0,0,0,0,0,0,1,0,0,0,1,0,0,0,0
11,1,2021,2850000,0,0,0,0,0,0,1,0,0,0,0,0,1,0,0,0,0
11,1,2021,94000,0,0,0,0,1,0,0,0,0,0,0,0,1,0,0,0,0
11,1,2021,1360000,0,0,0,0,0,0,0,0,1,0,0,0,1,0,0,0,0
11,1,2021,80000,1,0,0,0,0,0,0,0,0,0,0,0,0,1,0,0,0
11,0,2021,7620000,0,0,0,0,0,0,0,0,1,0,0,1,0,0,0,0,0
11,0,2021,1037000,0,0,0,0,0,1,0,0,0,0,0,1,0,0,0,0,0
11,0,2021,289000,0,0,1,0,0,0,0,0,0,0,0,1,0,0,0,0,0
11,0,2021,453000,0,0,0,0,0,0,0,1,0,0,0,0,0,0,0,1,0
11,0,2021,67000,0,0,0,0,0,0,0,0,1,0,0,0,0,0,0,1,0
11,0,2021,263000,1,0,0,0,0,0,0,0,0,0,0,0,0,0,0,1,0
11,0,2021,6648000,0,0,0,0,0,1,0,0,0,0,0,0,0,0,0,0,1
11,0,2021,10000,0,0,0,0,1,0,0,0,0,0,0,0,0,0,1,0,0
11,1,2021,5000,0,0,0,0,0,0,0,0,0,1,0,0,1,0,0,0,0
11,1,2021,809000,0,0,0,0,0,0,1,0,0,0,0,0,1,0,0,0,0
11,1,2021,8800000,0,0,0,0,0,0,0,0,1,0,0,0,1,0,0,0,0
11,1,2021,1069000,0,0,0,0,0,0,0,0,1,0,0,0,0,1,0,0,0
11,1,2021,12000,0,0,0,0,0,0,0,0,0,1,0,0,0,1,0,0,0
11,1,2021,63000,1,0,0,0,0,0,0,0,0,0,0,0,0,1,0,0,0
11,0,2021,118000,0,0,1,0,0,0,0,0,0,0,0,1,0,0,0,0,0
11,0,2021,71000,1,0,0,0,0,0,0,0,0,0,0,1,0,0,0,0,0
11,0,2021,195000,0,0,0,0,0,1,0,0,0,0,0,0,0,0,0,1,0
11,0,2021,391000,0,0,0,0,0,0,0,1,0,0,0,0,0,0,0,1,0
11,0,2021,76000,0,0,0,0,1,0,0,0,0,0,0,0,0,0,0,0,1
11,0,2021,7200000,0,0,0,0,0,0,0,0,1,0,0,0,0,0,0,0,1
11,0,2021,32000,0,0,0,0,1,0,0,0,0,0,0,0,0,0,1,0,0
11,0,2021,9000,0,0,0,0,1,0,0,0,0,0,0,0,0,0,1,0,0
11,0,2021,45000,0,0,0,0,0,0,0,0,0,1,0,0,0,0,1,0,0
11,0,2021,3000000,0,0,0,0,0,0,0,0,1,0,1,0,0,0,0,0,0
11,0,2021,45000,0,0,0,0,1,0,0,0,0,0,1,0,0,0,0,0,0
11,0,2021,61000,1,0,0,0,0,0,0,0,0,0,1,0,0,0,0,0,0
11,1,2021,50000,0,0,0,0,1,0,0,0,0,0,0,0,1,0,0,0,0
11,1,2021,200000,1,0,0,0,0,0,0,0,0,0,0,0,1,0,0,0,0
11,1,2021,379000,0,0,1,0,0,0,0,0,0,0,0,0,0,1,0,0,0
11,1,2021,48000,1,0,0,0,0,0,0,0,0,0,0,0,0,1,0,0,0
11,1,2021,225000,0,0,0,1,0,0,0,0,0,0,0,0,0,1,0,0,0
11,1,2021,391000,0,0,0,0,0,0,0,1,0,0,0,0,0,1,0,0,0
11,0,2021,175000,0,0,1,0,0,0,0,0,0,0,0,1,0,0,0,0,0
11,0,2021,629000,1,0,0,0,0,0,0,0,0,0,0,1,0,0,0,0,0
11,0,2021,35000,0,0,0,0,1,0,0,0,0,0,0,1,0,0,0,0,0
11,0,2021,7000,0,0,0,0,0,0,0,0,0,1,0,0,0,0,0,1,0
11,0,2021,192000,0,0,0,0,1,0,0,0,0,0,0,0,0,0,0,1,0
11,0,2021,53000,0,0,0,0,1,0,0,0,0,0,0,0,0,0,0,1,0
11,0,2021,50000,0,0,0,0,1,0,0,0,0,0,0,0,0,0,0,1,0
12,0,2021,1409000,1,0,0,0,0,0,0,0,0,0,0,0,0,0,0,0,1
12,0,2021,693000,0,0,1,0,0,0,0,0,0,0,0,0,0,0,0,0,1
12,0,2021,52000,0,0,0,0,0,0,0,0,0,1,0,0,0,0,0,0,1
12,0,2021,102000,0,0,0,1,0,0,0,0,0,0,0,0,0,0,0,0,1
12,0,2021,186000,0,0,0,0,0,1,0,0,0,0,1,0,0,0,0,0,0
12,0,2021,64000,1,0,0,0,0,0,0,0,0,0,1,0,0,0,0,0,0
12,0,2021,1776000,0,0,0,0,0,0,0,0,1,0,1,0,0,0,0,0,0
12,0,2021,1986000,0,0,0,0,0,0,0,0,1,0,1,0,0,0,0,0,0
12,1,2021,159000,0,0,0,1,0,0,0,0,0,0,0,0,1,0,0,0,0
12,1,2021,76000,1,0,0,0,0,0,0,0,0,0,0,0,0,1,0,0,0
12,1,2021,195000,0,0,1,0,0,0,0,0,0,0,0,0,0,1,0,0,0
12,0,2021,145000,0,0,1,0,0,0,0,0,0,0,0,1,0,0,0,0,0
12,0,2021,716000,1,0,0,0,0,0,0,0,0,0,0,1,0,0,0,0,0
12,0,2021,80000,0,0,0,0,0,0,0,1,0,0,0,1,0,0,0,0,0
12,0,2021,2844000,0,0,0,0,0,0,0,0,1,0,0,1,0,0,0,0,0
12,0,2021,185000,1,0,0,0,0,0,0,0,0,0,0,0,0,0,0,1,0
12,0,2021,20000,0,0,0,0,1,0,0,0,0,0,0,0,0,0,0,1,0
12,0,2021,27000,0,0,0,0,1,0,0,0,0,0,0,0,0,0,0,1,0
12,0,2021,13000,0,0,0,0,1,0,0,0,0,0,0,0,0,0,0,0,1
12,0,2021,457000,0,0,0,0,0,0,0,1,0,0,0,0,0,0,0,0,1
12,0,2021,266000,0,0,0,0,0,1,0,0,0,0,0,0,0,0,0,0,1
12,0,2021,59000,0,0,0,0,0,0,0,0,1,0,0,0,0,0,1,0,0
12,0,2021,85000,0,0,0,0,0,0,0,1,0,0,1,0,0,0,0,0,0
12,1,2021,158000,0,0,0,0,1,0,0,0,0,0,0,0,1,0,0,0,0
12,1,2021,869000,0,0,0,0,0,0,0,0,1,0,0,0,1,0,0,0,0
12,1,2021,119000,1,0,0,0,0,0,0,0,0,0,0,0,0,1,0,0,0
12,1,2021,69000,0,0,0,0,0,0,0,0,0,1,0,0,0,1,0,0,0
12,0,2021,393000,0,0,0,0,0,1,0,0,0,0,0,1,0,0,0,0,0
12,0,2021,77000,0,0,0,0,1,0,0,0,0,0,0,1,0,0,0,0,0
12,0,2021,815000,0,0,0,0,0,0,0,1,0,0,0,1,0,0,0,0,0
12,0,2021,399000,0,0,0,0,0,0,0,0,0,1,0,1,0,0,0,0,0
12,0,2021,352000,0,0,0,0,0,0,0,1,0,0,0,0,0,0,0,1,0
12,0,2021,110000,0,0,0,0,0,0,0,0,1,0,0,0,0,0,0,1,0
12,0,2021,137000,0,0,0,0,1,0,0,0,0,0,0,0,0,0,0,1,0
12,0,2021,311000,0,0,0,0,0,1,0,0,0,0,0,0,0,0,0,0,1
12,0,2021,214000,0,0,0,0,0,1,0,0,0,0,0,0,0,0,0,0,1
12,0,2021,255000,0,0,0,0,0,0,0,1,0,0,0,0,0,0,1,0,0
12,0,2021,107000,0,0,0,0,0,0,0,0,0,1,0,0,0,0,1,0,0
12,0,2021,178000,0,0,0,0,0,0,0,0,0,1,0,0,0,0,1,0,0
12,0,2021,74000,0,0,0,0,1,0,0,0,0,0,0,0,0,0,1,0,0
12,0,2021,220000,0,0,0,0,1,0,0,0,0,0,0,0,0,0,1,0,0
12,0,2021,86000,0,0,0,0,0,0,0,1,0,0,0,0,0,0,1,0,0
12,0,2021,69000,1,0,0,0,0,0,0,0,0,0,0,0,0,0,1,0,0
12,0,2021,42000,0,0,0,0,0,0,0,0,0,1,0,0,0,0,1,0,0
12,0,2021,165000,0,0,0,0,0,0,0,1,0,0,0,0,0,0,1,0,0
12,0,2021,2121000,0,0,0,0,0,0,0,0,1,0,0,0,0,0,1,0,0
12,0,2021,188000,0,0,0,0,0,0,0,0,0,1,1,0,0,0,0,0,0
12,1,2021,100000,0,0,0,0,0,0,0,0,1,0,0,0,1,0,0,0,0
12,1,2021,220000,1,0,0,0,0,0,0,0,0,0,0,0,1,0,0,0,0
12,1,2021,78000,0,0,0,0,0,0,0,0,1,0,0,0,1,0,0,0,0
12,1,2021,45000,0,0,0,0,1,0,0,0,0,0,0,0,1,0,0,0,0
12,1,2021,149000,1,0,0,0,0,0,0,0,0,0,0,0,0,1,0,0,0
12,1,2021,1452000,0,0,0,0,0,0,0,0,1,0,0,0,0,1,0,0,0
12,1,2021,118000,1,0,0,0,0,0,0,0,0,0,0,0,0,1,0,0,0
12,1,2021,55000,0,0,0,0,0,0,0,0,1,0,0,0,0,1,0,0,0
12,0,2021,827000,0,0,0,0,0,0,0,0,1,0,0,1,0,0,0,0,0
12,0,2021,251000,1,0,0,0,0,0,0,0,0,0,0,1,0,0,0,0,0
12,0,2021,1729000,0,0,0,0,0,0,0,0,1,0,0,1,0,0,0,0,0
12,0,2021,314000,1,0,0,0,0,0,0,0,0,0,0,0,0,0,0,1,0
12,0,2021,37000,0,0,0,0,1,0,0,0,0,0,0,0,0,0,0,0,1
12,0,2021,383000,0,0,0,0,0,0,0,1,0,0,0,0,0,0,0,0,1
12,0,2021,10400000,0,0,0,0,0,0,0,0,1,0,0,0,0,0,0,0,1
12,0,2021,92000,1,0,0,0,0,0,0,0,0,0,0,0,0,0,0,0,1
12,0,2021,44000,0,0,0,0,1,0,0,0,0,0,0,0,0,0,1,0,0
12,0,2021,1951000,0,0,0,0,0,0,0,0,1,0,1,0,0,0,0,0,0
12,0,2021,123000,1,0,0,0,0,0,0,0,0,0,1,0,0,0,0,0,0
12,1,2021,688000,0,0,0,0,0,0,0,1,0,0,0,0,1,0,0,0,0
12,1,2021,165000,0,0,1,0,0,0,0,0,0,0,0,0,1,0,0,0,0
12,1,2021,121000,0,0,0,0,0,0,0,0,0,1,0,0,1,0,0,0,0
12,1,2021,111000,0,0,1,0,0,0,0,0,0,0,0,0,1,0,0,0,0
12,1,2021,18000,0,0,0,0,0,0,0,0,0,1,0,0,0,1,0,0,0
12,1,2021,58000,1,0,0,0,0,0,0,0,0,0,0,0,0,1,0,0,0
12,1,2021,161000,0,0,1,0,0,0,0,0,0,0,0,0,0,1,0,0,0
12,0,2021,3483000,0,0,0,0,0,0,0,0,1,0,0,1,0,0,0,0,0
12,0,2021,291000,0,0,1,0,0,0,0,0,0,0,0,1,0,0,0,0,0
12,0,2021,289000,0,0,1,0,0,0,0,0,0,0,0,1,0,0,0,0,0
12,0,2021,468000,0,0,1,0,0,0,0,0,0,0,0,1,0,0,0,0,0
12,0,2021,1939000,0,0,0,0,0,0,1,0,0,0,0,1,0,0,0,0,0
12,0,2021,9000,0,0,0,0,1,0,0,0,0,0,0,1,0,0,0,0,0
12,0,2021,1013000,0,0,1,0,0,0,0,0,0,0,0,0,0,0,0,1,0
12,0,2021,134000,0,0,0,0,1,0,0,0,0,0,0,0,0,0,0,1,0
12,0,2021,2794000,0,0,0,0,0,0,0,0,1,0,0,0,0,0,0,1,0
12,0,2021,2500000,0,0,0,0,0,0,0,0,1,0,0,0,0,0,0,1,0
12,0,2021,181000,0,0,0,1,0,0,0,0,0,0,0,0,0,0,0,0,1
12,0,2021,28000,0,0,0,0,1,0,0,0,0,0,0,0,0,0,1,0,0
12,0,2021,310000,1,0,0,0,0,0,0,0,0,0,0,0,0,0,1,0,0
12,0,2021,171000,1,0,0,0,0,0,0,0,0,0,0,0,0,0,1,0,0
12,0,2021,3666000,0,0,0,0,0,0,0,0,1,0,0,0,0,0,1,0,0
12,0,2021,39000,0,0,0,0,0,0,0,0,0,1,1,0,0,0,0,0,0
12,0,2021,66000,0,0,0,0,0,0,0,1,0,0,1,0,0,0,0,0,0
1,1,2022,37000,0,0,0,0,1,0,0,0,0,0,0,0,1,0,0,0,0
1,1,2022,672000,0,0,0,0,0,0,0,1,0,0,0,0,1,0,0,0,0
1,1,2022,337000,0,0,0,0,0,0,0,0,0,1,0,0,1,0,0,0,0
1,1,2022,232000,0,0,0,0,0,0,0,1,0,0,0,0,1,0,0,0,0
1,1,2022,173000,1,0,0,0,0,0,0,0,0,0,0,0,0,1,0,0,0
1,1,2022,2313000,0,0,0,0,0,0,0,0,1,0,0,0,0,1,0,0,0
1,1,2022,91000,0,0,0,0,0,0,0,1,0,0,0,0,0,1,0,0,0
1,1,2022,45000,0,0,0,0,1,0,0,0,0,0,0,0,0,1,0,0,0
1,1,2022,100000,0,0,0,0,1,0,0,0,0,0,0,0,0,1,0,0,0
1,0,2022,18000,0,0,0,0,0,0,0,0,0,1,0,1,0,0,0,0,0
1,0,2022,3284000,0,0,0,0,0,0,1,0,0,0,0,1,0,0,0,0,0
1,0,2022,82000,1,0,0,0,0,0,0,0,0,0,0,1,0,0,0,0,0
1,0,2022,710000,0,0,0,0,0,0,0,1,0,0,0,1,0,0,0,0,0
1,0,2022,269000,0,0,1,0,0,0,0,0,0,0,0,1,0,0,0,0,0
1,0,2022,1281000,0,0,0,0,0,0,0,0,1,0,0,0,0,0,0,1,0
1,0,2022,128000,0,0,0,0,0,1,0,0,0,0,0,0,0,0,0,1,0
1,0,2022,1380000,0,0,0,0,0,0,0,0,1,0,0,0,0,0,0,0,1
1,0,2022,3013000,0,0,0,0,0,0,0,0,1,0,0,0,0,0,0,0,1
1,0,2022,2310000,0,0,0,0,0,0,0,0,1,0,0,0,0,0,0,0,1
1,0,2022,6983000,0,0,0,0,0,0,0,0,1,0,0,0,0,0,0,0,1
1,0,2022,1996000,0,0,0,0,0,0,1,0,0,0,0,0,0,0,1,0,0
1,0,2022,144000,0,0,0,0,1,0,0,0,0,0,0,0,0,0,1,0,0
1,0,2022,205000,0,0,0,0,0,0,0,1,0,0,0,0,0,0,1,0,0
1,0,2022,148000,0,0,0,0,0,0,0,0,0,1,0,0,0,0,1,0,0
1,0,2022,2056000,0,0,0,0,0,0,0,0,1,0,0,0,0,0,1,0,0
1,0,2022,188000,0,0,0,0,0,0,0,1,0,0,1,0,0,0,0,0,0
1,0,2022,81000,0,0,0,0,1,0,0,0,0,0,1,0,0,0,0,0,0
1,1,2022,325000,0,0,0,0,0,0,0,1,0,0,0,0,1,0,0,0,0
1,1,2022,10123000,0,0,0,0,0,0,0,0,1,0,0,0,1,0,0,0,0
1,1,2022,1633000,0,0,0,0,0,0,1,0,0,0,0,0,1,0,0,0,0
1,1,2022,157000,0,0,0,0,0,0,0,0,0,1,0,0,1,0,0,0,0
1,1,2022,87000,0,0,0,0,0,0,0,1,0,0,0,0,1,0,0,0,0
1,1,2022,16000,0,0,0,0,1,0,0,0,0,0,0,0,0,1,0,0,0
1,1,2022,196000,1,0,0,0,0,0,0,0,0,0,0,0,0,1,0,0,0
1,0,2022,3074000,0,0,0,0,0,0,0,0,1,0,0,1,0,0,0,0,0
1,0,2022,178000,0,0,0,0,0,0,0,0,0,1,0,1,0,0,0,0,0
1,0,2022,158000,0,0,0,0,1,0,0,0,0,0,0,1,0,0,0,0,0
1,0,2022,154000,0,0,0,0,0,0,0,1,0,0,0,0,0,0,0,1,0
1,0,2022,195000,1,0,0,0,0,0,0,0,0,0,0,0,0,0,0,1,0
1,0,2022,92000,0,0,0,0,1,0,0,0,0,0,0,0,0,0,0,0,1
1,0,2022,105000,1,0,0,0,0,0,0,0,0,0,0,0,0,0,0,0,1
1,0,2022,271000,0,0,0,0,0,1,0,0,0,0,0,0,0,0,0,0,1
1,0,2022,4884000,0,0,0,0,0,0,0,0,1,0,0,0,0,0,0,0,1
1,0,2022,24000,0,0,0,0,0,0,0,0,0,1,0,0,0,0,0,0,1
1,0,2022,323000,0,0,0,0,0,0,0,1,0,0,0,0,0,0,1,0,0
1,0,2022,289000,0,0,0,0,0,0,0,1,0,0,0,0,0,0,1,0,0
1,0,2022,106000,0,0,0,0,0,0,0,1,0,0,1,0,0,0,0,0,0
1,0,2022,181000,0,0,0,0,1,0,0,0,0,0,1,0,0,0,0,0,0
1,0,2022,58000,0,0,0,0,1,0,0,0,0,0,1,0,0,0,0,0,0
1,1,2022,116000,0,0,0,0,1,0,0,0,0,0,0,0,1,0,0,0,0
1,1,2022,953000,0,0,0,0,0,0,0,0,1,0,0,0,1,0,0,0,0
1,1,2022,126000,0,0,0,0,1,0,0,0,0,0,0,0,0,1,0,0,0
1,1,2022,16000,0,0,0,0,0,0,0,0,0,1,0,0,0,1,0,0,0
1,1,2022,3743000,0,0,0,0,0,0,0,0,1,0,0,0,0,1,0,0,0
1,1,2022,986000,0,0,0,0,0,0,0,0,1,0,0,0,0,1,0,0,0
1,1,2022,154000,0,0,0,0,0,0,0,1,0,0,0,0,0,1,0,0,0
1,0,2022,287000,0,0,0,0,1,0,0,0,0,0,0,1,0,0,0,0,0
1,0,2022,49000,0,0,0,0,1,0,0,0,0,0,0,1,0,0,0,0,0
1,0,2022,2001000,0,0,0,0,0,0,0,0,1,0,0,0,0,0,0,1,0
1,0,2022,77000,0,0,0,0,1,0,0,0,0,0,0,0,0,0,0,1,0
1,0,2022,146000,1,0,0,0,0,0,0,0,0,0,0,0,0,0,0,1,0
1,0,2022,3312000,0,0,0,0,0,0,0,0,1,0,0,0,0,0,0,1,0
1,0,2022,342000,0,0,0,0,0,0,0,0,0,1,0,0,0,0,0,0,1
1,0,2022,189000,1,0,0,0,0,0,0,0,0,0,0,0,0,0,0,0,1
1,0,2022,60000,0,0,0,0,0,1,0,0,0,0,0,0,0,0,1,0,0
1,0,2022,69000,0,0,0,0,0,0,0,0,0,1,0,0,0,0,1,0,0
1,0,2022,105000,0,0,0,0,0,0,0,0,1,0,0,0,0,0,1,0,0
1,0,2022,106000,0,0,0,0,1,0,0,0,0,0,0,0,0,0,1,0,0
1,0,2022,112000,0,0,0,0,0,0,0,0,0,1,0,0,0,0,1,0,0
1,0,2022,58000,0,0,0,0,0,0,0,1,0,0,0,0,0,0,1,0,0
1,0,2022,121000,0,0,0,0,0,0,0,0,0,1,1,0,0,0,0,0,0
1,0,2022,124000,0,0,0,1,0,0,0,0,0,0,1,0,0,0,0,0,0
1,0,2022,26000,0,0,0,0,1,0,0,0,0,0,1,0,0,0,0,0,0
1,0,2022,24000,0,0,0,0,1,0,0,0,0,0,1,0,0,0,0,0,0
1,1,2022,65000,0,0,0,0,0,0,0,0,0,1,0,0,1,0,0,0,0
1,1,2022,45000,0,0,0,0,1,0,0,0,0,0,0,0,1,0,0,0,0
1,1,2022,676000,0,0,0,0,0,0,0,1,0,0,0,0,1,0,0,0,0
1,1,2022,174000,0,0,0,0,1,0,0,0,0,0,0,0,1,0,0,0,0
1,1,2022,66000,0,0,0,0,1,0,0,0,0,0,0,0,1,0,0,0,0
1,1,2022,13000,0,0,0,0,0,0,0,0,0,1,0,0,0,1,0,0,0
1,0,2022,158000,0,0,0,0,1,0,0,0,0,0,0,1,0,0,0,0,0
1,0,2022,179000,0,0,0,0,0,0,0,0,1,0,0,1,0,0,0,0,0
1,0,2022,3088000,0,0,0,0,0,0,0,0,1,0,0,1,0,0,0,0,0
1,0,2022,200000,1,0,0,0,0,0,0,0,0,0,0,0,0,0,0,1,0
1,0,2022,85000,0,0,0,0,1,0,0,0,0,0,0,0,0,0,0,1,0
1,0,2022,4410000,0,0,0,0,0,0,0,0,1,0,0,0,0,0,0,1,0
1,0,2022,314000,0,0,0,1,0,0,0,0,0,0,0,0,0,0,0,1,0
1,0,2022,40000,0,0,0,0,1,0,0,0,0,0,0,0,0,0,0,1,0
1,0,2022,2120000,0,0,0,0,0,0,1,0,0,0,0,0,0,0,0,0,1
1,0,2022,78000,0,0,0,0,0,0,0,0,0,1,0,0,0,0,0,0,1
1,0,2022,273000,1,0,0,0,0,0,0,0,0,0,0,0,0,0,0,0,1
1,0,2022,37000,0,0,0,0,1,0,0,0,0,0,0,0,0,0,0,0,1
1,0,2022,848000,1,0,0,0,0,0,0,0,0,0,0,0,0,0,0,0,1
1,0,2022,121000,0,0,0,0,1,0,0,0,0,0,0,0,0,0,0,0,1
1,0,2022,108000,0,0,0,1,0,0,0,0,0,0,0,0,0,0,1,0,0
1,0,2022,85000,0,0,0,0,0,0,0,1,0,0,0,0,0,0,1,0,0
1,0,2022,74000,0,0,0,0,0,0,0,0,0,1,0,0,0,0,1,0,0
1,0,2022,137000,0,0,1,0,0,0,0,0,0,0,1,0,0,0,0,0,0
1,0,2022,2343000,0,0,0,0,0,0,0,0,1,0,1,0,0,0,0,0,0
1,0,2022,142000,0,0,0,0,0,0,0,0,1,0,1,0,0,0,0,0,0
1,1,2022,110000,0,0,0,0,1,0,0,0,0,0,0,0,0,1,0,0,0
1,1,2022,238000,0,0,0,1,0,0,0,0,0,0,0,0,0,1,0,0,0
1,0,2022,277000,0,0,1,0,0,0,0,0,0,0,0,1,0,0,0,0,0
1,0,2022,180000,0,0,0,0,0,0,0,0,0,1,0,1,0,0,0,0,0
1,0,2022,7980000,0,0,0,0,0,0,0,0,1,0,0,1,0,0,0,0,0
1,0,2022,74000,0,0,0,0,1,0,0,0,0,0,0,1,0,0,0,0,0
2,0,2022,884000,0,0,0,0,0,0,0,1,0,0,0,0,0,0,0,1,0
2,0,2022,199000,0,0,0,1,0,0,0,0,0,0,0,0,0,0,0,1,0
2,0,2022,539000,0,0,0,0,0,0,0,0,0,1,0,0,0,0,0,0,1
2,0,2022,219000,0,0,0,0,0,1,0,0,0,0,0,0,0,0,0,0,1
2,0,2022,4018000,0,0,0,0,0,0,0,0,1,0,0,0,0,0,0,0,1
2,0,2022,105000,0,0,0,0,0,0,0,0,0,1,0,0,0,0,0,0,1
2,0,2022,630000,0,0,1,0,0,0,0,0,0,0,0,0,0,0,0,0,1
2,0,2022,129000,0,0,0,0,0,0,0,0,1,0,0,0,0,0,0,0,1
2,0,2022,163000,0,0,0,0,1,0,0,0,0,0,0,0,0,0,1,0,0
2,0,2022,133000,0,0,0,0,1,0,0,0,0,0,0,0,0,0,1,0,0
2,0,2022,8000,0,0,0,0,0,0,0,0,0,1,0,0,0,0,1,0,0
2,0,2022,372000,0,0,0,0,0,0,0,1,0,0,0,0,0,0,1,0,0
2,0,2022,1037000,0,0,0,0,0,0,0,0,1,0,1,0,0,0,0,0,0
2,0,2022,10000,0,0,0,0,0,0,0,0,0,1,1,0,0,0,0,0,0
2,1,2022,87000,0,0,0,0,1,0,0,0,0,0,0,0,0,1,0,0,0
2,1,2022,2256000,0,0,0,0,0,0,0,0,1,0,0,0,0,1,0,0,0
2,0,2022,359000,0,0,0,0,0,0,0,1,0,0,0,1,0,0,0,0,0
2,0,2022,53000,0,0,0,0,0,0,0,0,0,1,0,1,0,0,0,0,0
2,0,2022,13000,0,0,0,0,0,0,0,0,0,1,0,0,0,0,0,1,0
2,0,2022,178000,1,0,0,0,0,0,0,0,0,0,0,0,0,0,0,0,1
2,0,2022,5878000,0,0,0,0,0,0,0,0,1,0,0,0,0,0,0,0,1
2,0,2022,34000,0,0,0,0,1,0,0,0,0,0,0,0,0,0,0,0,1
2,0,2022,499000,0,0,0,0,0,0,0,1,0,0,0,0,0,0,0,0,1
2,0,2022,128000,1,0,0,0,0,0,0,0,0,0,0,0,0,0,1,0,0
2,0,2022,43000,0,0,0,0,0,0,0,0,0,1,0,0,0,0,1,0,0
2,0,2022,4226000,0,0,0,0,0,0,0,0,1,0,1,0,0,0,0,0,0
2,1,2022,8890000,0,0,0,0,0,1,0,0,0,0,0,0,1,0,0,0,0
2,1,2022,16000,0,0,0,0,0,0,0,0,0,1,0,0,0,1,0,0,0
2,1,2022,4204000,0,0,0,0,0,0,0,0,1,0,0,0,0,1,0,0,0
2,1,2022,91000,0,0,0,0,0,0,0,0,0,1,0,0,0,1,0,0,0
2,0,2022,438000,0,0,0,0,0,1,0,0,0,0,0,0,0,0,0,1,0
2,0,2022,135000,0,0,0,0,1,0,0,0,0,0,0,0,0,0,0,0,1
2,0,2022,1747000,0,0,0,0,0,0,0,0,1,0,0,0,0,0,1,0,0
2,0,2022,5643000,0,0,0,0,0,0,0,0,1,0,0,0,0,0,1,0,0
2,0,2022,210000,0,0,0,0,0,0,0,0,0,1,0,0,0,0,1,0,0
2,0,2022,420000,0,0,1,0,0,0,0,0,0,0,0,0,0,0,1,0,0
2,0,2022,34000,0,0,0,0,0,0,0,0,0,1,1,0,0,0,0,0,0
2,0,2022,13000,0,0,0,0,1,0,0,0,0,0,1,0,0,0,0,0,0
2,0,2022,6741000,0,0,0,0,0,0,0,0,1,0,1,0,0,0,0,0,0
2,1,2022,125000,0,0,0,0,0,0,0,0,0,1,0,0,1,0,0,0,0
2,1,2022,2674000,0,0,0,0,0,0,1,0,0,0,0,0,0,1,0,0,0
2,1,2022,67000,0,0,0,0,0,0,0,0,0,1,0,0,0,1,0,0,0
2,0,2022,8000,0,0,0,0,0,0,0,0,0,1,0,1,0,0,0,0,0
2,0,2022,1467000,0,0,0,0,0,0,0,0,1,0,0,1,0,0,0,0,0
2,0,2022,43000,0,0,0,0,1,0,0,0,0,0,0,1,0,0,0,0,0
2,0,2022,205000,0,0,0,0,0,0,0,1,0,0,0,1,0,0,0,0,0
2,0,2022,252000,0,0,0,0,0,1,0,0,0,0,0,1,0,0,0,0,0
2,0,2022,140000,0,0,0,0,1,0,0,0,0,0,0,1,0,0,0,0,0
2,0,2022,80000,0,0,0,0,0,0,0,0,0,1,0,0,0,0,0,1,0
2,0,2022,2144000,0,0,1,0,0,0,0,0,0,0,0,0,0,0,0,0,1
2,0,2022,64000,0,0,0,0,1,0,0,0,0,0,0,0,0,0,0,0,1
2,0,2022,78000,0,0,0,0,1,0,0,0,0,0,0,0,0,0,0,0,1
2,0,2022,17000,0,0,0,0,0,0,0,0,0,1,0,0,0,0,1,0,0
2,0,2022,57000,0,0,0,0,1,0,0,0,0,0,1,0,0,0,0,0,0
2,0,2022,337000,0,0,0,0,0,0,0,1,0,0,1,0,0,0,0,0,0
2,0,2022,198000,1,0,0,0,0,0,0,0,0,0,1,0,0,0,0,0,0
2,1,2022,58000,0,0,0,0,1,0,0,0,0,0,0,0,1,0,0,0,0
2,1,2022,73000,0,0,0,0,1,0,0,0,0,0,0,0,1,0,0,0,0
2,1,2022,633000,0,0,0,0,0,0,0,0,0,1,0,0,1,0,0,0,0
2,1,2022,48000,0,0,0,0,0,0,0,0,0,1,0,0,1,0,0,0,0
2,1,2022,3308000,0,0,0,0,0,0,1,0,0,0,0,0,0,1,0,0,0
2,1,2022,101000,1,0,0,0,0,0,0,0,0,0,0,0,0,1,0,0,0
2,1,2022,347000,0,0,0,0,0,0,0,1,0,0,0,0,0,1,0,0,0
2,1,2022,1384000,0,0,0,0,0,1,0,0,0,0,0,0,0,1,0,0,0
2,1,2022,82000,0,0,0,0,1,0,0,0,0,0,0,0,0,1,0,0,0
2,1,2022,47000,0,0,0,0,1,0,0,0,0,0,0,0,0,1,0,0,0
2,0,2022,10000,0,0,0,0,0,0,0,0,0,1,0,1,0,0,0,0,0
2,0,2022,1314000,0,0,0,0,0,0,0,0,1,0,0,1,0,0,0,0,0
2,0,2022,230000,0,0,0,0,0,0,0,1,0,0,0,1,0,0,0,0,0
2,0,2022,176000,1,0,0,0,0,0,0,0,0,0,0,1,0,0,0,0,0
3,0,2022,8820000,0,0,0,0,0,0,0,0,1,0,0,0,0,0,0,1,0
3,0,2022,9240000,0,0,0,0,0,0,0,0,1,0,0,0,0,0,0,1,0
3,0,2022,1102000,0,0,0,0,0,0,0,1,0,0,0,0,0,0,0,0,1
3,0,2022,16380000,0,0,0,0,0,1,0,0,0,0,0,0,0,0,0,0,1
3,0,2022,157000,0,0,0,0,1,0,0,0,0,0,0,0,0,0,0,0,1
3,0,2022,2395000,0,0,0,0,0,0,0,0,1,0,0,0,0,0,0,0,1
3,0,2022,162000,1,0,0,0,0,0,0,0,0,0,0,0,0,0,0,0,1
3,0,2022,695000,0,0,0,0,0,1,0,0,0,0,0,0,0,0,1,0,0
3,0,2022,59000,0,0,0,0,1,0,0,0,0,0,0,0,0,0,1,0,0
3,0,2022,94000,0,0,0,0,0,0,0,1,0,0,1,0,0,0,0,0,0
3,1,2022,77000,0,0,0,0,1,0,0,0,0,0,0,0,1,0,0,0,0
3,1,2022,4380000,0,0,0,0,0,0,0,0,1,0,0,0,1,0,0,0,0
3,1,2022,298000,1,0,0,0,0,0,0,0,0,0,0,0,1,0,0,0,0
3,1,2022,90000,0,0,0,0,0,0,0,0,1,0,0,0,1,0,0,0,0
3,1,2022,90000,0,0,0,0,1,0,0,0,0,0,0,0,1,0,0,0,0
3,1,2022,924000,0,0,0,0,0,0,0,0,0,1,0,0,0,1,0,0,0
3,1,2022,576000,0,0,0,0,0,1,0,0,0,0,0,0,0,1,0,0,0
3,0,2022,79000,1,0,0,0,0,0,0,0,0,0,0,1,0,0,0,0,0
3,0,2022,2690000,0,0,0,0,0,0,0,0,1,0,0,1,0,0,0,0,0
3,0,2022,528000,0,0,1,0,0,0,0,0,0,0,0,0,0,0,0,1,0
3,0,2022,157000,1,0,0,0,0,0,0,0,0,0,0,0,0,0,0,1,0
3,0,2022,48000,0,0,0,0,1,0,0,0,0,0,0,0,0,0,0,0,1
3,0,2022,8108000,0,0,0,0,0,0,0,0,1,0,0,0,0,0,0,0,1
3,0,2022,7000,0,0,0,0,1,0,0,0,0,0,0,0,0,0,0,0,1
3,0,2022,150000,0,0,0,0,1,0,0,0,0,0,0,0,0,0,0,0,1
3,0,2022,13230000,0,0,0,0,0,1,0,0,0,0,0,0,0,0,1,0,0
3,0,2022,96000,0,0,0,0,1,0,0,0,0,0,1,0,0,0,0,0,0
3,0,2022,870000,0,0,0,0,0,1,0,0,0,0,1,0,0,0,0,0,0
3,0,2022,119000,0,0,0,0,0,0,0,0,0,1,1,0,0,0,0,0,0
3,1,2022,2240000,0,0,1,0,0,0,0,0,0,0,0,0,1,0,0,0,0
3,1,2022,420000,0,0,1,0,0,0,0,0,0,0,0,0,0,1,0,0,0
3,1,2022,97000,0,0,0,0,0,0,0,0,0,1,0,0,0,1,0,0,0
3,0,2022,8000,0,0,0,0,0,0,0,0,0,1,0,1,0,0,0,0,0
3,0,2022,1689000,0,0,0,0,0,0,1,0,0,0,0,1,0,0,0,0,0
3,0,2022,787000,0,0,0,0,0,0,1,0,0,0,0,1,0,0,0,0,0
3,0,2022,108000,0,0,0,0,1,0,0,0,0,0,0,0,0,0,0,1,0
3,0,2022,286000,0,0,0,0,0,0,0,1,0,0,0,0,0,0,0,1,0
3,0,2022,283000,0,0,1,0,0,0,0,0,0,0,0,0,0,0,0,1,0
3,0,2022,119000,0,0,0,0,0,0,0,0,0,1,0,0,0,0,0,1,0
3,0,2022,63000,1,0,0,0,0,0,0,0,0,0,0,0,0,0,0,0,1
3,0,2022,11000,0,0,0,0,1,0,0,0,0,0,0,0,0,0,0,0,1
3,0,2022,59000,0,0,0,1,0,0,0,0,0,0,0,0,0,0,0,0,1
3,0,2022,1254000,0,0,1,0,0,0,0,0,0,0,0,0,0,0,0,0,1
3,0,2022,2888000,0,0,0,0,0,0,0,0,1,0,0,0,0,0,1,0,0
3,0,2022,105000,0,0,0,0,0,0,0,0,1,0,0,0,0,0,1,0,0
3,0,2022,457000,0,0,0,0,0,0,0,1,0,0,0,0,0,0,1,0,0
3,0,2022,1238000,0,0,0,0,0,0,0,0,1,0,0,0,0,0,1,0,0
3,0,2022,13000,0,0,0,0,0,0,0,0,0,1,0,0,0,0,1,0,0
3,0,2022,3874000,0,0,0,0,0,0,0,0,1,0,0,0,0,0,1,0,0
3,0,2022,426000,0,0,0,0,0,0,0,0,0,1,1,0,0,0,0,0,0
3,1,2022,59000,0,0,0,0,1,0,0,0,0,0,0,0,1,0,0,0,0
3,1,2022,7560000,0,0,0,0,0,0,0,0,1,0,0,0,1,0,0,0,0
3,1,2022,42000,1,0,0,0,0,0,0,0,0,0,0,0,0,1,0,0,0
3,1,2022,319000,0,0,0,0,0,0,0,1,0,0,0,0,0,1,0,0,0
3,1,2022,386000,0,0,0,0,0,0,0,1,0,0,0,0,0,1,0,0,0
3,1,2022,124000,1,0,0,0,0,0,0,0,0,0,0,0,0,1,0,0,0
3,0,2022,251000,0,0,0,0,0,0,0,1,0,0,0,1,0,0,0,0,0
3,0,2022,137000,0,0,0,0,1,0,0,0,0,0,0,1,0,0,0,0,0
3,0,2022,82000,0,0,0,0,0,0,0,0,0,1,0,1,0,0,0,0,0
3,0,2022,105000,0,0,0,0,0,0,0,0,1,0,0,1,0,0,0,0,0
3,0,2022,74000,0,0,0,0,1,0,0,0,0,0,0,1,0,0,0,0,0
3,0,2022,7496000,0,0,0,0,0,0,0,0,1,0,0,0,0,0,0,1,0
3,0,2022,214000,0,0,1,0,0,0,0,0,0,0,0,0,0,0,0,1,0
3,0,2022,23000,0,0,0,0,0,0,0,0,0,1,0,0,0,0,0,1,0
3,0,2022,411000,0,0,0,0,0,0,0,1,0,0,0,0,0,0,0,1,0
3,0,2022,426000,0,0,0,0,0,0,0,1,0,0,0,0,0,0,0,1,0
3,0,2022,91000,0,0,0,0,0,0,0,0,0,1,0,0,0,0,0,1,0
3,0,2022,107000,0,0,0,0,1,0,0,0,0,0,0,0,0,0,0,1,0
3,0,2022,710000,0,0,0,0,0,0,0,1,0,0,0,0,0,0,0,1,0
3,0,2022,58000,0,0,0,0,0,0,0,0,0,1,0,0,0,0,0,0,1
3,0,2022,3038000,0,0,0,0,0,0,0,0,1,0,0,0,0,0,1,0,0
3,0,2022,113000,0,0,0,0,1,0,0,0,0,0,0,0,0,0,1,0,0
3,0,2022,175000,0,0,0,0,0,0,0,1,0,0,0,0,0,0,1,0,0
3,0,2022,7085000,0,0,0,0,0,0,0,0,1,0,0,0,0,0,1,0,0
3,0,2022,50000,0,0,0,0,1,0,0,0,0,0,0,0,0,0,1,0,0
3,0,2022,61000,0,0,0,0,0,0,0,0,0,1,0,0,0,0,1,0,0
3,0,2022,43000,0,0,0,0,1,0,0,0,0,0,1,0,0,0,0,0,0
3,0,2022,502000,0,0,0,0,0,1,0,0,0,0,1,0,0,0,0,0,0
3,0,2022,15000,0,0,0,0,1,0,0,0,0,0,1,0,0,0,0,0,0
3,0,2022,987000,0,0,0,0,0,0,0,0,1,0,1,0,0,0,0,0,0
3,0,2022,751000,0,0,0,0,0,0,0,1,0,0,1,0,0,0,0,0,0
3,1,2022,123000,0,0,0,0,1,0,0,0,0,0,0,0,1,0,0,0,0
3,1,2022,13000,0,0,0,0,0,0,0,0,0,1,0,0,1,0,0,0,0
3,1,2022,251000,1,0,0,0,0,0,0,0,0,0,0,0,0,1,0,0,0
3,1,2022,403000,0,0,0,0,0,0,0,1,0,0,0,0,0,1,0,0,0
3,0,2022,64000,0,0,0,0,0,0,0,1,0,0,0,1,0,0,0,0,0
3,0,2022,90000,0,0,0,0,1,0,0,0,0,0,0,1,0,0,0,0,0
3,0,2022,226000,1,0,0,0,0,0,0,0,0,0,0,1,0,0,0,0,0
3,0,2022,682000,0,0,0,0,0,0,0,0,1,0,0,1,0,0,0,0,0
3,0,2022,148000,1,0,0,0,0,0,0,0,0,0,0,1,0,0,0,0,0
3,0,2022,34000,0,0,0,0,1,0,0,0,0,0,0,1,0,0,0,0,0
3,0,2022,386000,0,0,0,0,0,0,0,1,0,0,0,1,0,0,0,0,0
3,0,2022,105000,0,0,0,0,1,0,0,0,0,0,0,0,0,0,0,1,0
3,0,2022,15000,0,0,0,0,1,0,0,0,0,0,0,0,0,0,0,1,0
3,0,2022,92000,0,0,0,0,1,0,0,0,0,0,0,0,0,0,0,1,0
3,0,2022,84000,0,0,0,0,1,0,0,0,0,0,0,0,0,0,0,0,1
3,0,2022,81000,0,0,0,0,1,0,0,0,0,0,0,0,0,0,0,0,1
3,0,2022,128000,0,0,0,0,0,0,0,0,0,1,0,0,0,0,0,0,1
3,0,2022,1159000,0,0,0,0,0,0,1,0,0,0,0,0,0,0,0,0,1
3,0,2022,68000,0,0,0,0,1,0,0,0,0,0,0,0,0,0,0,0,1
3,0,2022,18000,0,0,0,0,1,0,0,0,0,0,0,0,0,0,0,0,1
3,0,2022,100000,0,0,0,0,1,0,0,0,0,0,0,0,0,0,1,0,0
4,0,2022,3780000,0,0,0,0,0,0,0,0,1,0,1,0,0,0,0,0,0
4,1,2022,248000,0,0,0,0,0,0,0,1,0,0,0,0,1,0,0,0,0
4,1,2022,44000,0,0,0,0,1,0,0,0,0,0,0,0,0,1,0,0,0
4,1,2022,222000,1,0,0,0,0,0,0,0,0,0,0,0,0,1,0,0,0
4,0,2022,153000,1,0,0,0,0,0,0,0,0,0,0,1,0,0,0,0,0
4,0,2022,8000,0,0,0,0,0,0,0,0,0,1,0,1,0,0,0,0,0
4,0,2022,5621000,0,0,0,0,0,0,0,0,1,0,0,0,0,0,0,1,0
4,0,2022,1049000,0,0,0,0,0,0,0,0,1,0,0,0,0,0,0,1,0
4,0,2022,1496000,0,0,0,0,0,0,0,0,1,0,0,0,0,0,0,1,0
4,0,2022,204000,0,0,0,0,0,0,0,0,0,1,0,0,0,0,0,1,0
4,0,2022,118000,1,0,0,0,0,0,0,0,0,0,0,0,0,0,0,1,0
4,0,2022,107000,1,0,0,0,0,0,0,0,0,0,0,0,0,0,0,0,1
4,0,2022,2482000,0,0,0,0,0,0,0,0,1,0,0,0,0,0,0,0,1
4,0,2022,346000,0,0,0,1,0,0,0,0,0,0,0,0,0,0,0,0,1
4,0,2022,133000,0,0,0,0,1,0,0,0,0,0,0,0,0,0,0,0,1
4,0,2022,116000,1,0,0,0,0,0,0,0,0,0,0,0,0,0,1,0,0
4,0,2022,159000,0,0,0,0,1,0,0,0,0,0,0,0,0,0,1,0,0
4,0,2022,98000,0,0,0,0,1,0,0,0,0,0,0,0,0,0,1,0,0
4,0,2022,3027000,0,0,0,0,0,0,0,0,1,0,0,0,0,0,1,0,0
4,0,2022,269000,0,0,0,0,0,0,0,0,0,1,1,0,0,0,0,0,0
4,0,2022,234000,0,0,0,0,0,0,0,1,0,0,1,0,0,0,0,0,0
4,0,2022,91000,0,0,0,0,0,0,0,0,0,1,1,0,0,0,0,0,0
4,0,2022,657000,0,0,0,0,0,0,0,1,0,0,1,0,0,0,0,0,0
4,0,2022,177000,1,0,0,0,0,0,0,0,0,0,1,0,0,0,0,0,0
4,1,2022,1505000,0,0,0,0,0,0,1,0,0,0,0,0,1,0,0,0,0
4,1,2022,1866000,0,0,0,0,0,0,0,0,1,0,0,0,1,0,0,0,0
4,1,2022,10500000,0,0,0,0,0,0,0,0,1,0,0,0,1,0,0,0,0
4,1,2022,321000,0,0,1,0,0,0,0,0,0,0,0,0,0,1,0,0,0
4,0,2022,24000,0,0,0,0,1,0,0,0,0,0,0,1,0,0,0,0,0
4,0,2022,201000,0,0,1,0,0,0,0,0,0,0,0,1,0,0,0,0,0
4,0,2022,51000,0,0,0,0,1,0,0,0,0,0,0,1,0,0,0,0,0
4,0,2022,141000,0,0,0,0,0,0,0,0,0,1,0,1,0,0,0,0,0
4,0,2022,348000,0,0,1,0,0,0,0,0,0,0,0,1,0,0,0,0,0
4,0,2022,42000,0,0,0,0,1,0,0,0,0,0,0,0,0,0,0,1,0
4,0,2022,441000,0,0,0,0,0,0,0,1,0,0,0,0,0,0,0,1,0
4,0,2022,682000,0,0,0,0,0,0,0,1,0,0,0,0,0,0,0,1,0
4,0,2022,364000,0,0,0,0,0,0,0,1,0,0,0,0,0,0,0,0,1
4,0,2022,36000,0,0,0,0,0,0,0,0,0,1,0,0,0,0,0,0,1
4,0,2022,75000,0,0,0,0,1,0,0,0,0,0,0,0,0,0,1,0,0
4,0,2022,37000,0,0,0,0,1,0,0,0,0,0,0,0,0,0,1,0,0
4,0,2022,102000,0,0,0,0,1,0,0,0,0,0,0,0,0,0,1,0,0
4,0,2022,173000,0,0,0,0,0,0,0,0,0,1,0,0,0,0,1,0,0
4,0,2022,110000,1,0,0,0,0,0,0,0,0,0,0,0,0,0,1,0,0
4,0,2022,5250000,0,0,0,0,0,0,0,0,1,0,0,0,0,0,1,0,0
4,0,2022,331000,0,0,0,0,0,0,0,1,0,0,1,0,0,0,0,0,0
4,0,2022,517000,0,0,1,0,0,0,0,0,0,0,1,0,0,0,0,0,0
4,0,2022,150000,0,0,0,0,0,0,0,1,0,0,1,0,0,0,0,0,0
4,1,2022,4576000,0,0,0,0,0,0,0,0,1,0,0,0,1,0,0,0,0
4,1,2022,84000,0,0,0,0,0,0,0,0,0,1,0,0,1,0,0,0,0
4,1,2022,24000,0,0,0,0,1,0,0,0,0,0,0,0,1,0,0,0,0
4,1,2022,147000,0,0,0,0,0,0,0,0,0,1,0,0,1,0,0,0,0
4,1,2022,79000,0,0,0,0,1,0,0,0,0,0,0,0,1,0,0,0,0
4,1,2022,4620000,0,0,0,0,0,0,0,0,1,0,0,0,0,1,0,0,0
4,1,2022,29000,0,0,0,0,1,0,0,0,0,0,0,0,0,1,0,0,0
4,1,2022,183000,0,0,0,0,1,0,0,0,0,0,0,0,0,1,0,0,0
4,0,2022,63000,0,0,0,0,1,0,0,0,0,0,0,1,0,0,0,0,0
4,0,2022,692000,0,0,0,0,0,1,0,0,0,0,0,1,0,0,0,0,0
4,0,2022,32000,0,0,0,0,1,0,0,0,0,0,0,0,0,0,0,1,0
4,0,2022,60000,0,0,0,0,1,0,0,0,0,0,0,0,0,0,0,0,1
4,0,2022,147000,0,0,0,0,0,0,0,0,0,1,0,0,0,0,0,0,1
4,0,2022,3604000,0,0,0,0,0,0,0,0,1,0,0,0,0,0,0,0,1
4,0,2022,6037000,0,0,0,0,0,0,1,0,0,0,0,0,0,0,0,0,1
4,0,2022,1700000,0,0,0,0,0,0,0,0,1,0,0,0,0,0,1,0,0
4,0,2022,284000,0,0,0,0,0,1,0,0,0,0,0,0,0,0,1,0,0
4,0,2022,110000,0,0,0,0,1,0,0,0,0,0,0,0,0,0,1,0,0
4,0,2022,20000,0,0,0,0,1,0,0,0,0,0,1,0,0,0,0,0,0
4,0,2022,48000,0,0,0,0,1,0,0,0,0,0,1,0,0,0,0,0,0
4,0,2022,2899000,0,0,0,0,0,0,0,0,1,0,1,0,0,0,0,0,0
4,0,2022,8820000,0,0,0,0,0,0,0,0,1,0,1,0,0,0,0,0,0
4,0,2022,128000,0,0,1,0,0,0,0,0,0,0,1,0,0,0,0,0,0
4,1,2022,126000,1,0,0,0,0,0,0,0,0,0,0,0,1,0,0,0,0
4,1,2022,101000,0,0,0,0,1,0,0,0,0,0,0,0,1,0,0,0,0
4,1,2022,79000,0,0,0,0,1,0,0,0,0,0,0,0,1,0,0,0,0
4,1,2022,386000,0,0,0,0,0,0,0,1,0,0,0,0,0,1,0,0,0
4,1,2022,45000,0,0,0,0,1,0,0,0,0,0,0,0,0,1,0,0,0
4,1,2022,450000,0,0,0,0,0,0,0,0,0,1,0,0,0,1,0,0,0
4,1,2022,523000,0,0,1,0,0,0,0,0,0,0,0,0,0,1,0,0,0
4,1,2022,36000,0,0,0,0,0,0,0,0,0,1,0,0,0,1,0,0,0
4,1,2022,682000,0,0,0,0,0,0,0,1,0,0,0,0,0,1,0,0,0
4,0,2022,105000,0,0,0,0,1,0,0,0,0,0,0,1,0,0,0,0,0
4,0,2022,62000,0,0,0,0,1,0,0,0,0,0,0,1,0,0,0,0,0
4,0,2022,495000,0,0,1,0,0,0,0,0,0,0,0,1,0,0,0,0,0
4,0,2022,83000,0,0,0,0,1,0,0,0,0,0,0,0,0,0,0,1,0
4,0,2022,127000,0,0,0,0,0,0,0,1,0,0,0,0,0,0,0,1,0
4,0,2022,192000,1,0,0,0,0,0,0,0,0,0,0,0,0,0,0,0,1
4,0,2022,91000,1,0,0,0,0,0,0,0,0,0,0,0,0,0,0,0,1
4,0,2022,99000,0,0,0,0,1,0,0,0,0,0,0,0,0,0,1,0,0
4,0,2022,93000,0,0,0,0,1,0,0,0,0,0,0,0,0,0,1,0,0
4,0,2022,268000,0,0,0,0,0,1,0,0,0,0,0,0,0,0,1,0,0
4,0,2022,625000,0,0,0,0,0,0,0,1,0,0,0,0,0,0,1,0,0
4,0,2022,105000,0,0,0,0,1,0,0,0,0,0,0,0,0,0,1,0,0
4,0,2022,3928000,0,0,0,0,0,0,0,0,1,0,1,0,0,0,0,0,0
4,0,2022,66000,0,0,0,0,1,0,0,0,0,0,1,0,0,0,0,0,0
4,0,2022,158000,0,0,0,0,0,0,0,0,1,0,1,0,0,0,0,0,0
4,1,2022,70000,0,0,0,0,0,1,0,0,0,0,0,0,1,0,0,0,0
4,1,2022,18000,0,0,0,0,1,0,0,0,0,0,0,0,1,0,0,0,0
4,1,2022,410000,0,0,0,1,0,0,0,0,0,0,0,0,1,0,0,0,0
5,1,2022,154000,0,0,0,1,0,0,0,0,0,0,0,0,0,1,0,0,0
5,1,2022,301000,0,0,0,0,0,1,0,0,0,0,0,0,0,1,0,0,0
5,1,2022,5939000,0,0,0,0,0,0,0,0,1,0,0,0,0,1,0,0,0
5,1,2022,1535000,0,0,0,0,0,0,0,0,1,0,0,0,0,1,0,0,0
5,0,2022,398000,0,0,1,0,0,0,0,0,0,0,0,1,0,0,0,0,0
5,0,2022,166000,0,0,0,0,0,0,0,1,0,0,0,1,0,0,0,0,0
5,0,2022,148000,1,0,0,0,0,0,0,0,0,0,0,0,0,0,0,1,0
5,0,2022,179000,0,0,0,0,0,1,0,0,0,0,0,0,0,0,0,1,0
5,0,2022,2073000,0,0,0,0,0,0,0,0,1,0,0,0,0,0,0,1,0
5,0,2022,195000,1,0,0,0,0,0,0,0,0,0,0,0,0,0,0,0,1
5,0,2022,55000,0,0,0,0,1,0,0,0,0,0,0,0,0,0,0,0,1
5,0,2022,96000,0,0,0,0,0,0,0,0,0,1,0,0,0,0,0,0,1
5,0,2022,162000,0,0,0,0,0,0,0,1,0,0,0,0,0,0,1,0,0
5,0,2022,506000,0,0,0,0,0,0,0,1,0,0,0,0,0,0,1,0,0
5,0,2022,150000,1,0,0,0,0,0,0,0,0,0,1,0,0,0,0,0,0
5,0,2022,423000,0,0,1,0,0,0,0,0,0,0,1,0,0,0,0,0,0
5,1,2022,3681000,0,0,0,0,0,0,0,0,1,0,0,0,1,0,0,0,0
5,1,2022,157000,0,0,0,0,1,0,0,0,0,0,0,0,1,0,0,0,0
5,1,2022,31000,0,0,0,0,1,0,0,0,0,0,0,0,1,0,0,0,0
5,1,2022,114000,0,0,0,0,1,0,0,0,0,0,0,0,0,1,0,0,0
5,1,2022,4850000,0,0,0,0,0,0,0,0,1,0,0,0,0,1,0,0,0
5,0,2022,50000,0,0,0,0,0,0,0,1,0,0,0,1,0,0,0,0,0
5,0,2022,125000,0,0,0,0,0,0,0,0,0,1,0,1,0,0,0,0,0
5,0,2022,1050000,1,0,0,0,0,0,0,0,0,0,0,0,0,0,0,1,0
5,0,2022,21000,0,0,0,0,1,0,0,0,0,0,0,0,0,0,0,1,0
5,0,2022,2421000,0,0,0,0,0,0,1,0,0,0,0,0,0,0,0,1,0
5,0,2022,205000,0,0,0,0,0,0,0,0,0,1,0,0,0,0,0,0,1
5,0,2022,132000,0,0,0,0,1,0,0,0,0,0,0,0,0,0,0,0,1
5,0,2022,1418000,0,0,0,0,0,1,0,0,0,0,0,0,0,0,0,0,1
5,0,2022,128000,0,0,0,0,1,0,0,0,0,0,0,0,0,0,0,0,1
5,0,2022,5681000,0,0,0,0,0,0,0,0,1,0,0,0,0,0,0,0,1
5,0,2022,46000,0,0,0,0,1,0,0,0,0,0,0,0,0,0,1,0,0
5,0,2022,183000,0,0,1,0,0,0,0,0,0,0,1,0,0,0,0,0,0
5,0,2022,94000,0,0,0,0,0,0,0,0,0,1,1,0,0,0,0,0,0
5,1,2022,315000,1,0,0,0,0,0,0,0,0,0,0,0,1,0,0,0,0
5,1,2022,27000,0,0,0,0,1,0,0,0,0,0,0,0,0,1,0,0,0
5,1,2022,31000,0,0,0,0,1,0,0,0,0,0,0,0,0,1,0,0,0
5,0,2022,168000,0,0,0,0,0,0,0,0,0,1,0,1,0,0,0,0,0
5,0,2022,525000,0,0,0,0,0,0,0,1,0,0,0,1,0,0,0,0,0
5,0,2022,84000,1,0,0,0,0,0,0,0,0,0,0,1,0,0,0,0,0
5,0,2022,2724000,0,0,0,0,0,0,0,0,1,0,0,1,0,0,0,0,0
5,0,2022,2789000,0,0,0,0,0,0,0,0,1,0,0,0,0,0,0,1,0
5,0,2022,1912000,0,0,0,0,0,0,0,0,1,0,0,0,0,0,0,1,0
5,0,2022,66000,0,0,0,0,1,0,0,0,0,0,0,0,0,0,0,1,0
5,0,2022,6207000,0,0,0,0,0,0,0,0,1,0,0,0,0,0,0,1,0
5,0,2022,504000,0,0,0,0,0,0,0,0,0,1,0,0,0,0,0,0,1
5,0,2022,25000,0,0,0,0,1,0,0,0,0,0,0,0,0,0,0,0,1
5,0,2022,1944000,0,0,0,0,0,0,0,0,1,0,0,0,0,0,0,0,1
5,0,2022,178000,0,0,0,0,0,0,0,0,0,1,0,0,0,0,0,0,1
5,0,2022,95000,1,0,0,0,0,0,0,0,0,0,0,0,0,0,0,0,1
5,0,2022,2348000,0,0,0,0,0,0,0,0,1,0,0,0,0,0,1,0,0
5,0,2022,1498000,0,0,1,0,0,0,0,0,0,0,0,0,0,0,1,0,0
5,0,2022,53000,0,0,0,0,1,0,0,0,0,0,0,0,0,0,1,0,0
5,0,2022,73000,0,0,0,0,1,0,0,0,0,0,0,0,0,0,1,0,0
5,0,2022,1166000,0,0,0,0,0,0,0,0,1,0,0,0,0,0,1,0,0
5,0,2022,158000,0,0,0,0,0,0,0,1,0,0,1,0,0,0,0,0,0
5,0,2022,41000,0,0,0,0,1,0,0,0,0,0,1,0,0,0,0,0,0
5,0,2022,176000,0,0,0,1,0,0,0,0,0,0,1,0,0,0,0,0,0
5,1,2022,1738000,0,0,0,0,0,0,1,0,0,0,0,0,1,0,0,0,0
5,1,2022,107000,0,0,0,0,0,0,0,0,0,1,0,0,1,0,0,0,0
5,1,2022,108000,0,0,0,0,0,0,0,1,0,0,0,0,0,1,0,0,0
5,1,2022,9689000,0,0,0,0,0,0,0,0,1,0,0,0,0,1,0,0,0
5,0,2022,2414000,0,0,0,0,0,0,0,0,1,0,0,1,0,0,0,0,0
5,0,2022,296000,0,0,0,0,0,1,0,0,0,0,0,1,0,0,0,0,0
5,0,2022,64000,0,0,0,0,0,0,0,1,0,0,0,0,0,0,0,1,0
5,0,2022,47000,0,0,0,0,1,0,0,0,0,0,0,0,0,0,0,1,0
5,0,2022,64000,0,0,0,0,1,0,0,0,0,0,0,0,0,0,0,1,0
5,0,2022,146000,0,0,0,0,0,0,0,1,0,0,0,0,0,0,0,1,0
5,0,2022,183000,1,0,0,0,0,0,0,0,0,0,0,0,0,0,0,1,0
5,0,2022,2677000,0,0,0,0,0,0,1,0,0,0,0,0,0,0,0,0,1
5,0,2022,107000,0,0,0,0,0,0,0,0,0,1,0,0,0,0,0,0,1
5,0,2022,112000,0,0,0,0,1,0,0,0,0,0,0,0,0,0,0,0,1
5,0,2022,79000,0,0,0,0,1,0,0,0,0,0,1,0,0,0,0,0,0
5,0,2022,15000,0,0,0,0,0,0,0,0,0,1,1,0,0,0,0,0,0
5,1,2022,66000,1,0,0,0,0,0,0,0,0,0,0,0,1,0,0,0,0
5,1,2022,74000,0,0,0,0,1,0,0,0,0,0,0,0,0,1,0,0,0
5,1,2022,58000,0,0,0,0,1,0,0,0,0,0,0,0,0,1,0,0,0
5,0,2022,1066000,0,0,0,0,0,0,0,0,1,0,0,1,0,0,0,0,0
5,0,2022,80000,0,0,0,0,1,0,0,0,0,0,0,0,0,0,0,1,0
6,0,2022,82000,0,0,0,0,1,0,0,0,0,0,0,0,0,0,0,0,1
6,0,2022,39000,0,0,0,0,0,0,0,0,0,1,0,0,0,0,0,0,1
6,0,2022,2226000,0,0,0,0,0,0,0,0,1,0,0,0,0,0,0,0,1
6,0,2022,438000,0,0,0,0,0,0,0,0,0,1,0,0,0,0,0,0,1
6,0,2022,138000,0,0,0,0,0,0,0,0,1,0,0,0,0,0,1,0,0
6,0,2022,56000,0,0,0,0,1,0,0,0,0,0,0,0,0,0,1,0,0
6,0,2022,472000,0,0,1,0,0,0,0,0,0,0,0,0,0,0,1,0,0
6,0,2022,361000,0,0,0,0,0,1,0,0,0,0,1,0,0,0,0,0,0
6,0,2022,87000,0,0,0,0,1,0,0,0,0,0,1,0,0,0,0,0,0
6,0,2022,2119000,0,0,0,0,0,0,1,0,0,0,1,0,0,0,0,0,0
6,0,2022,75000,0,0,0,0,0,0,0,0,1,0,1,0,0,0,0,0,0
6,0,2022,269000,0,0,0,0,0,0,0,0,0,1,1,0,0,0,0,0,0
6,0,2022,50000,0,0,0,0,1,0,0,0,0,0,1,0,0,0,0,0,0
6,0,2022,138000,0,0,1,0,0,0,0,0,0,0,1,0,0,0,0,0,0
6,1,2022,92000,0,0,0,0,1,0,0,0,0,0,0,0,1,0,0,0,0
6,1,2022,164000,0,0,0,0,0,0,0,1,0,0,0,0,1,0,0,0,0
6,1,2022,19000,0,0,0,0,0,0,0,0,0,1,0,0,1,0,0,0,0
6,1,2022,88000,0,0,0,0,1,0,0,0,0,0,0,0,0,1,0,0,0
6,1,2022,597000,0,0,1,0,0,0,0,0,0,0,0,0,0,1,0,0,0
6,0,2022,80000,0,0,0,0,0,0,0,0,1,0,0,1,0,0,0,0,0
6,0,2022,99000,0,0,0,0,1,0,0,0,0,0,0,1,0,0,0,0,0
6,0,2022,65000,0,0,0,0,0,0,0,0,1,0,0,1,0,0,0,0,0
6,0,2022,397000,1,0,0,0,0,0,0,0,0,0,0,0,0,0,0,1,0
6,0,2022,431000,0,0,1,0,0,0,0,0,0,0,0,0,0,0,0,1,0
6,0,2022,184000,0,0,1,0,0,0,0,0,0,0,0,0,0,0,0,1,0
6,0,2022,139000,0,0,0,0,0,0,0,1,0,0,0,0,0,0,0,1,0
6,0,2022,325000,0,0,1,0,0,0,0,0,0,0,0,0,0,0,0,1,0
6,0,2022,8000,0,0,0,0,1,0,0,0,0,0,0,0,0,0,0,0,1
6,0,2022,210000,0,0,0,0,0,0,0,1,0,0,0,0,0,0,0,0,1
6,0,2022,197000,0,0,0,0,0,0,0,1,0,0,0,0,0,0,1,0,0
6,0,2022,113000,0,0,0,0,1,0,0,0,0,0,0,0,0,0,1,0,0
6,0,2022,127000,0,0,0,0,0,0,0,1,0,0,0,0,0,0,1,0,0
6,0,2022,132000,1,0,0,0,0,0,0,0,0,0,1,0,0,0,0,0,0
6,0,2022,924000,0,0,0,0,0,0,0,0,0,1,1,0,0,0,0,0,0
6,0,2022,4513000,0,0,0,0,0,0,0,0,1,0,1,0,0,0,0,0,0
6,1,2022,385000,0,0,0,0,0,1,0,0,0,0,0,0,1,0,0,0,0
6,1,2022,16000,0,0,0,0,1,0,0,0,0,0,0,0,1,0,0,0,0
6,1,2022,1198000,0,0,0,0,0,1,0,0,0,0,0,0,1,0,0,0,0
6,1,2022,156000,0,0,0,0,0,0,0,1,0,0,0,0,0,1,0,0,0
6,1,2022,56000,0,0,0,0,1,0,0,0,0,0,0,0,0,1,0,0,0
6,1,2022,234000,1,0,0,0,0,0,0,0,0,0,0,0,0,1,0,0,0
6,0,2022,61000,1,0,0,0,0,0,0,0,0,0,0,1,0,0,0,0,0
6,0,2022,254000,0,0,0,1,0,0,0,0,0,0,0,1,0,0,0,0,0
6,0,2022,53000,0,0,0,0,1,0,0,0,0,0,0,0,0,0,0,1,0
6,0,2022,5613000,0,0,0,0,0,0,0,0,1,0,0,0,0,0,0,1,0
6,0,2022,11000,0,0,0,0,1,0,0,0,0,0,0,0,0,0,0,1,0
6,0,2022,6060000,0,0,0,0,0,0,0,0,1,0,0,0,0,0,0,0,1
6,0,2022,634000,0,0,0,0,0,0,0,1,0,0,0,0,0,0,1,0,0
6,0,2022,479000,0,0,0,0,0,0,0,1,0,0,0,0,0,0,1,0,0
6,0,2022,41000,0,0,0,0,0,0,0,0,0,1,0,0,0,0,1,0,0
6,0,2022,104000,1,0,0,0,0,0,0,0,0,0,1,0,0,0,0,0,0
6,0,2022,44000,0,0,0,0,1,0,0,0,0,0,1,0,0,0,0,0,0
6,0,2022,13000,0,0,0,0,0,0,0,0,0,1,1,0,0,0,0,0,0
6,1,2022,425000,0,0,0,0,0,0,0,1,0,0,0,0,1,0,0,0,0
6,1,2022,1050000,1,0,0,0,0,0,0,0,0,0,0,0,0,1,0,0,0
6,1,2022,56000,0,0,0,0,1,0,0,0,0,0,0,0,0,1,0,0,0
6,0,2022,152000,0,0,0,0,0,1,0,0,0,0,0,1,0,0,0,0,0
6,0,2022,86000,0,0,0,0,1,0,0,0,0,0,0,1,0,0,0,0,0
6,0,2022,76000,0,0,0,0,0,0,0,0,1,0,0,1,0,0,0,0,0
6,0,2022,219000,0,0,0,0,0,0,0,1,0,0,0,0,0,0,0,1,0
6,0,2022,153000,0,0,0,0,0,0,0,0,0,1,0,0,0,0,0,1,0
6,0,2022,112000,1,0,0,0,0,0,0,0,0,0,0,0,0,0,0,1,0
6,0,2022,2156000,0,0,0,0,0,0,0,0,1,0,0,0,0,0,0,0,1
6,0,2022,33000,0,0,0,0,1,0,0,0,0,0,0,0,0,0,0,0,1
6,0,2022,22000,0,0,0,0,1,0,0,0,0,0,0,0,0,0,0,0,1
6,0,2022,263000,0,0,0,0,0,1,0,0,0,0,0,0,0,0,1,0,0
6,0,2022,279000,1,0,0,0,0,0,0,0,0,0,0,0,0,0,1,0,0
6,0,2022,14000,0,0,0,0,0,0,0,0,0,1,0,0,0,0,1,0,0
6,0,2022,42000,0,0,0,0,1,0,0,0,0,0,1,0,0,0,0,0,0
6,0,2022,513000,0,0,0,0,0,0,0,0,0,1,1,0,0,0,0,0,0
6,0,2022,42000,0,0,0,0,0,0,0,0,0,1,1,0,0,0,0,0,0
6,0,2022,28000,0,0,0,0,0,0,0,1,0,0,1,0,0,0,0,0,0
6,1,2022,110000,0,0,0,0,1,0,0,0,0,0,0,0,1,0,0,0,0
6,1,2022,304000,0,0,0,0,0,0,0,0,0,1,0,0,1,0,0,0,0
6,1,2022,35000,0,0,0,0,0,0,0,0,0,1,0,0,0,1,0,0,0
6,1,2022,213000,0,0,1,0,0,0,0,0,0,0,0,0,0,1,0,0,0
6,1,2022,32000,1,0,0,0,0,0,0,0,0,0,0,0,0,1,0,0,0
6,1,2022,99000,0,0,0,1,0,0,0,0,0,0,0,0,0,1,0,0,0
6,0,2022,64000,0,0,0,0,0,1,0,0,0,0,0,0,0,0,0,1,0
6,0,2022,5040000,0,0,0,0,0,0,0,0,1,0,0,0,0,0,0,1,0
6,0,2022,373000,0,0,1,0,0,0,0,0,0,0,0,0,0,0,0,1,0
6,0,2022,110000,0,0,0,0,0,0,0,1,0,0,0,0,0,0,0,0,1
7,0,2022,27000,0,0,0,0,0,0,0,1,0,0,1,0,0,0,0,0,0
7,0,2022,26000,0,0,0,0,0,0,0,0,0,1,1,0,0,0,0,0,0
7,0,2022,74000,0,0,0,0,0,0,0,1,0,0,1,0,0,0,0,0,0
7,0,2022,913000,0,0,0,0,0,0,1,0,0,0,1,0,0,0,0,0,0
7,1,2022,186000,1,0,0,0,0,0,0,0,0,0,0,0,1,0,0,0,0
7,1,2022,36000,0,0,0,0,0,0,0,0,0,1,0,0,1,0,0,0,0
7,1,2022,1756000,0,0,0,0,0,0,1,0,0,0,0,0,0,1,0,0,0
7,0,2022,525000,0,0,0,0,0,0,0,0,0,1,0,1,0,0,0,0,0
7,0,2022,82000,0,0,0,0,0,0,0,0,0,1,0,1,0,0,0,0,0
7,0,2022,61000,0,0,0,1,0,0,0,0,0,0,0,1,0,0,0,0,0
7,0,2022,773000,0,0,0,0,0,1,0,0,0,0,0,0,0,0,0,1,0
7,0,2022,49000,0,0,0,0,0,0,0,0,0,1,0,0,0,0,0,1,0
7,0,2022,21000,0,0,0,0,1,0,0,0,0,0,0,0,0,0,0,1,0
7,0,2022,61000,0,0,0,0,0,0,0,0,1,0,0,0,0,0,0,1,0
7,0,2022,423000,0,0,0,0,0,1,0,0,0,0,0,0,0,0,0,1,0
7,0,2022,87000,0,0,0,0,1,0,0,0,0,0,0,0,0,0,0,1,0
7,0,2022,458000,0,0,0,0,0,0,0,1,0,0,0,0,0,0,0,1,0
7,0,2022,62000,0,0,0,0,1,0,0,0,0,0,0,0,0,0,0,1,0
7,0,2022,4115000,0,0,0,0,0,0,0,0,1,0,0,0,0,0,0,0,1
7,0,2022,47000,0,0,0,0,0,0,0,0,0,1,0,0,0,0,0,0,1
7,0,2022,273000,1,0,0,0,0,0,0,0,0,0,0,0,0,0,0,0,1
7,0,2022,28000,0,0,0,0,1,0,0,0,0,0,0,0,0,0,0,0,1
7,0,2022,23000,0,0,0,0,1,0,0,0,0,0,0,0,0,0,1,0,0
7,0,2022,38000,0,0,0,0,1,0,0,0,0,0,0,0,0,0,1,0,0
7,0,2022,11000,0,0,0,0,0,0,0,0,0,1,1,0,0,0,0,0,0
7,0,2022,2391000,0,0,0,0,0,0,0,0,1,0,1,0,0,0,0,0,0
7,1,2022,110000,0,0,0,0,0,0,0,1,0,0,0,0,1,0,0,0,0
7,1,2022,1907000,0,0,0,0,0,0,1,0,0,0,0,0,1,0,0,0,0
7,1,2022,8155000,0,1,0,0,0,0,0,0,0,0,0,0,1,0,0,0,0
7,1,2022,108000,0,0,0,0,0,0,0,0,0,1,0,0,1,0,0,0,0
7,1,2022,136000,0,0,0,0,1,0,0,0,0,0,0,0,1,0,0,0,0
7,1,2022,2334000,0,0,0,0,0,0,1,0,0,0,0,0,0,1,0,0,0
7,1,2022,68000,0,0,0,0,1,0,0,0,0,0,0,0,0,1,0,0,0
7,0,2022,7000,0,0,0,0,1,0,0,0,0,0,0,1,0,0,0,0,0
7,0,2022,2883000,0,0,0,0,0,0,0,0,1,0,0,1,0,0,0,0,0
7,0,2022,116000,0,0,0,0,0,0,0,0,0,1,0,0,0,0,0,1,0
7,0,2022,117000,0,0,0,0,1,0,0,0,0,0,0,0,0,0,0,1,0
7,0,2022,392000,1,0,0,0,0,0,0,0,0,0,0,0,0,0,0,1,0
7,0,2022,103000,0,0,0,0,1,0,0,0,0,0,0,0,0,0,0,1,0
7,0,2022,112000,0,0,0,0,0,0,0,0,0,1,0,0,0,0,0,1,0
7,0,2022,69000,0,0,0,0,0,0,0,0,1,0,0,0,0,0,0,1,0
7,0,2022,136000,0,0,0,0,1,0,0,0,0,0,0,0,0,0,0,1,0
7,0,2022,1384000,0,0,0,0,0,0,0,0,1,0,0,0,0,0,0,0,1
7,0,2022,2908000,0,0,0,0,0,0,1,0,0,0,0,0,0,0,0,0,1
7,0,2022,110000,0,0,0,0,1,0,0,0,0,0,0,0,0,0,0,0,1
7,0,2022,32000,0,0,0,0,1,0,0,0,0,0,0,0,0,0,0,0,1
7,0,2022,488000,0,0,0,0,0,0,0,1,0,0,0,0,0,0,0,0,1
7,0,2022,5675000,0,0,0,0,0,0,0,0,1,0,1,0,0,0,0,0,0
7,0,2022,189000,1,0,0,0,0,0,0,0,0,0,1,0,0,0,0,0,0
7,0,2022,235000,1,0,0,0,0,0,0,0,0,0,1,0,0,0,0,0,0
7,1,2022,782000,0,0,0,0,0,0,0,0,0,1,0,0,1,0,0,0,0
7,1,2022,165000,0,0,0,0,0,0,0,0,0,1,0,0,1,0,0,0,0
7,1,2022,1563000,0,0,1,0,0,0,0,0,0,0,0,0,0,1,0,0,0
7,0,2022,125000,0,0,0,0,0,1,0,0,0,0,0,1,0,0,0,0,0
7,0,2022,18000,0,0,0,0,0,0,0,0,0,1,0,1,0,0,0,0,0
7,0,2022,338000,0,0,0,0,1,0,0,0,0,0,0,0,0,0,0,1,0
7,0,2022,201000,1,0,0,0,0,0,0,0,0,0,0,0,0,0,0,1,0
7,0,2022,154000,0,0,0,0,0,0,0,0,1,0,0,0,0,0,0,1,0
7,0,2022,355000,0,0,0,0,0,0,0,1,0,0,0,0,0,0,0,1,0
7,0,2022,185000,1,0,0,0,0,0,0,0,0,0,0,0,0,0,0,1,0
7,0,2022,7231000,0,0,0,0,0,0,0,0,1,0,0,0,0,0,0,1,0
7,0,2022,28000,0,0,0,0,0,0,0,0,0,1,0,0,0,0,0,0,1
7,0,2022,126000,1,0,0,0,0,0,0,0,0,0,0,0,0,0,0,0,1
7,0,2022,3642000,0,0,0,0,0,0,1,0,0,0,0,0,0,0,1,0,0
7,1,2022,281000,0,0,0,0,0,0,0,0,0,1,0,0,1,0,0,0,0
7,0,2022,15000,0,0,0,0,1,0,0,0,0,0,0,1,0,0,0,0,0
7,0,2022,101000,0,0,0,0,0,0,0,0,0,1,0,1,0,0,0,0,0
7,0,2022,1169000,0,0,0,0,0,0,0,0,1,0,0,1,0,0,0,0,0
7,0,2022,26000,0,0,0,0,1,0,0,0,0,0,0,0,0,0,0,1,0
7,0,2022,709000,0,0,0,0,0,0,0,1,0,0,0,0,0,0,0,1,0
7,0,2022,3231000,0,0,0,0,0,0,0,0,1,0,0,0,0,0,0,1,0
7,0,2022,77000,0,0,0,0,1,0,0,0,0,0,0,0,0,0,0,1,0
7,0,2022,56000,0,0,0,0,0,0,0,0,0,1,0,0,0,0,0,0,1
7,0,2022,39000,0,0,0,0,1,0,0,0,0,0,0,0,0,0,1,0,0
7,0,2022,14000,0,0,0,0,1,0,0,0,0,0,0,0,0,0,1,0,0
7,0,2022,95000,0,0,0,0,0,0,0,1,0,0,0,0,0,0,1,0,0
7,0,2022,4442000,0,0,0,0,0,0,0,0,1,0,1,0,0,0,0,0,0
7,0,2022,144000,0,0,0,0,0,1,0,0,0,0,1,0,0,0,0,0,0
7,0,2022,61000,0,0,0,0,1,0,0,0,0,0,1,0,0,0,0,0,0
7,0,2022,73000,0,0,0,0,0,0,0,1,0,0,1,0,0,0,0,0,0
7,0,2022,10000,0,0,0,0,1,0,0,0,0,0,1,0,0,0,0,0,0
7,1,2022,4755000,0,0,0,0,0,0,0,0,1,0,0,0,1,0,0,0,0
7,1,2022,104000,0,0,0,0,1,0,0,0,0,0,0,0,1,0,0,0,0
7,1,2022,74000,0,0,0,0,1,0,0,0,0,0,0,0,1,0,0,0,0
7,1,2022,396000,0,0,1,0,0,0,0,0,0,0,0,0,0,1,0,0,0
7,1,2022,3495000,0,0,0,0,0,0,0,0,1,0,0,0,0,1,0,0,0
8,0,2022,185000,1,0,0,0,0,0,0,0,0,0,0,1,0,0,0,0,0
8,0,2022,16000,0,0,0,0,0,0,0,0,0,1,0,1,0,0,0,0,0
8,0,2022,125000,0,0,0,0,0,0,0,1,0,0,0,0,0,0,0,1,0
8,0,2022,10500000,0,0,0,0,0,0,0,0,1,0,0,0,0,0,0,1,0
8,0,2022,19000,0,0,0,0,1,0,0,0,0,0,0,0,0,0,0,1,0
8,0,2022,38000,0,0,0,0,0,0,0,0,0,1,0,0,0,0,0,1,0
8,0,2022,70000,0,0,0,0,1,0,0,0,0,0,0,0,0,0,0,0,1
8,0,2022,42000,0,0,0,0,1,0,0,0,0,0,0,0,0,0,0,0,1
8,0,2022,212000,1,0,0,0,0,0,0,0,0,0,0,0,0,0,0,0,1
8,0,2022,4095000,0,0,0,0,0,0,1,0,0,0,0,0,0,0,1,0,0
8,0,2022,78000,0,0,0,0,0,1,0,0,0,0,0,0,0,0,1,0,0
8,0,2022,71000,0,0,0,0,1,0,0,0,0,0,0,0,0,0,1,0,0
8,0,2022,1148000,1,0,0,0,0,0,0,0,0,0,0,0,0,0,1,0,0
8,0,2022,51000,0,0,0,0,1,0,0,0,0,0,1,0,0,0,0,0,0
8,0,2022,77000,1,0,0,0,0,0,0,0,0,0,1,0,0,0,0,0,0
8,0,2022,25000,0,0,0,0,0,0,0,0,0,1,1,0,0,0,0,0,0
8,0,2022,221000,1,0,0,0,0,0,0,0,0,0,1,0,0,0,0,0,0
8,0,2022,133000,0,0,0,1,0,0,0,0,0,0,1,0,0,0,0,0,0
8,0,2022,326000,1,0,0,0,0,0,0,0,0,0,1,0,0,0,0,0,0
8,0,2022,284000,0,0,0,0,0,0,0,0,0,1,1,0,0,0,0,0,0
8,1,2022,177000,0,0,0,1,0,0,0,0,0,0,0,0,1,0,0,0,0
8,1,2022,92000,0,0,0,0,1,0,0,0,0,0,0,0,1,0,0,0,0
8,1,2022,120000,0,0,0,0,1,0,0,0,0,0,0,0,1,0,0,0,0
8,1,2022,73000,0,0,0,0,1,0,0,0,0,0,0,0,1,0,0,0,0
8,1,2022,288000,0,0,0,0,0,1,0,0,0,0,0,0,0,1,0,0,0
8,1,2022,4417000,0,0,0,0,0,0,0,0,1,0,0,0,0,1,0,0,0
8,0,2022,169000,0,0,1,0,0,0,0,0,0,0,0,0,0,0,0,1,0
8,0,2022,16000,0,0,0,0,0,0,0,0,0,1,0,0,0,0,0,1,0
8,0,2022,2387000,0,0,0,0,0,0,0,0,1,0,0,0,0,0,0,0,1
8,0,2022,117000,0,0,0,0,1,0,0,0,0,0,0,0,0,0,0,0,1
8,0,2022,406000,1,0,0,0,0,0,0,0,0,0,0,0,0,0,0,0,1
8,0,2022,1918000,0,0,0,0,0,0,0,0,1,0,0,0,0,0,1,0,0
8,0,2022,98000,0,0,0,0,1,0,0,0,0,0,0,0,0,0,1,0,0
8,0,2022,91000,1,0,0,0,0,0,0,0,0,0,0,0,0,0,1,0,0
8,0,2022,25000,0,0,0,0,1,0,0,0,0,0,0,0,0,0,1,0,0
8,0,2022,353000,1,0,0,0,0,0,0,0,0,0,0,0,0,0,1,0,0
8,0,2022,95000,1,0,0,0,0,0,0,0,0,0,1,0,0,0,0,0,0
8,0,2022,62000,0,0,0,0,0,0,0,0,0,1,1,0,0,0,0,0,0
8,0,2022,41000,0,0,0,0,1,0,0,0,0,0,1,0,0,0,0,0,0
8,0,2022,139000,0,0,0,0,1,0,0,0,0,0,1,0,0,0,0,0,0
8,0,2022,359000,0,0,1,0,0,0,0,0,0,0,1,0,0,0,0,0,0
8,1,2022,166000,0,0,0,0,1,0,0,0,0,0,0,0,1,0,0,0,0
8,1,2022,142000,0,0,0,0,1,0,0,0,0,0,0,0,1,0,0,0,0
8,1,2022,226000,0,0,0,0,0,0,0,1,0,0,0,0,0,1,0,0,0
8,1,2022,389000,0,0,0,0,0,0,0,1,0,0,0,0,0,1,0,0,0
8,1,2022,279000,0,0,0,1,0,0,0,0,0,0,0,0,0,1,0,0,0
8,1,2022,133000,0,0,0,0,1,0,0,0,0,0,0,0,0,1,0,0,0
8,1,2022,98000,0,0,0,0,1,0,0,0,0,0,0,0,0,1,0,0,0
8,0,2022,76000,0,0,0,0,1,0,0,0,0,0,0,1,0,0,0,0,0
8,0,2022,331000,0,0,0,0,0,1,0,0,0,0,0,1,0,0,0,0,0
8,0,2022,881000,0,0,0,0,0,0,1,0,0,0,0,1,0,0,0,0,0
8,0,2022,5304000,0,0,0,0,0,1,0,0,0,0,0,1,0,0,0,0,0
8,0,2022,20000,1,0,0,0,0,0,0,0,0,0,0,1,0,0,0,0,0
8,0,2022,15000,0,0,0,0,1,0,0,0,0,0,0,0,0,0,0,1,0
8,0,2022,156000,1,0,0,0,0,0,0,0,0,0,0,0,0,0,0,0,1
8,0,2022,299000,0,0,0,0,0,0,0,1,0,0,0,0,0,0,0,0,1
8,0,2022,83000,0,0,0,0,1,0,0,0,0,0,0,0,0,0,0,0,1
8,0,2022,3412000,0,0,0,0,0,0,0,0,1,0,0,0,0,0,0,0,1
8,0,2022,99000,0,0,0,0,1,0,0,0,0,0,0,0,0,0,1,0,0
8,0,2022,285000,0,0,0,0,0,0,0,0,0,1,0,0,0,0,1,0,0
8,0,2022,546000,0,0,1,0,0,0,0,0,0,0,1,0,0,0,0,0,0
8,0,2022,2689000,0,0,0,0,0,0,0,0,1,0,1,0,0,0,0,0,0
8,0,2022,119000,0,0,0,0,1,0,0,0,0,0,1,0,0,0,0,0,0
8,0,2022,985000,0,0,0,0,0,0,1,0,0,0,1,0,0,0,0,0,0
8,1,2022,1354000,0,0,0,0,0,0,0,0,1,0,0,0,1,0,0,0,0
8,1,2022,12000,0,0,0,0,1,0,0,0,0,0,0,0,1,0,0,0,0
8,1,2022,71000,0,0,0,0,0,0,0,0,0,1,0,0,0,1,0,0,0
8,0,2022,476000,0,0,0,0,0,0,0,1,0,0,0,0,0,0,0,1,0
8,0,2022,57000,0,0,0,0,1,0,0,0,0,0,0,0,0,0,0,1,0
8,0,2022,42000,0,0,0,0,0,1,0,0,0,0,0,0,0,0,0,0,1
8,0,2022,212000,1,0,0,0,0,0,0,0,0,0,0,0,0,0,0,0,1
8,0,2022,207000,1,0,0,0,0,0,0,0,0,0,0,0,0,0,0,0,1
8,0,2022,222000,0,0,0,0,0,1,0,0,0,0,0,0,0,0,1,0,0
8,0,2022,66000,0,0,0,0,0,0,0,0,1,0,0,0,0,0,1,0,0
8,1,2022,16000,0,0,0,0,0,0,0,0,0,1,0,0,1,0,0,0,0
8,1,2022,205000,0,0,0,0,0,1,0,0,0,0,0,0,1,0,0,0,0
8,1,2022,1603000,0,0,0,0,0,0,0,0,1,0,0,0,1,0,0,0,0
8,1,2022,350000,0,0,0,0,0,1,0,0,0,0,0,0,1,0,0,0,0
8,1,2022,53000,0,0,0,0,0,0,0,0,1,0,0,0,0,1,0,0,0
8,1,2022,791000,0,0,0,0,0,1,0,0,0,0,0,0,0,1,0,0,0
8,1,2022,11000,0,0,0,0,0,0,0,0,0,1,0,0,0,1,0,0,0
8,1,2022,14000,0,0,0,0,1,0,0,0,0,0,0,0,0,1,0,0,0
8,0,2022,2888000,0,0,0,0,0,0,0,0,1,0,0,1,0,0,0,0,0
8,0,2022,1035000,0,0,1,0,0,0,0,0,0,0,0,1,0,0,0,0,0
8,0,2022,4689000,0,0,0,0,0,0,0,0,1,0,0,1,0,0,0,0,0
8,0,2022,1695000,0,0,0,0,0,0,1,0,0,0,0,0,0,0,0,1,0
8,0,2022,274000,0,0,0,0,1,0,0,0,0,0,0,0,0,0,0,1,0
8,0,2022,513000,0,0,0,0,0,1,0,0,0,0,0,0,0,0,0,0,1
8,0,2022,72000,0,0,0,0,0,0,0,0,0,1,0,0,0,0,0,0,1
8,0,2022,423000,0,0,1,0,0,0,0,0,0,0,0,0,0,0,0,0,1
9,0,2022,110000,0,0,0,0,1,0,0,0,0,0,0,0,0,0,1,0,0
9,0,2022,3008000,0,0,0,0,0,0,0,0,1,0,0,0,0,0,1,0,0
9,0,2022,9000,0,0,0,0,1,0,0,0,0,0,1,0,0,0,0,0,0
9,1,2022,93000,0,0,0,0,1,0,0,0,0,0,0,0,1,0,0,0,0
9,1,2022,743000,0,0,0,0,0,0,0,1,0,0,0,0,1,0,0,0,0
9,1,2022,122000,0,0,0,0,0,0,0,0,1,0,0,0,1,0,0,0,0
9,1,2022,38000,0,0,0,0,0,0,0,0,0,1,0,0,1,0,0,0,0
9,1,2022,681000,0,0,1,0,0,0,0,0,0,0,0,0,0,1,0,0,0
9,1,2022,145000,0,0,1,0,0,0,0,0,0,0,0,0,0,1,0,0,0
9,1,2022,394000,0,0,0,0,0,0,0,0,0,1,0,0,0,1,0,0,0
9,1,2022,158000,1,0,0,0,0,0,0,0,0,0,0,0,0,1,0,0,0
9,0,2022,171000,0,0,0,0,0,1,0,0,0,0,0,1,0,0,0,0,0
9,0,2022,77000,0,0,0,0,1,0,0,0,0,0,0,1,0,0,0,0,0
9,0,2022,158000,0,0,0,0,1,0,0,0,0,0,0,1,0,0,0,0,0
9,0,2022,1906000,0,0,0,0,0,0,0,0,1,0,0,1,0,0,0,0,0
9,0,2022,90000,0,0,0,0,1,0,0,0,0,0,0,1,0,0,0,0,0
9,0,2022,81000,0,0,0,0,0,0,0,1,0,0,0,0,0,0,0,1,0
9,0,2022,1356000,0,0,0,0,0,0,0,0,1,0,0,0,0,0,0,1,0
9,0,2022,254000,0,0,0,0,0,0,0,1,0,0,0,0,0,0,0,1,0
9,0,2022,21000,0,0,0,0,1,0,0,0,0,0,0,0,0,0,0,0,1
9,0,2022,238000,1,0,0,0,0,0,0,0,0,0,0,0,0,0,0,0,1
9,0,2022,49000,0,0,0,0,1,0,0,0,0,0,0,0,0,0,0,0,1
9,0,2022,131000,0,0,0,0,0,0,0,0,0,1,0,0,0,0,0,0,1
9,0,2022,6408000,0,0,0,0,0,0,0,0,1,0,0,0,0,0,0,0,1
9,0,2022,150000,0,0,0,0,1,0,0,0,0,0,0,0,0,0,1,0,0
9,0,2022,346000,1,0,0,0,0,0,0,0,0,0,1,0,0,0,0,0,0
9,0,2022,127000,1,0,0,0,0,0,0,0,0,0,1,0,0,0,0,0,0
9,0,2022,1154000,0,0,0,0,0,0,1,0,0,0,1,0,0,0,0,0,0
9,0,2022,97000,0,0,0,1,0,0,0,0,0,0,1,0,0,0,0,0,0
9,1,2022,4781000,0,0,0,0,0,0,0,0,1,0,0,0,1,0,0,0,0
9,1,2022,9110000,0,0,0,0,0,0,0,0,1,0,0,0,1,0,0,0,0
9,1,2022,300000,0,0,0,0,0,1,0,0,0,0,0,0,0,1,0,0,0
9,1,2022,91000,0,0,0,0,1,0,0,0,0,0,0,0,0,1,0,0,0
9,1,2022,196000,0,0,0,1,0,0,0,0,0,0,0,0,0,1,0,0,0
9,1,2022,273000,0,0,0,0,0,0,0,0,0,1,0,0,0,1,0,0,0
9,1,2022,50000,0,0,0,0,0,0,0,1,0,0,0,0,0,1,0,0,0
9,0,2022,20000,0,0,0,0,1,0,0,0,0,0,0,1,0,0,0,0,0
9,0,2022,185000,0,0,1,0,0,0,0,0,0,0,0,1,0,0,0,0,0
9,0,2022,110000,0,0,0,0,0,0,0,0,0,1,0,1,0,0,0,0,0
9,0,2022,250000,0,0,0,0,0,1,0,0,0,0,0,1,0,0,0,0,0
9,0,2022,1496000,0,0,0,0,0,0,0,0,1,0,0,0,0,0,0,1,0
9,0,2022,798000,0,0,0,0,0,0,0,0,0,1,0,0,0,0,0,0,1
9,0,2022,171000,1,0,0,0,0,0,0,0,0,0,0,0,0,0,0,0,1
9,0,2022,146000,1,0,0,0,0,0,0,0,0,0,0,0,0,0,1,0,0
9,0,2022,399000,0,0,1,0,0,0,0,0,0,0,0,0,0,0,1,0,0
9,0,2022,152000,0,0,0,0,0,0,0,1,0,0,1,0,0,0,0,0,0
9,0,2022,159000,1,0,0,0,0,0,0,0,0,0,1,0,0,0,0,0,0
9,1,2022,139000,0,0,0,0,1,0,0,0,0,0,0,0,1,0,0,0,0
9,1,2022,405000,0,0,0,0,0,0,0,1,0,0,0,0,1,0,0,0,0
9,1,2022,2750000,0,0,0,0,0,0,0,0,1,0,0,0,0,1,0,0,0
9,1,2022,342000,0,0,0,0,0,0,0,1,0,0,0,0,0,1,0,0,0
9,0,2022,1666000,0,0,0,0,0,0,1,0,0,0,0,0,0,0,0,1,0
9,0,2022,69000,0,0,0,0,0,0,0,1,0,0,0,0,0,0,0,1,0
9,0,2022,421000,0,0,0,0,0,0,0,0,0,1,0,0,0,0,0,1,0
9,0,2022,331000,0,0,0,1,0,0,0,0,0,0,0,0,0,0,0,0,1
9,0,2022,105000,0,0,0,0,0,0,0,1,0,0,0,0,0,0,0,0,1
9,0,2022,3361000,0,0,0,0,0,0,0,0,1,0,0,0,0,0,0,0,1
9,0,2022,172000,0,0,0,0,0,0,0,1,0,0,0,0,0,0,0,0,1
9,0,2022,1719000,0,0,0,0,0,0,0,0,1,0,0,0,0,0,1,0,0
9,0,2022,6976000,0,0,0,0,0,0,0,0,1,0,0,0,0,0,1,0,0
9,0,2022,185000,0,0,0,0,0,0,0,0,0,1,0,0,0,0,1,0,0
9,0,2022,316000,0,0,0,0,0,0,0,0,0,1,0,0,0,0,1,0,0
9,0,2022,242000,0,0,1,0,0,0,0,0,0,0,0,0,0,0,1,0,0
9,0,2022,577000,0,0,0,0,0,0,0,1,0,0,0,0,0,0,1,0,0
9,0,2022,1681000,0,0,0,0,0,0,0,0,1,0,1,0,0,0,0,0,0
9,0,2022,121000,0,0,0,0,1,0,0,0,0,0,1,0,0,0,0,0,0
9,0,2022,259000,1,0,0,0,0,0,0,0,0,0,1,0,0,0,0,0,0
9,0,2022,16000,0,0,0,0,0,0,0,0,0,1,1,0,0,0,0,0,0
9,0,2022,3676000,0,0,0,0,0,0,0,0,1,0,1,0,0,0,0,0,0
9,1,2022,250000,0,0,1,0,0,0,0,0,0,0,0,0,1,0,0,0,0
9,1,2022,71000,0,0,0,0,0,0,0,1,0,0,0,0,1,0,0,0,0
9,1,2022,281000,0,0,0,0,0,0,0,1,0,0,0,0,1,0,0,0,0
9,1,2022,189000,1,0,0,0,0,0,0,0,0,0,0,0,1,0,0,0,0
9,1,2022,157000,1,0,0,0,0,0,0,0,0,0,0,0,0,1,0,0,0
9,1,2022,250000,0,0,0,0,0,0,0,1,0,0,0,0,0,1,0,0,0
9,0,2022,152000,0,0,0,0,1,0,0,0,0,0,0,1,0,0,0,0,0
9,0,2022,9000,0,0,0,0,0,0,0,0,0,1,0,1,0,0,0,0,0
9,0,2022,73000,0,0,0,0,1,0,0,0,0,0,0,1,0,0,0,0,0
9,0,2022,313000,0,0,1,0,0,0,0,0,0,0,0,1,0,0,0,0,0
9,0,2022,484000,0,0,0,0,0,1,0,0,0,0,0,0,0,0,0,1,0
9,0,2022,43000,0,0,0,0,1,0,0,0,0,0,0,0,0,0,0,1,0
9,0,2022,756000,0,0,0,0,0,0,1,0,0,0,0,0,0,0,0,1,0
9,0,2022,35000,0,0,0,0,1,0,0,0,0,0,0,0,0,0,0,1,0
9,0,2022,86000,1,0,0,0,0,0,0,0,0,0,0,0,0,0,0,0,1
9,0,2022,396000,0,0,0,0,0,0,0,1,0,0,0,0,0,0,0,0,1
9,0,2022,144000,1,0,0,0,0,0,0,0,0,0,0,0,0,0,0,0,1
9,0,2022,927000,0,0,0,0,0,0,0,0,0,1,0,0,0,0,1,0,0
9,0,2022,196000,0,0,0,0,0,1,0,0,0,0,0,0,0,0,1,0,0
9,0,2022,34000,0,0,0,0,1,0,0,0,0,0,0,0,0,0,1,0,0
9,0,2022,2563000,0,0,0,0,0,0,0,0,1,0,1,0,0,0,0,0,0
10,1,2022,2432000,0,0,0,0,0,0,1,0,0,0,0,0,1,0,0,0,0
10,1,2022,130000,0,0,0,0,1,0,0,0,0,0,0,0,1,0,0,0,0
10,1,2022,104000,0,0,0,0,1,0,0,0,0,0,0,0,1,0,0,0,0
10,1,2022,189000,1,0,0,0,0,0,0,0,0,0,0,0,1,0,0,0,0
10,1,2022,45000,0,0,0,0,0,0,0,1,0,0,0,0,1,0,0,0,0
10,1,2022,378000,0,0,0,0,1,0,0,0,0,0,0,0,1,0,0,0,0
10,1,2022,181000,1,0,0,0,0,0,0,0,0,0,0,0,0,1,0,0,0
10,1,2022,60000,0,0,0,0,1,0,0,0,0,0,0,0,0,1,0,0,0
10,0,2022,150000,0,0,0,0,1,0,0,0,0,0,0,1,0,0,0,0,0
10,0,2022,1756000,0,0,0,0,0,0,1,0,0,0,0,1,0,0,0,0,0
10,0,2022,279000,0,0,0,0,0,0,0,0,0,1,0,1,0,0,0,0,0
10,0,2022,19000,0,0,0,0,1,0,0,0,0,0,0,1,0,0,0,0,0
10,0,2022,383000,0,0,0,0,0,0,0,0,0,1,0,0,0,0,0,1,0
10,0,2022,136000,0,0,0,0,1,0,0,0,0,0,0,0,0,0,0,1,0
10,0,2022,161000,1,0,0,0,0,0,0,0,0,0,0,0,0,0,0,1,0
10,0,2022,36000,0,0,0,0,0,0,0,0,0,1,0,0,0,0,0,1,0
10,0,2022,4065000,0,0,0,0,0,0,0,0,1,0,0,0,0,0,0,1,0
10,0,2022,488000,0,0,0,0,0,0,0,0,0,1,0,0,0,0,0,0,1
10,0,2022,9720000,0,0,0,0,0,1,0,0,0,0,0,0,0,0,0,0,1
10,0,2022,450000,0,0,0,0,0,0,0,1,0,0,0,0,0,0,0,0,1
10,0,2022,245000,0,0,0,0,0,1,0,0,0,0,0,0,0,0,0,0,1
10,0,2022,265000,0,0,0,1,0,0,0,0,0,0,0,0,0,0,1,0,0
10,0,2022,150000,0,0,1,0,0,0,0,0,0,0,0,0,0,0,1,0,0
10,0,2022,78000,0,0,0,0,0,0,0,0,1,0,1,0,0,0,0,0,0
10,0,2022,82000,0,0,0,0,0,0,0,0,1,0,1,0,0,0,0,0,0
10,0,2022,1524000,0,0,0,0,0,0,0,0,1,0,1,0,0,0,0,0,0
10,0,2022,365000,0,0,0,0,0,1,0,0,0,0,1,0,0,0,0,0,0
10,0,2022,2808000,0,0,0,0,0,0,0,0,1,0,1,0,0,0,0,0,0
10,1,2022,661000,0,0,0,0,0,1,0,0,0,0,0,0,1,0,0,0,0
10,1,2022,120000,0,0,0,0,0,0,0,0,0,1,0,0,1,0,0,0,0
10,1,2022,109000,0,0,0,1,0,0,0,0,0,0,0,0,1,0,0,0,0
10,1,2022,12000,0,0,0,0,0,0,0,0,0,1,0,0,1,0,0,0,0
10,0,2022,1592000,0,0,0,0,0,0,0,0,1,0,0,1,0,0,0,0,0
10,0,2022,119000,0,0,0,0,1,0,0,0,0,0,0,0,0,0,0,1,0
10,0,2022,1094000,0,0,0,0,0,1,0,0,0,0,0,0,0,0,0,1,0
10,0,2022,138000,0,0,0,0,0,0,0,1,0,0,0,0,0,0,0,1,0
10,0,2022,242000,0,0,0,0,0,0,0,1,0,0,0,0,0,0,0,0,1
10,0,2022,226000,0,0,0,0,0,0,0,0,0,1,0,0,0,0,0,0,1
10,0,2022,80000,0,0,0,0,0,0,0,0,0,1,0,0,0,0,1,0,0
10,0,2022,82000,0,0,0,0,0,0,0,0,1,0,0,0,0,0,1,0,0
10,0,2022,2586000,0,0,0,0,0,0,0,0,1,0,0,0,0,0,1,0,0
10,0,2022,116000,1,0,0,0,0,0,0,0,0,0,0,0,0,0,1,0,0
10,0,2022,138000,0,0,0,0,1,0,0,0,0,0,0,0,0,0,1,0,0
10,0,2022,210000,0,0,0,0,0,0,0,0,0,1,0,0,0,0,1,0,0
10,0,2022,7766000,0,0,0,0,0,0,0,0,1,0,0,0,0,0,1,0,0
10,0,2022,388000,0,0,0,0,0,0,0,1,0,0,1,0,0,0,0,0,0
10,0,2022,2593000,0,0,0,0,0,0,0,0,1,0,1,0,0,0,0,0,0
10,0,2022,10000,0,0,0,0,0,0,0,0,0,1,1,0,0,0,0,0,0
10,0,2022,6794000,0,0,0,0,0,0,0,0,1,0,1,0,0,0,0,0,0
10,0,2022,47000,1,0,0,0,0,0,0,0,0,0,1,0,0,0,0,0,0
10,0,2022,4200000,0,0,0,0,0,0,0,0,1,0,1,0,0,0,0,0,0
10,1,2022,12000,0,0,0,0,1,0,0,0,0,0,0,0,1,0,0,0,0
10,1,2022,62000,0,0,0,0,1,0,0,0,0,0,0,0,1,0,0,0,0
10,1,2022,172000,0,0,0,0,0,0,0,0,0,1,0,0,1,0,0,0,0
10,1,2022,11000,0,0,0,0,0,0,0,0,0,1,0,0,1,0,0,0,0
10,1,2022,50000,0,0,0,0,1,0,0,0,0,0,0,0,0,1,0,0,0
10,0,2022,1890000,0,0,0,0,0,1,0,0,0,0,0,1,0,0,0,0,0
10,0,2022,150000,0,0,0,0,1,0,0,0,0,0,0,1,0,0,0,0,0
10,0,2022,16000,0,0,0,0,0,0,0,0,0,1,0,1,0,0,0,0,0
10,0,2022,429000,0,0,0,0,0,0,0,1,0,0,0,0,0,0,0,1,0
10,0,2022,49000,0,0,0,0,1,0,0,0,0,0,0,0,0,0,0,1,0
10,0,2022,54000,0,0,0,0,0,0,0,0,1,0,0,0,0,0,0,0,1
10,0,2022,525000,0,0,0,0,0,0,0,1,0,0,0,0,0,0,0,0,1
10,0,2022,116000,0,0,0,0,1,0,0,0,0,0,0,0,0,0,1,0,0
10,0,2022,124000,0,0,0,0,1,0,0,0,0,0,0,0,0,0,1,0,0
10,0,2022,92000,0,0,0,0,1,0,0,0,0,0,0,0,0,0,1,0,0
10,0,2022,24000,0,0,0,0,1,0,0,0,0,0,1,0,0,0,0,0,0
10,0,2022,90000,1,0,0,0,0,0,0,0,0,0,1,0,0,0,0,0,0
10,1,2022,1785000,0,0,0,0,0,0,0,0,1,0,0,0,1,0,0,0,0
10,1,2022,327000,0,0,1,0,0,0,0,0,0,0,0,0,1,0,0,0,0
10,1,2022,140000,0,0,0,0,0,0,0,0,0,1,0,0,1,0,0,0,0
10,1,2022,45000,0,0,0,0,0,0,0,1,0,0,0,0,0,1,0,0,0
10,1,2022,220000,0,0,0,0,0,0,0,0,0,1,0,0,0,1,0,0,0
10,1,2022,14000,0,0,0,0,0,0,0,0,0,1,0,0,0,1,0,0,0
10,1,2022,377000,1,0,0,0,0,0,0,0,0,0,0,0,0,1,0,0,0
10,0,2022,18000,0,0,0,0,0,0,0,0,0,1,0,1,0,0,0,0,0
10,0,2022,232000,0,0,0,0,0,1,0,0,0,0,0,0,0,0,0,1,0
10,0,2022,61000,0,0,0,0,0,0,0,0,1,0,0,0,0,0,0,1,0
10,0,2022,858000,0,0,0,0,0,0,0,0,1,0,0,0,0,0,0,1,0
10,0,2022,50000,0,0,0,0,1,0,0,0,0,0,0,0,0,0,0,1,0
10,0,2022,82000,0,0,0,0,1,0,0,0,0,0,0,0,0,0,0,0,1
10,0,2022,1199000,0,0,0,0,0,1,0,0,0,0,0,0,0,0,0,0,1
10,0,2022,54000,0,0,0,0,0,0,0,0,0,1,0,0,0,0,1,0,0
10,0,2022,93000,0,0,0,0,1,0,0,0,0,0,0,0,0,0,1,0,0
10,0,2022,275000,0,0,0,0,0,0,0,1,0,0,0,0,0,0,1,0,0
10,0,2022,599000,0,0,0,0,0,1,0,0,0,0,0,0,0,0,1,0,0
10,0,2022,2000000,0,0,0,0,0,0,1,0,0,0,1,0,0,0,0,0,0
10,0,2022,376000,0,0,0,0,0,1,0,0,0,0,1,0,0,0,0,0,0
10,1,2022,151000,1,0,0,0,0,0,0,0,0,0,0,0,1,0,0,0,0
10,1,2022,70000,0,0,0,0,0,1,0,0,0,0,0,0,1,0,0,0,0
10,1,2022,355000,0,0,1,0,0,0,0,0,0,0,0,0,1,0,0,0,0
10,1,2022,630000,0,0,1,0,0,0,0,0,0,0,0,0,0,1,0,0,0
10,1,2022,69000,0,0,0,0,1,0,0,0,0,0,0,0,0,1,0,0,0
10,0,2022,27000,0,0,0,0,0,0,0,0,0,1,0,1,0,0,0,0,0
10,0,2022,50000,0,0,0,0,0,0,0,1,0,0,0,1,0,0,0,0,0
10,0,2022,74000,0,0,0,0,1,0,0,0,0,0,0,1,0,0,0,0,0
11,0,2022,140000,0,0,0,0,1,0,0,0,0,0,0,0,0,0,0,1,0
11,0,2022,17000,0,0,0,0,1,0,0,0,0,0,0,0,0,0,0,1,0
11,0,2022,5383000,0,0,0,0,0,0,0,0,1,0,0,0,0,0,0,0,1
11,0,2022,169000,0,0,0,0,1,0,0,0,0,0,0,0,0,0,0,0,1
11,0,2022,337000,0,0,0,0,0,0,0,1,0,0,0,0,0,0,0,0,1
11,0,2022,206000,0,0,0,0,0,0,0,0,0,1,0,0,0,0,0,0,1
11,0,2022,51000,0,0,0,0,1,0,0,0,0,0,0,0,0,0,0,0,1
11,0,2022,32000,0,0,0,0,1,0,0,0,0,0,0,0,0,0,1,0,0
11,0,2022,871000,0,0,0,0,0,0,0,0,1,0,0,0,0,0,1,0,0
11,0,2022,53000,0,0,0,0,0,0,0,0,0,1,0,0,0,0,1,0,0
11,0,2022,30000,0,0,0,0,0,0,0,0,0,1,0,0,0,0,1,0,0
11,1,2022,74000,0,0,0,0,1,0,0,0,0,0,0,0,1,0,0,0,0
11,1,2022,6825000,0,0,0,0,0,0,0,0,1,0,0,0,1,0,0,0,0
11,1,2022,80000,0,0,0,0,0,0,0,1,0,0,0,0,1,0,0,0,0
11,1,2022,143000,0,0,0,0,0,0,0,0,0,1,0,0,1,0,0,0,0
11,1,2022,106000,0,0,0,0,0,0,0,0,0,1,0,0,1,0,0,0,0
11,1,2022,150000,1,0,0,0,0,0,0,0,0,0,0,0,0,1,0,0,0
11,1,2022,1406000,0,0,0,0,0,0,0,0,1,0,0,0,0,1,0,0,0
11,1,2022,1484000,0,0,0,0,0,0,1,0,0,0,0,0,0,1,0,0,0
11,1,2022,215000,0,0,0,0,0,1,0,0,0,0,0,0,0,1,0,0,0
11,1,2022,6096000,0,0,0,0,0,0,0,0,1,0,0,0,0,1,0,0,0
11,1,2022,2339000,0,0,0,0,0,0,0,0,1,0,0,0,0,1,0,0,0
11,0,2022,2494000,0,0,0,0,0,0,0,0,1,0,0,1,0,0,0,0,0
11,0,2022,4092000,0,0,0,0,0,0,0,0,1,0,0,1,0,0,0,0,0
11,0,2022,141000,0,0,0,0,0,0,0,0,0,1,0,0,0,0,0,1,0
11,0,2022,86000,1,0,0,0,0,0,0,0,0,0,0,0,0,0,0,1,0
11,0,2022,352000,0,0,0,0,0,0,0,1,0,0,0,0,0,0,0,1,0
11,0,2022,71000,0,0,0,0,1,0,0,0,0,0,0,0,0,0,0,1,0
11,0,2022,394000,0,0,0,0,0,0,0,1,0,0,0,0,0,0,0,0,1
11,0,2022,331000,0,0,1,0,0,0,0,0,0,0,0,0,0,0,1,0,0
11,0,2022,34000,0,0,0,0,0,0,0,0,0,1,1,0,0,0,0,0,0
11,1,2022,322000,0,0,0,0,0,0,0,0,0,1,0,0,1,0,0,0,0
11,1,2022,13000,0,0,0,0,1,0,0,0,0,0,0,0,0,1,0,0,0
11,1,2022,829000,0,0,0,0,0,1,0,0,0,0,0,0,0,1,0,0,0
11,1,2022,57000,0,0,0,0,1,0,0,0,0,0,0,0,0,1,0,0,0
11,0,2022,3598000,0,0,0,0,0,0,0,0,1,0,0,1,0,0,0,0,0
11,0,2022,437000,0,0,0,0,0,0,0,1,0,0,0,1,0,0,0,0,0
11,0,2022,963000,0,0,0,0,0,0,1,0,0,0,0,1,0,0,0,0,0
11,0,2022,3462000,0,0,0,0,0,0,0,0,1,0,0,1,0,0,0,0,0
11,0,2022,27000,0,0,0,0,1,0,0,0,0,0,0,1,0,0,0,0,0
11,0,2022,2133000,0,0,0,0,0,0,1,0,0,0,0,0,0,0,0,1,0
11,0,2022,118000,0,0,0,0,1,0,0,0,0,0,0,0,0,0,0,1,0
11,0,2022,1743000,0,0,0,0,0,0,0,0,1,0,0,0,0,0,0,1,0
11,0,2022,123000,0,0,0,0,0,0,0,0,0,1,0,0,0,0,0,1,0
11,0,2022,297000,0,0,0,0,0,0,0,1,0,0,0,0,0,0,1,0,0
11,0,2022,566000,0,0,0,0,0,0,1,0,0,0,0,0,0,0,1,0,0
11,0,2022,197000,0,0,0,0,0,1,0,0,0,0,0,0,0,0,1,0,0
11,0,2022,608000,1,0,0,0,0,0,0,0,0,0,0,0,0,0,1,0,0
11,0,2022,337000,0,0,0,0,0,1,0,0,0,0,1,0,0,0,0,0,0
11,0,2022,189000,0,0,0,0,0,0,0,0,0,1,1,0,0,0,0,0,0
11,0,2022,9240000,0,0,0,0,0,0,0,0,1,0,1,0,0,0,0,0,0
11,1,2022,326000,0,0,0,0,0,0,0,1,0,0,0,0,1,0,0,0,0
11,1,2022,2092000,0,0,0,0,0,0,0,0,1,0,0,0,1,0,0,0,0
11,1,2022,254000,0,0,0,0,0,0,0,0,0,1,0,0,1,0,0,0,0
11,1,2022,66000,0,0,0,0,1,0,0,0,0,0,0,0,1,0,0,0,0
11,1,2022,42000,0,0,0,0,1,0,0,0,0,0,0,0,0,1,0,0,0
11,1,2022,111000,1,0,0,0,0,0,0,0,0,0,0,0,0,1,0,0,0
11,1,2022,60000,0,0,0,0,1,0,0,0,0,0,0,0,0,1,0,0,0
11,1,2022,8676000,0,0,0,0,0,0,0,0,1,0,0,0,0,1,0,0,0
11,0,2022,20000,0,0,0,0,0,0,0,0,0,1,0,1,0,0,0,0,0
11,0,2022,127000,0,0,0,0,0,0,0,0,0,1,0,1,0,0,0,0,0
11,0,2022,1715000,0,0,0,0,0,0,0,0,1,0,0,0,0,0,0,1,0
11,0,2022,49000,1,0,0,0,0,0,0,0,0,0,0,0,0,0,0,1,0
11,0,2022,204000,0,0,0,0,0,0,0,1,0,0,0,0,0,0,0,1,0
11,0,2022,306000,0,0,0,1,0,0,0,0,0,0,0,0,0,0,0,1,0
11,0,2022,138000,0,0,0,0,1,0,0,0,0,0,0,0,0,0,0,0,1
11,0,2022,79000,0,0,0,0,1,0,0,0,0,0,0,0,0,0,1,0,0
11,0,2022,270000,0,0,0,0,0,0,0,1,0,0,0,0,0,0,1,0,0
11,0,2022,446000,0,0,0,0,0,1,0,0,0,0,1,0,0,0,0,0,0
11,0,2022,155000,0,0,0,0,0,0,0,0,1,0,1,0,0,0,0,0,0
11,1,2022,4346000,0,0,0,0,0,0,0,0,1,0,0,0,1,0,0,0,0
11,1,2022,87000,0,0,0,0,0,0,0,1,0,0,0,0,1,0,0,0,0
11,1,2022,72000,0,0,0,0,1,0,0,0,0,0,0,0,1,0,0,0,0
11,1,2022,242000,0,0,0,0,0,0,0,1,0,0,0,0,0,1,0,0,0
11,1,2022,126000,0,0,0,0,0,0,0,0,1,0,0,0,0,1,0,0,0
11,1,2022,28000,0,0,0,0,0,0,0,1,0,0,0,0,0,1,0,0,0
11,0,2022,60000,0,0,0,0,1,0,0,0,0,0,0,1,0,0,0,0,0
11,0,2022,77000,0,0,0,0,0,0,0,0,0,1,0,1,0,0,0,0,0
11,0,2022,433000,0,0,0,0,0,1,0,0,0,0,0,0,0,0,0,1,0
11,0,2022,1155000,1,0,0,0,0,0,0,0,0,0,0,0,0,0,0,1,0
11,0,2022,3780000,0,0,0,0,0,0,0,0,1,0,0,0,0,0,0,1,0
12,0,2022,419000,0,0,0,0,0,0,0,1,0,0,0,0,0,0,1,0,0
12,0,2022,5667000,0,0,0,0,0,0,0,0,1,0,0,0,0,0,1,0,0
12,0,2022,101000,0,0,0,0,1,0,0,0,0,0,0,0,0,0,1,0,0
12,0,2022,390000,0,0,1,0,0,0,0,0,0,0,0,0,0,0,1,0,0
12,0,2022,174000,1,0,0,0,0,0,0,0,0,0,0,0,0,0,1,0,0
12,0,2022,79000,0,0,0,0,0,0,0,0,0,1,1,0,0,0,0,0,0
12,0,2022,2191000,0,0,0,0,0,0,0,0,1,0,1,0,0,0,0,0,0
12,0,2022,7000,0,0,0,0,0,0,0,0,0,1,1,0,0,0,0,0,0
12,1,2022,269000,0,0,0,0,0,0,0,1,0,0,0,0,1,0,0,0,0
12,1,2022,5622000,0,0,0,0,0,0,0,0,1,0,0,0,1,0,0,0,0
12,1,2022,114000,0,0,0,0,1,0,0,0,0,0,0,0,0,1,0,0,0
12,1,2022,924000,0,0,0,0,0,0,0,0,0,1,0,0,0,1,0,0,0
12,0,2022,298000,1,0,0,0,0,0,0,0,0,0,0,1,0,0,0,0,0
12,0,2022,138000,0,0,0,0,0,0,0,0,0,1,0,1,0,0,0,0,0
12,0,2022,3313000,0,0,0,0,0,0,1,0,0,0,0,0,0,0,0,1,0
12,0,2022,196000,1,0,0,0,0,0,0,0,0,0,0,0,0,0,0,1,0
12,0,2022,369000,0,0,0,0,0,1,0,0,0,0,0,0,0,0,0,1,0
12,0,2022,110000,0,0,0,0,1,0,0,0,0,0,0,0,0,0,0,1,0
12,0,2022,46000,0,0,0,0,0,0,0,0,1,0,0,0,0,0,0,0,1
12,0,2022,27000,0,0,0,0,0,0,0,0,0,1,0,0,0,0,0,0,1
12,0,2022,925000,0,0,0,0,0,0,0,0,0,1,0,0,0,0,0,0,1
12,0,2022,532000,0,0,0,0,0,0,0,0,0,1,0,0,0,0,0,0,1
12,0,2022,1666000,0,0,1,0,0,0,0,0,0,0,0,0,0,0,1,0,0
12,0,2022,5794000,0,0,0,0,0,0,0,0,1,0,1,0,0,0,0,0,0
12,0,2022,130000,0,0,0,0,0,0,0,1,0,0,1,0,0,0,0,0,0
12,0,2022,80000,0,0,0,0,0,0,0,0,0,1,1,0,0,0,0,0,0
12,0,2022,14000,0,0,0,0,1,0,0,0,0,0,1,0,0,0,0,0,0
12,0,2022,20000,0,0,0,0,1,0,0,0,0,0,1,0,0,0,0,0,0
12,0,2022,427000,0,0,0,0,0,0,0,0,0,1,1,0,0,0,0,0,0
12,1,2022,2310000,0,0,0,0,0,0,0,0,1,0,0,0,1,0,0,0,0
12,1,2022,2920000,0,0,0,0,0,0,0,0,1,0,0,0,1,0,0,0,0
12,1,2022,8400000,0,0,0,0,0,0,0,0,1,0,0,0,0,1,0,0,0
12,1,2022,299000,0,0,0,0,0,1,0,0,0,0,0,0,0,1,0,0,0
12,0,2022,140000,1,0,0,0,0,0,0,0,0,0,0,1,0,0,0,0,0
12,0,2022,1264000,0,0,0,0,0,0,0,0,1,0,0,1,0,0,0,0,0
12,0,2022,247000,0,0,0,0,0,0,0,1,0,0,0,0,0,0,0,1,0
12,0,2022,312000,1,0,0,0,0,0,0,0,0,0,0,0,0,0,0,1,0
12,0,2022,2917000,0,0,0,0,0,0,0,0,1,0,0,0,0,0,0,1,0
12,0,2022,39000,0,0,0,0,1,0,0,0,0,0,0,0,0,0,0,0,1
12,0,2022,95000,0,0,0,0,1,0,0,0,0,0,0,0,0,0,0,0,1
12,0,2022,8000,0,0,0,0,1,0,0,0,0,0,0,0,0,0,0,0,1
12,0,2022,71000,0,0,0,0,1,0,0,0,0,0,0,0,0,0,0,0,1
12,0,2022,34000,0,0,0,0,0,0,0,0,0,1,0,0,0,0,0,0,1
12,0,2022,31000,0,0,0,0,0,0,0,0,0,1,0,0,0,0,1,0,0
12,0,2022,1080000,0,0,1,0,0,0,0,0,0,0,0,0,0,0,1,0,0
12,0,2022,284000,0,0,0,0,0,0,0,1,0,0,0,0,0,0,1,0,0
12,0,2022,416000,0,0,1,0,0,0,0,0,0,0,1,0,0,0,0,0,0
12,1,2022,128000,0,0,0,0,0,0,0,0,0,1,0,0,1,0,0,0,0
12,1,2022,103000,1,0,0,0,0,0,0,0,0,0,0,0,1,0,0,0,0
12,1,2022,28000,0,0,0,0,1,0,0,0,0,0,0,0,1,0,0,0,0
12,1,2022,27000,0,0,0,0,0,0,0,1,0,0,0,0,1,0,0,0,0
12,1,2022,168000,0,0,0,0,0,1,0,0,0,0,0,0,0,1,0,0,0
12,1,2022,32000,0,0,0,0,1,0,0,0,0,0,0,0,0,1,0,0,0
12,1,2022,2494000,0,0,0,0,0,0,0,0,1,0,0,0,0,1,0,0,0
12,1,2022,26000,0,0,0,0,1,0,0,0,0,0,0,0,0,1,0,0,0
12,1,2022,353000,1,0,0,0,0,0,0,0,0,0,0,0,0,1,0,0,0
12,0,2022,27000,0,0,0,0,0,0,0,0,0,1,0,1,0,0,0,0,0
12,0,2022,3956000,0,0,0,0,0,0,1,0,0,0,0,1,0,0,0,0,0
12,0,2022,100000,0,0,0,0,0,0,0,0,1,0,0,1,0,0,0,0,0
12,0,2022,123000,0,0,0,0,0,0,0,0,0,1,0,0,0,0,0,1,0
12,0,2022,80000,1,0,0,0,0,0,0,0,0,0,0,0,0,0,0,1,0
12,0,2022,158000,0,0,0,0,0,0,0,1,0,0,0,0,0,0,0,0,1
12,0,2022,698000,1,0,0,0,0,0,0,0,0,0,0,0,0,0,0,0,1
12,0,2022,1102000,0,0,0,0,0,0,0,1,0,0,0,0,0,0,0,0,1
12,0,2022,277000,0,0,0,0,0,0,0,0,0,1,0,0,0,0,1,0,0
12,0,2022,528000,1,0,0,0,0,0,0,0,0,0,0,0,0,0,1,0,0
12,0,2022,558000,0,0,0,0,0,0,0,1,0,0,0,0,0,0,1,0,0
12,0,2022,7005000,0,0,0,0,0,0,0,0,1,0,1,0,0,0,0,0,0
12,0,2022,113000,0,0,0,0,0,0,0,0,1,0,1,0,0,0,0,0,0
12,0,2022,2362000,0,0,0,0,0,0,0,0,1,0,1,0,0,0,0,0,0
12,0,2022,13000,0,0,0,0,0,0,0,0,0,1,1,0,0,0,0,0,0
12,1,2022,384000,0,0,0,0,0,0,0,1,0,0,0,0,1,0,0,0,0
12,1,2022,1740000,0,0,0,0,0,0,0,0,1,0,0,0,1,0,0,0,0
12,1,2022,172000,0,0,0,0,0,0,0,0,0,1,0,0,1,0,0,0,0
12,1,2022,156000,0,0,0,1,0,0,0,0,0,0,0,0,1,0,0,0,0
12,1,2022,872000,1,0,0,0,0,0,0,0,0,0,0,0,0,1,0,0,0
12,1,2022,155000,1,0,0,0,0,0,0,0,0,0,0,0,0,1,0,0,0
12,1,2022,125000,0,0,0,0,1,0,0,0,0,0,0,0,0,1,0,0,0
12,1,2022,80000,0,0,0,0,1,0,0,0,0,0,0,0,0,1,0,0,0
12,1,2022,129000,1,0,0,0,0,0,0,0,0,0,0,0,0,1,0,0,0
12,0,2022,59000,0,0,0,0,1,0,0,0,0,0,0,1,0,0,0,0,0
12,0,2022,105000,1,0,0,0,0,0,0,0,0,0,0,1,0,0,0,0,0
12,0,2022,1372000,0,0,0,0,0,0,0,0,1,0,0,0,0,0,0,1,0
12,0,2022,232000,1,0,0,0,0,0,0,0,0,0,0,0,0,0,0,1,0
12,0,2022,682000,0,0,0,0,0,0,0,1,0,0,0,0,0,0,0,0,1
12,0,2022,216000,0,0,0,0,0,0,0,1,0,0,0,0,0,0,1,0,0
12,0,2022,58000,0,0,0,0,1,0,0,0,0,0,0,0,0,0,1,0,0
12,0,2022,217000,1,0,0,0,0,0,0,0,0,0,0,0,0,0,1,0,0
12,0,2022,165000,0,0,0,0,1,0,0,0,0,0,1,0,0,0,0,0,0
12,0,2022,153000,1,0,0,0,0,0,0,0,0,0,1,0,0,0,0,0,0
12,1,2022,143000,0,0,0,0,0,0,0,1,0,0,0,0,1,0,0,0,0
12,1,2022,472000,0,0,1,0,0,0,0,0,0,0,0,0,1,0,0,0,0
12,1,2022,20000,0,0,0,0,1,0,0,0,0,0,0,0,1,0,0,0,0
1,1,2023,115000,0,0,0,0,0,0,0,0,1,0,0,0,0,1,0,0,0
1,1,2023,575000,0,0,0,0,0,0,0,0,1,0,0,0,0,1,0,0,0
1,1,2023,100000,0,0,0,0,1,0,0,0,0,0,0,0,0,1,0,0,0
1,1,2023,129000,0,0,0,0,0,0,0,0,0,1,0,0,0,1,0,0,0
1,0,2023,315000,1,0,0,0,0,0,0,0,0,0,0,1,0,0,0,0,0
1,0,2023,1525000,0,0,0,0,0,0,1,0,0,0,0,1,0,0,0,0,0
1,0,2023,142000,0,0,0,0,0,0,0,0,0,1,0,1,0,0,0,0,0
1,0,2023,182000,0,0,0,0,1,0,0,0,0,0,0,0,0,0,0,1,0
1,0,2023,318000,1,0,0,0,0,0,0,0,0,0,0,0,0,0,0,1,0
1,0,2023,101000,1,0,0,0,0,0,0,0,0,0,0,0,0,0,0,1,0
1,0,2023,154000,0,0,0,0,0,0,0,0,0,1,0,0,0,0,0,1,0
1,0,2023,426000,1,0,0,0,0,0,0,0,0,0,0,0,0,0,0,1,0
1,0,2023,91000,0,0,0,0,1,0,0,0,0,0,0,0,0,0,0,1,0
1,0,2023,114000,0,0,0,0,0,0,0,0,0,1,0,0,0,0,1,0,0
1,0,2023,169000,0,0,0,0,0,0,0,1,0,0,0,0,0,0,1,0,0
1,0,2023,859000,0,0,1,0,0,0,0,0,0,0,0,0,0,0,1,0,0
1,0,2023,178000,1,0,0,0,0,0,0,0,0,0,0,0,0,0,1,0,0
1,0,2023,26000,0,0,0,0,0,0,0,0,0,1,0,0,0,0,1,0,0
1,0,2023,63000,1,0,0,0,0,0,0,0,0,0,1,0,0,0,0,0,0
1,0,2023,8800000,0,0,0,0,0,0,0,0,1,0,1,0,0,0,0,0,0
1,0,2023,112000,0,0,0,0,0,0,0,0,1,0,1,0,0,0,0,0,0
1,1,2023,173000,0,0,0,0,1,0,0,0,0,0,0,0,1,0,0,0,0
1,1,2023,2106000,0,0,0,0,0,0,0,0,1,0,0,0,0,1,0,0,0
1,1,2023,97000,0,0,0,0,1,0,0,0,0,0,0,0,0,1,0,0,0
1,0,2023,184000,1,0,0,0,0,0,0,0,0,0,0,1,0,0,0,0,0
1,0,2023,26000,0,0,0,0,1,0,0,0,0,0,0,0,0,0,0,1,0
1,0,2023,59000,0,0,0,0,1,0,0,0,0,0,0,0,0,0,0,1,0
1,0,2023,279000,0,0,1,0,0,0,0,0,0,0,0,0,0,0,0,0,1
1,0,2023,99000,0,0,0,0,0,0,0,0,0,1,0,0,0,0,0,0,1
1,0,2023,2977000,0,0,0,0,0,0,0,0,1,0,0,0,0,0,0,0,1
1,0,2023,91000,0,0,0,0,1,0,0,0,0,0,0,0,0,0,1,0,0
1,0,2023,39000,1,0,0,0,0,0,0,0,0,0,0,0,0,0,1,0,0
1,0,2023,310000,0,0,0,0,0,0,0,1,0,0,0,0,0,0,1,0,0
1,0,2023,42000,0,0,0,0,0,0,0,0,0,1,0,0,0,0,1,0,0
1,0,2023,269000,1,0,0,0,0,0,0,0,0,0,0,0,0,0,1,0,0
1,0,2023,50000,0,0,0,0,0,0,0,0,1,0,0,0,0,0,1,0,0
1,1,2023,86000,0,0,0,0,1,0,0,0,0,0,0,0,1,0,0,0,0
1,1,2023,3840000,0,0,0,0,0,0,0,0,1,0,0,0,1,0,0,0,0
1,1,2023,723000,0,0,1,0,0,0,0,0,0,0,0,0,1,0,0,0,0
1,1,2023,140000,0,0,0,0,1,0,0,0,0,0,0,0,1,0,0,0,0
1,1,2023,3417000,0,0,0,0,0,0,0,0,1,0,0,0,0,1,0,0,0
1,1,2023,56000,0,0,0,0,0,0,0,0,1,0,0,0,0,1,0,0,0
1,1,2023,33000,0,0,0,0,0,0,0,1,0,0,0,0,0,1,0,0,0
1,1,2023,64000,0,0,0,0,1,0,0,0,0,0,0,0,0,1,0,0,0
1,1,2023,125000,0,0,0,0,0,1,0,0,0,0,0,0,0,1,0,0,0
1,0,2023,156000,0,0,0,0,1,0,0,0,0,0,0,1,0,0,0,0,0
1,0,2023,6050000,0,0,0,0,0,0,0,0,1,0,0,1,0,0,0,0,0
1,0,2023,259000,1,0,0,0,0,0,0,0,0,0,0,1,0,0,0,0,0
1,0,2023,174000,1,0,0,0,0,0,0,0,0,0,0,1,0,0,0,0,0
1,0,2023,170000,0,0,1,0,0,0,0,0,0,0,0,0,0,0,0,1,0
1,0,2023,42000,0,0,0,0,1,0,0,0,0,0,0,0,0,0,0,1,0
1,0,2023,57000,0,0,0,0,1,0,0,0,0,0,0,0,0,0,0,1,0
1,0,2023,1353000,0,0,0,0,0,0,0,0,1,0,0,0,0,0,0,0,1
1,0,2023,50000,0,0,0,0,1,0,0,0,0,0,0,0,0,0,1,0,0
1,0,2023,286000,0,0,0,0,0,0,0,1,0,0,0,0,0,0,1,0,0
1,0,2023,164000,0,0,0,0,0,0,0,0,0,1,0,0,0,0,1,0,0
1,0,2023,200000,0,0,0,1,0,0,0,0,0,0,1,0,0,0,0,0,0
1,0,2023,160000,0,0,0,0,1,0,0,0,0,0,1,0,0,0,0,0,0
1,0,2023,421000,0,0,1,0,0,0,0,0,0,0,1,0,0,0,0,0,0
1,0,2023,214000,0,0,0,0,0,1,0,0,0,0,1,0,0,0,0,0,0
1,1,2023,253000,0,0,0,0,0,0,0,1,0,0,0,0,1,0,0,0,0
1,1,2023,250000,0,0,0,0,0,0,0,1,0,0,0,0,0,1,0,0,0
1,1,2023,1610000,0,0,0,0,0,0,0,0,1,0,0,0,0,1,0,0,0
1,1,2023,163000,0,0,0,0,0,0,0,0,0,1,0,0,0,1,0,0,0
1,0,2023,74000,0,0,0,0,0,0,0,0,1,0,0,1,0,0,0,0,0
1,0,2023,550000,0,0,0,0,0,0,0,1,0,0,0,1,0,0,0,0,0
1,0,2023,557000,0,0,1,0,0,0,0,0,0,0,0,1,0,0,0,0,0
1,0,2023,2992000,0,0,0,0,0,0,0,0,1,0,0,1,0,0,0,0,0
1,0,2023,24000,0,0,0,0,0,0,0,0,0,1,0,0,0,0,0,1,0
1,0,2023,153000,0,0,0,0,0,1,0,0,0,0,0,0,0,0,0,1,0
1,0,2023,355000,0,0,1,0,0,0,0,0,0,0,0,0,0,0,0,1,0
1,0,2023,2750000,0,0,0,0,0,0,0,0,1,0,0,0,0,0,0,1,0
1,0,2023,66000,0,0,0,0,0,0,0,0,1,0,0,0,0,0,0,0,1
1,0,2023,2802000,0,0,0,0,0,0,0,0,1,0,0,0,0,0,0,0,1
1,0,2023,2136000,0,0,0,0,0,0,0,0,1,0,0,0,0,0,0,0,1
1,0,2023,1878000,0,0,0,0,0,0,0,0,1,0,0,0,0,0,0,0,1
1,0,2023,287000,0,0,0,0,0,0,0,1,0,0,0,0,0,0,1,0,0
1,0,2023,274000,0,0,0,0,0,0,0,1,0,0,0,0,0,0,1,0,0
1,0,2023,86000,0,0,0,0,0,0,0,0,0,1,0,0,0,0,1,0,0
1,0,2023,201000,1,0,0,0,0,0,0,0,0,0,1,0,0,0,0,0,0
1,0,2023,412000,0,0,0,0,0,0,0,1,0,0,1,0,0,0,0,0,0
1,0,2023,69000,0,0,0,0,1,0,0,0,0,0,1,0,0,0,0,0,0
1,0,2023,2125000,0,0,0,0,0,0,0,0,1,0,1,0,0,0,0,0,0
1,0,2023,89000,0,0,0,0,0,0,0,0,1,0,1,0,0,0,0,0,0
1,1,2023,167000,0,0,0,0,0,0,0,1,0,0,0,0,1,0,0,0,0
1,1,2023,13000,0,0,0,0,0,0,0,0,0,1,0,0,1,0,0,0,0
1,1,2023,389000,0,0,0,0,0,0,0,1,0,0,0,0,1,0,0,0,0
1,1,2023,107000,0,0,0,0,1,0,0,0,0,0,0,0,1,0,0,0,0
1,1,2023,165000,0,0,0,0,1,0,0,0,0,0,0,0,1,0,0,0,0
1,1,2023,132000,0,0,0,0,0,0,0,0,0,1,0,0,0,1,0,0,0
1,0,2023,5448000,0,0,0,0,0,0,0,0,1,0,0,1,0,0,0,0,0
1,0,2023,497000,1,0,0,0,0,0,0,0,0,0,0,1,0,0,0,0,0
1,0,2023,3336000,0,0,0,0,0,0,0,0,1,0,0,1,0,0,0,0,0
1,0,2023,955000,0,0,0,0,0,0,0,0,1,0,0,0,0,0,0,1,0
1,0,2023,1612000,0,0,0,0,0,0,0,0,1,0,0,0,0,0,0,1,0
1,0,2023,1132000,0,0,0,0,0,1,0,0,0,0,0,0,0,0,0,1,0
2,0,2023,21000,0,0,0,0,1,0,0,0,0,0,0,0,0,0,0,0,1
2,0,2023,3627000,0,0,0,0,0,0,1,0,0,0,0,0,0,0,1,0,0
2,0,2023,1831000,0,0,0,0,0,0,0,0,1,0,1,0,0,0,0,0,0
2,0,2023,16000,0,0,0,0,0,0,0,0,0,1,1,0,0,0,0,0,0
2,0,2023,13000,0,0,0,0,0,0,0,0,0,1,1,0,0,0,0,0,0
2,1,2023,5000,0,0,0,0,0,0,0,0,0,1,0,0,1,0,0,0,0
2,1,2023,110000,0,0,0,0,1,0,0,0,0,0,0,0,1,0,0,0,0
2,1,2023,53000,0,0,0,0,0,0,0,1,0,0,0,0,1,0,0,0,0
2,1,2023,3528000,0,0,0,0,0,0,0,0,1,0,0,0,1,0,0,0,0
2,1,2023,82000,0,0,0,0,1,0,0,0,0,0,0,0,1,0,0,0,0
2,1,2023,4157000,0,0,0,0,0,0,0,0,1,0,0,0,1,0,0,0,0
2,1,2023,21000,0,0,0,0,1,0,0,0,0,0,0,0,1,0,0,0,0
2,1,2023,30000,0,0,0,0,1,0,0,0,0,0,0,0,1,0,0,0,0
2,1,2023,17000,0,0,0,0,0,0,0,0,0,1,0,0,1,0,0,0,0
2,1,2023,286000,0,0,0,0,0,1,0,0,0,0,0,0,0,1,0,0,0
2,1,2023,4057000,0,0,0,0,0,0,0,0,1,0,0,0,0,1,0,0,0
2,1,2023,182000,0,0,0,0,0,0,0,1,0,0,0,0,0,1,0,0,0
2,1,2023,64000,1,0,0,0,0,0,0,0,0,0,0,0,0,1,0,0,0
2,1,2023,25000,0,0,0,0,0,0,0,0,0,1,0,0,0,1,0,0,0
2,0,2023,42000,0,0,0,0,0,0,0,0,0,1,0,1,0,0,0,0,0
2,0,2023,328000,1,0,0,0,0,0,0,0,0,0,0,1,0,0,0,0,0
2,0,2023,128000,0,0,0,0,0,0,0,0,0,1,0,1,0,0,0,0,0
2,0,2023,3677000,0,0,0,0,0,0,0,0,1,0,0,0,0,0,0,1,0
2,0,2023,220000,1,0,0,0,0,0,0,0,0,0,0,0,0,0,0,1,0
2,0,2023,47000,0,0,0,0,0,0,0,0,0,1,0,0,0,0,0,0,1
2,0,2023,6000,0,0,0,0,1,0,0,0,0,0,0,0,0,0,0,0,1
2,0,2023,155000,0,0,0,0,1,0,0,0,0,0,0,0,0,0,0,0,1
2,0,2023,157000,0,0,0,0,0,0,0,1,0,0,0,0,0,0,0,0,1
2,0,2023,171000,0,0,0,0,0,0,0,0,0,1,0,0,0,0,0,0,1
2,0,2023,165000,0,0,0,0,1,0,0,0,0,0,0,0,0,0,0,0,1
2,0,2023,126000,1,0,0,0,0,0,0,0,0,0,0,0,0,0,0,0,1
2,0,2023,20000,0,0,0,0,0,0,0,0,0,1,0,0,0,0,1,0,0
2,0,2023,459000,0,0,1,0,0,0,0,0,0,0,0,0,0,0,1,0,0
2,0,2023,8393000,0,0,0,0,0,0,0,0,1,0,0,0,0,0,1,0,0
2,0,2023,89000,0,0,0,0,1,0,0,0,0,0,0,0,0,0,1,0,0
2,0,2023,25000,0,0,0,0,0,0,0,0,0,1,0,0,0,0,1,0,0
2,0,2023,715000,0,0,0,0,0,0,0,1,0,0,1,0,0,0,0,0,0
2,0,2023,1546000,0,0,0,0,0,0,0,0,1,0,1,0,0,0,0,0,0
2,0,2023,429000,1,0,0,0,0,0,0,0,0,0,1,0,0,0,0,0,0
2,1,2023,4148000,0,0,0,0,0,0,0,0,1,0,0,0,1,0,0,0,0
2,1,2023,14000,0,0,0,0,1,0,0,0,0,0,0,0,1,0,0,0,0
2,1,2023,105000,0,0,0,0,1,0,0,0,0,0,0,0,1,0,0,0,0
2,1,2023,41000,0,0,0,0,0,0,0,1,0,0,0,0,1,0,0,0,0
2,1,2023,235000,0,0,0,0,0,1,0,0,0,0,0,0,1,0,0,0,0
2,1,2023,893000,0,0,0,0,0,0,0,0,0,1,0,0,0,1,0,0,0
2,0,2023,286000,0,0,0,0,0,0,0,0,0,1,0,1,0,0,0,0,0
2,0,2023,17000,0,0,0,0,1,0,0,0,0,0,0,1,0,0,0,0,0
2,0,2023,314000,0,0,1,0,0,0,0,0,0,0,0,1,0,0,0,0,0
2,0,2023,51000,0,0,0,0,0,0,0,0,0,1,0,1,0,0,0,0,0
2,0,2023,198000,0,0,0,0,0,0,0,1,0,0,0,0,0,0,0,1,0
2,0,2023,214000,1,0,0,0,0,0,0,0,0,0,0,0,0,0,0,1,0
2,0,2023,5720000,0,0,0,0,0,0,0,0,1,0,0,0,0,0,0,0,1
2,0,2023,1735000,0,0,0,0,0,0,1,0,0,0,0,0,0,0,0,0,1
2,0,2023,165000,0,0,0,0,1,0,0,0,0,0,0,0,0,0,0,0,1
2,0,2023,165000,1,0,0,0,0,0,0,0,0,0,0,0,0,0,0,0,1
2,0,2023,74000,1,0,0,0,0,0,0,0,0,0,0,0,0,0,0,0,1
2,0,2023,237000,0,0,0,0,0,1,0,0,0,0,0,0,0,0,0,0,1
2,0,2023,2880000,0,0,0,0,0,0,1,0,0,0,0,0,0,0,0,0,1
2,0,2023,1733000,0,0,0,0,0,1,0,0,0,0,0,0,0,0,1,0,0
2,0,2023,220000,0,0,0,1,0,0,0,0,0,0,0,0,0,0,1,0,0
2,0,2023,129000,0,0,0,0,0,0,0,0,0,1,0,0,0,0,1,0,0
2,0,2023,523000,0,0,0,0,0,0,0,1,0,0,0,0,0,0,1,0,0
2,0,2023,1735000,0,0,0,0,0,0,0,0,1,0,0,0,0,0,1,0,0
2,0,2023,14000,0,0,0,0,0,0,0,0,0,1,0,0,0,0,1,0,0
2,0,2023,215000,0,0,0,0,1,0,0,0,0,0,0,0,0,0,1,0,0
2,0,2023,140000,0,0,0,0,1,0,0,0,0,0,0,0,0,0,1,0,0
2,0,2023,19000,0,0,0,0,0,0,0,0,0,1,0,0,0,0,1,0,0
2,0,2023,109000,0,0,0,0,1,0,0,0,0,0,1,0,0,0,0,0,0
2,0,2023,323000,0,0,0,0,0,0,0,1,0,0,1,0,0,0,0,0,0
2,0,2023,148000,1,0,0,0,0,0,0,0,0,0,1,0,0,0,0,0,0
2,1,2023,97000,0,0,0,0,1,0,0,0,0,0,0,0,1,0,0,0,0
2,1,2023,120000,0,0,0,0,1,0,0,0,0,0,0,0,1,0,0,0,0
2,1,2023,382000,0,0,0,0,0,0,0,1,0,0,0,0,1,0,0,0,0
2,1,2023,732000,0,0,0,0,0,0,0,0,0,1,0,0,1,0,0,0,0
2,1,2023,184000,1,0,0,0,0,0,0,0,0,0,0,0,1,0,0,0,0
2,1,2023,605000,0,0,0,0,0,0,0,0,0,1,0,0,0,1,0,0,0
2,0,2023,715000,0,0,0,0,0,1,0,0,0,0,0,1,0,0,0,0,0
2,0,2023,299000,0,0,0,0,0,1,0,0,0,0,0,1,0,0,0,0,0
2,0,2023,18000,0,0,0,0,0,0,0,0,0,1,0,1,0,0,0,0,0
2,0,2023,11000,0,0,0,0,1,0,0,0,0,0,0,0,0,0,0,1,0
2,0,2023,45000,0,0,0,0,1,0,0,0,0,0,0,0,0,0,0,1,0
2,0,2023,10000,0,0,0,0,1,0,0,0,0,0,0,0,0,0,0,1,0
2,0,2023,120000,0,0,0,0,0,0,0,1,0,0,0,0,0,0,0,1,0
2,0,2023,117000,0,0,0,0,1,0,0,0,0,0,0,0,0,0,0,1,0
2,0,2023,702000,0,0,1,0,0,0,0,0,0,0,0,0,0,0,0,0,1
2,0,2023,69000,1,0,0,0,0,0,0,0,0,0,0,0,0,0,0,0,1
2,0,2023,32000,0,0,0,0,1,0,0,0,0,0,0,0,0,0,1,0,0
2,0,2023,1054000,0,0,0,0,0,1,0,0,0,0,0,0,0,0,1,0,0
2,0,2023,3818000,0,0,0,0,0,0,0,0,1,0,0,0,0,0,1,0,0
2,0,2023,8140000,0,0,0,0,0,1,0,0,0,0,1,0,0,0,0,0,0
2,1,2023,114000,0,0,0,0,0,0,0,1,0,0,0,0,1,0,0,0,0
2,1,2023,3292000,0,0,0,0,0,0,0,0,1,0,0,0,1,0,0,0,0
2,1,2023,32000,0,0,0,0,0,0,0,0,0,1,0,0,0,1,0,0,0
2,1,2023,197000,0,0,0,0,0,1,0,0,0,0,0,0,0,1,0,0,0
2,1,2023,2485000,0,0,0,0,0,0,0,0,1,0,0,0,0,1,0,0,0
2,1,2023,98000,0,0,0,0,1,0,0,0,0,0,0,0,0,1,0,0,0
2,1,2023,819000,0,0,0,0,0,1,0,0,0,0,0,0,0,1,0,0,0
2,0,2023,2517000,0,0,0,0,0,0,0,0,1,0,0,1,0,0,0,0,0
2,0,2023,241000,0,0,1,0,0,0,0,0,0,0,0,1,0,0,0,0,0
2,0,2023,403000,0,0,0,0,0,0,0,1,0,0,0,1,0,0,0,0,0
2,0,2023,11237000,0,0,0,0,0,0,0,0,1,0,0,1,0,0,0,0,0
2,0,2023,4029000,0,0,0,0,0,0,0,0,1,0,0,1,0,0,0,0,0
2,0,2023,16000,0,0,0,0,1,0,0,0,0,0,0,0,0,0,0,1,0
2,0,2023,362000,0,0,0,0,0,0,0,0,0,1,0,0,0,0,0,1,0
3,0,2023,454000,0,0,0,0,0,0,0,0,0,1,0,0,0,0,0,0,1
3,0,2023,73000,0,0,0,0,1,0,0,0,0,0,0,0,0,0,0,0,1
3,0,2023,2291000,0,0,0,0,0,0,0,0,1,0,0,0,0,0,0,0,1
3,0,2023,102000,0,0,0,0,1,0,0,0,0,0,0,0,0,0,0,0,1
3,0,2023,219000,1,0,0,0,0,0,0,0,0,0,0,0,0,0,1,0,0
3,0,2023,64000,0,0,0,0,1,0,0,0,0,0,0,0,0,0,1,0,0
3,0,2023,2477000,0,0,0,0,0,0,0,0,1,0,1,0,0,0,0,0,0
3,0,2023,71000,0,0,0,0,1,0,0,0,0,0,1,0,0,0,0,0,0
3,1,2023,4000,0,0,0,0,0,0,0,0,0,1,0,0,1,0,0,0,0
3,1,2023,16000,0,0,0,0,1,0,0,0,0,0,0,0,1,0,0,0,0
3,0,2023,5720000,0,0,0,0,0,0,0,0,1,0,0,1,0,0,0,0,0
3,0,2023,6326000,0,0,0,0,0,0,0,0,1,0,0,1,0,0,0,0,0
3,0,2023,9000,0,0,0,0,0,0,0,0,0,1,0,0,0,0,0,1,0
3,0,2023,92000,0,0,0,0,0,1,0,0,0,0,0,0,0,0,0,1,0
3,0,2023,5912000,0,0,0,0,0,1,0,0,0,0,0,0,0,0,0,1,0
3,0,2023,93000,0,0,0,0,0,0,0,0,1,0,0,0,0,0,0,1,0
3,0,2023,2331000,0,0,0,0,0,0,0,0,1,0,0,0,0,0,0,1,0
3,0,2023,324000,0,0,1,0,0,0,0,0,0,0,0,0,0,0,0,0,1
3,0,2023,79000,0,0,0,0,1,0,0,0,0,0,0,0,0,0,0,0,1
3,0,2023,80000,0,0,0,0,1,0,0,0,0,0,0,0,0,0,0,0,1
3,0,2023,242000,1,0,0,0,0,0,0,0,0,0,0,0,0,0,0,0,1
3,0,2023,377000,0,0,0,0,0,0,0,1,0,0,0,0,0,0,1,0,0
3,0,2023,130000,1,0,0,0,0,0,0,0,0,0,0,0,0,0,1,0,0
3,0,2023,15000,0,0,0,0,1,0,0,0,0,0,1,0,0,0,0,0,0
3,0,2023,298000,0,0,0,0,0,1,0,0,0,0,1,0,0,0,0,0,0
3,1,2023,403000,0,0,0,0,0,0,0,1,0,0,0,0,1,0,0,0,0
3,1,2023,356000,0,0,0,0,0,0,0,0,0,1,0,0,1,0,0,0,0
3,1,2023,9000,0,0,0,0,1,0,0,0,0,0,0,0,1,0,0,0,0
3,1,2023,224000,0,0,0,1,0,0,0,0,0,0,0,0,1,0,0,0,0
3,1,2023,396000,0,0,0,0,0,1,0,0,0,0,0,0,1,0,0,0,0
3,1,2023,498000,0,0,0,0,0,1,0,0,0,0,0,0,0,1,0,0,0
3,1,2023,96000,0,0,0,0,0,0,0,1,0,0,0,0,0,1,0,0,0
3,0,2023,232000,0,0,0,1,0,0,0,0,0,0,0,1,0,0,0,0,0
3,0,2023,2394000,0,0,0,0,0,0,0,0,1,0,0,0,0,0,0,1,0
3,0,2023,56000,0,0,0,0,0,0,0,0,1,0,0,0,0,0,0,1,0
3,0,2023,95000,0,0,0,0,0,0,0,1,0,0,0,0,0,0,0,1,0
3,0,2023,484000,0,0,0,0,0,0,0,1,0,0,0,0,0,0,0,0,1
3,0,2023,98000,0,0,0,0,1,0,0,0,0,0,0,0,0,0,1,0,0
3,0,2023,86000,0,0,0,0,1,0,0,0,0,0,0,0,0,0,1,0,0
3,0,2023,76000,0,0,0,0,0,1,0,0,0,0,1,0,0,0,0,0,0
3,0,2023,55000,0,0,0,0,1,0,0,0,0,0,1,0,0,0,0,0,0
3,0,2023,2860000,0,0,1,0,0,0,0,0,0,0,1,0,0,0,0,0,0
3,0,2023,215000,0,0,0,0,1,0,0,0,0,0,1,0,0,0,0,0,0
3,0,2023,323000,0,0,0,0,0,0,0,1,0,0,1,0,0,0,0,0,0
3,1,2023,360000,1,0,0,0,0,0,0,0,0,0,0,0,1,0,0,0,0
3,1,2023,71000,0,0,0,0,0,0,0,0,0,1,0,0,1,0,0,0,0
3,1,2023,211000,0,0,0,1,0,0,0,0,0,0,0,0,0,1,0,0,0
3,0,2023,56000,0,0,0,0,1,0,0,0,0,0,0,1,0,0,0,0,0
3,0,2023,206000,0,0,0,0,0,0,0,1,0,0,0,1,0,0,0,0,0
3,0,2023,86000,0,0,0,0,0,0,0,0,0,1,0,0,0,0,0,1,0
3,0,2023,272000,0,0,0,0,0,0,0,1,0,0,0,0,0,0,0,1,0
3,0,2023,6007000,0,0,0,0,0,0,0,0,1,0,0,0,0,0,0,0,1
3,0,2023,220000,1,0,0,0,0,0,0,0,0,0,0,0,0,0,0,0,1
3,0,2023,83000,0,0,0,0,0,0,0,0,0,1,0,0,0,0,0,0,1
3,0,2023,644000,1,0,0,0,0,0,0,0,0,0,1,0,0,0,0,0,0
3,0,2023,91000,0,0,0,0,1,0,0,0,0,0,1,0,0,0,0,0,0
3,1,2023,181000,0,0,0,0,0,0,0,0,0,1,0,0,1,0,0,0,0
3,1,2023,5023000,0,0,0,0,0,0,0,0,1,0,0,0,1,0,0,0,0
3,1,2023,245000,0,0,0,0,0,0,0,1,0,0,0,0,1,0,0,0,0
3,1,2023,7342000,0,0,0,0,0,0,0,0,1,0,0,0,1,0,0,0,0
3,1,2023,175000,0,0,1,0,0,0,0,0,0,0,0,0,1,0,0,0,0
3,1,2023,2275000,0,0,0,0,0,0,0,0,1,0,0,0,1,0,0,0,0
3,1,2023,321000,0,0,0,0,0,1,0,0,0,0,0,0,1,0,0,0,0
3,1,2023,88000,0,0,0,0,1,0,0,0,0,0,0,0,0,1,0,0,0
3,1,2023,216000,0,0,1,0,0,0,0,0,0,0,0,0,0,1,0,0,0
3,1,2023,55000,0,0,0,0,0,0,0,0,1,0,0,0,0,1,0,0,0
3,0,2023,310000,0,0,0,0,0,1,0,0,0,0,0,1,0,0,0,0,0
3,0,2023,86000,0,0,0,0,1,0,0,0,0,0,0,1,0,0,0,0,0
3,0,2023,8000,0,0,0,0,1,0,0,0,0,0,0,0,0,0,0,1,0
3,0,2023,18000,0,0,0,0,1,0,0,0,0,0,0,0,0,0,0,0,1
3,0,2023,311000,0,0,0,0,0,1,0,0,0,0,0,0,0,0,0,0,1
3,0,2023,329000,0,0,0,0,0,0,0,0,0,1,0,0,0,0,0,0,1
3,0,2023,147000,0,0,0,1,0,0,0,0,0,0,0,0,0,0,0,0,1
3,0,2023,23000,0,0,0,0,1,0,0,0,0,0,0,0,0,0,1,0,0
3,0,2023,1280000,0,0,0,0,0,0,1,0,0,0,0,0,0,0,1,0,0
3,0,2023,80000,0,0,0,0,1,0,0,0,0,0,1,0,0,0,0,0,0
3,0,2023,2471000,0,0,0,0,0,0,0,0,1,0,1,0,0,0,0,0,0
4,1,2023,283000,1,0,0,0,0,0,0,0,0,0,0,0,1,0,0,0,0
4,1,2023,31000,0,0,0,0,0,0,0,0,0,1,0,0,1,0,0,0,0
4,1,2023,2008000,0,0,0,0,0,0,1,0,0,0,0,0,1,0,0,0,0
4,1,2023,968000,0,0,0,0,0,0,0,0,1,0,0,0,0,1,0,0,0
4,1,2023,5347000,0,0,0,0,0,0,0,0,1,0,0,0,0,1,0,0,0
4,0,2023,120000,1,0,0,0,0,0,0,0,0,0,0,1,0,0,0,0,0
4,0,2023,5186000,0,0,0,0,0,0,0,0,1,0,0,0,0,0,0,1,0
4,0,2023,126000,0,0,0,0,0,0,0,1,0,0,0,0,0,0,0,1,0
4,0,2023,75000,0,0,1,0,0,0,0,0,0,0,0,0,0,0,0,0,1
4,0,2023,6731000,0,0,0,0,0,0,0,0,1,0,0,0,0,0,1,0,0
4,0,2023,142000,0,0,0,0,1,0,0,0,0,0,0,0,0,0,1,0,0
4,0,2023,220000,0,0,0,0,0,0,0,0,0,1,0,0,0,0,1,0,0
4,0,2023,131000,0,0,0,0,0,1,0,0,0,0,0,0,0,0,1,0,0
4,0,2023,165000,0,0,0,0,1,0,0,0,0,0,1,0,0,0,0,0,0
4,0,2023,146000,1,0,0,0,0,0,0,0,0,0,1,0,0,0,0,0,0
4,0,2023,20000,0,0,0,0,0,0,0,0,0,1,1,0,0,0,0,0,0
4,0,2023,111000,0,0,0,0,0,0,0,0,0,1,1,0,0,0,0,0,0
4,0,2023,996000,0,0,0,0,0,1,0,0,0,0,1,0,0,0,0,0,0
4,0,2023,3700000,0,0,0,0,0,0,0,0,1,0,1,0,0,0,0,0,0
4,1,2023,449000,0,0,0,0,0,1,0,0,0,0,0,0,1,0,0,0,0
4,1,2023,157000,0,0,0,0,0,1,0,0,0,0,0,0,1,0,0,0,0
4,1,2023,23000,0,0,0,0,0,0,0,0,0,1,0,0,1,0,0,0,0
4,1,2023,233000,1,0,0,0,0,0,0,0,0,0,0,0,0,1,0,0,0
4,1,2023,77000,0,0,0,0,1,0,0,0,0,0,0,0,0,1,0,0,0
4,1,2023,2095000,0,0,0,0,0,0,0,0,1,0,0,0,0,1,0,0,0
4,1,2023,3201000,0,0,0,0,0,0,1,0,0,0,0,0,0,1,0,0,0
4,1,2023,244000,0,0,0,0,0,0,0,1,0,0,0,0,0,1,0,0,0
4,0,2023,119000,0,0,0,0,0,0,0,1,0,0,0,1,0,0,0,0,0
4,0,2023,61000,0,0,0,0,0,1,0,0,0,0,0,1,0,0,0,0,0
4,0,2023,40000,0,0,0,0,1,0,0,0,0,0,0,1,0,0,0,0,0
4,0,2023,125000,0,0,0,0,1,0,0,0,0,0,0,0,0,0,0,1,0
4,0,2023,14000,0,0,0,0,1,0,0,0,0,0,0,0,0,0,0,1,0
4,0,2023,40000,0,0,0,0,1,0,0,0,0,0,0,0,0,0,0,1,0
4,0,2023,299000,0,0,0,0,0,0,0,1,0,0,0,0,0,0,0,0,1
4,0,2023,29000,0,0,0,0,1,0,0,0,0,0,0,0,0,0,0,0,1
4,0,2023,113000,0,0,0,0,0,0,0,1,0,0,0,0,0,0,0,0,1
4,0,2023,168000,1,0,0,0,0,0,0,0,0,0,0,0,0,0,1,0,0
4,0,2023,88000,0,0,0,0,1,0,0,0,0,0,0,0,0,0,1,0,0
4,0,2023,117000,0,0,0,0,0,0,0,0,0,1,0,0,0,0,1,0,0
4,0,2023,335000,0,0,0,0,0,0,0,1,0,0,0,0,0,0,1,0,0
4,0,2023,363000,1,0,0,0,0,0,0,0,0,0,1,0,0,0,0,0,0
4,1,2023,135000,0,0,0,0,1,0,0,0,0,0,0,0,1,0,0,0,0
4,1,2023,607000,0,0,0,0,0,1,0,0,0,0,0,0,1,0,0,0,0
4,1,2023,209000,0,0,0,0,0,1,0,0,0,0,0,0,1,0,0,0,0
4,1,2023,4625000,0,0,0,0,0,0,0,0,1,0,0,0,1,0,0,0,0
4,1,2023,472000,0,0,1,0,0,0,0,0,0,0,0,0,1,0,0,0,0
4,1,2023,28000,0,0,0,0,0,0,0,0,0,1,0,0,1,0,0,0,0
4,1,2023,2527000,0,0,0,0,0,0,0,0,1,0,0,0,1,0,0,0,0
4,1,2023,64000,0,0,0,0,0,0,0,0,0,1,0,0,0,1,0,0,0
4,1,2023,259000,0,0,1,0,0,0,0,0,0,0,0,0,0,1,0,0,0
4,0,2023,418000,0,0,0,0,0,0,0,1,0,0,0,1,0,0,0,0,0
4,0,2023,1301000,0,0,0,0,0,0,0,0,1,0,0,0,0,0,0,1,0
4,0,2023,5096000,0,0,0,0,0,0,0,0,1,0,0,0,0,0,0,0,1
4,0,2023,39000,0,0,0,0,1,0,0,0,0,0,0,0,0,0,0,0,1
4,0,2023,47000,0,0,0,0,0,0,0,0,1,0,0,0,0,0,1,0,0
4,0,2023,94000,0,0,0,0,0,1,0,0,0,0,0,0,0,0,1,0,0
4,0,2023,182000,0,0,0,0,0,0,0,0,0,1,0,0,0,0,1,0,0
4,0,2023,93000,0,0,0,0,1,0,0,0,0,0,0,0,0,0,1,0,0
4,0,2023,3151000,0,0,0,0,0,0,0,0,1,0,1,0,0,0,0,0,0
4,0,2023,116000,0,0,0,0,0,0,0,0,1,0,1,0,0,0,0,0,0
4,0,2023,2477000,0,0,0,0,0,0,0,0,1,0,1,0,0,0,0,0,0
4,0,2023,113000,0,0,0,0,0,0,0,1,0,0,1,0,0,0,0,0,0
4,0,2023,157000,0,0,0,0,1,0,0,0,0,0,1,0,0,0,0,0,0
4,1,2023,550000,0,0,1,0,0,0,0,0,0,0,0,0,1,0,0,0,0
4,1,2023,483000,0,0,0,0,0,0,0,1,0,0,0,0,1,0,0,0,0
4,1,2023,1501000,0,0,0,0,0,0,0,0,1,0,0,0,1,0,0,0,0
4,1,2023,5775000,0,0,0,0,0,0,0,0,1,0,0,0,1,0,0,0,0
4,1,2023,2182000,0,0,0,0,0,0,0,0,1,0,0,0,0,1,0,0,0
4,1,2023,3955000,0,0,0,0,0,0,0,0,1,0,0,0,0,1,0,0,0
4,1,2023,522000,0,0,0,0,0,0,0,1,0,0,0,0,0,1,0,0,0
4,0,2023,1269000,0,0,0,0,0,0,0,0,1,0,0,1,0,0,0,0,0
4,0,2023,218000,0,0,1,0,0,0,0,0,0,0,0,1,0,0,0,0,0
4,0,2023,1785000,0,0,0,0,0,0,0,0,1,0,0,0,0,0,0,1,0
4,0,2023,383000,0,0,0,0,0,0,0,1,0,0,0,0,0,0,0,1,0
4,0,2023,265000,0,0,0,0,0,1,0,0,0,0,0,0,0,0,0,1,0
4,0,2023,88000,0,0,0,0,0,0,0,0,0,1,0,0,0,0,0,1,0
4,0,2023,61000,0,0,0,0,1,0,0,0,0,0,0,0,0,0,0,1,0
4,0,2023,134000,1,0,0,0,0,0,0,0,0,0,0,0,0,0,0,0,1
4,0,2023,314000,0,0,0,1,0,0,0,0,0,0,0,0,0,0,1,0,0
4,0,2023,54000,0,0,0,0,0,0,0,1,0,0,1,0,0,0,0,0,0
4,0,2023,19000,0,0,0,0,0,0,0,0,0,1,1,0,0,0,0,0,0
4,1,2023,11440000,0,0,0,0,0,0,0,0,1,0,0,0,1,0,0,0,0
4,1,2023,21000,0,0,0,0,1,0,0,0,0,0,0,0,1,0,0,0,0
4,1,2023,84000,0,0,0,0,0,0,0,0,1,0,0,0,0,1,0,0,0
4,1,2023,360000,0,0,0,0,0,0,0,1,0,0,0,0,0,1,0,0,0
4,1,2023,3056000,0,0,0,0,0,0,0,0,1,0,0,0,0,1,0,0,0
4,1,2023,216000,1,0,0,0,0,0,0,0,0,0,0,0,0,1,0,0,0
4,1,2023,3539000,0,0,0,0,0,0,0,0,1,0,0,0,0,1,0,0,0
4,1,2023,323000,0,0,0,0,0,0,0,1,0,0,0,0,0,1,0,0,0
5,0,2023,54000,0,0,0,0,1,0,0,0,0,0,0,1,0,0,0,0,0
5,0,2023,2158000,0,0,0,0,0,0,0,0,1,0,0,1,0,0,0,0,0
5,0,2023,317000,0,0,0,0,0,0,0,1,0,0,0,1,0,0,0,0,0
5,0,2023,1633000,0,0,0,0,0,0,0,0,1,0,0,1,0,0,0,0,0
5,0,2023,10000,0,0,0,0,1,0,0,0,0,0,0,0,0,0,0,1,0
5,0,2023,97000,0,0,0,0,0,0,0,0,0,1,0,0,0,0,0,1,0
5,0,2023,2099000,0,0,0,0,0,0,0,0,1,0,0,0,0,0,0,1,0
5,0,2023,84000,0,0,0,0,1,0,0,0,0,0,0,0,0,0,0,1,0
5,0,2023,168000,0,0,0,0,0,0,0,0,0,1,0,0,0,0,0,0,1
5,0,2023,89000,1,0,0,0,0,0,0,0,0,0,0,0,0,0,0,0,1
5,0,2023,112000,0,0,0,0,1,0,0,0,0,0,0,0,0,0,0,0,1
5,0,2023,3805000,0,0,0,0,0,0,0,0,1,0,0,0,0,0,0,0,1
5,0,2023,1392000,0,0,0,0,0,0,1,0,0,0,0,0,0,0,0,0,1
5,0,2023,129000,0,0,0,0,0,0,0,0,0,1,0,0,0,0,0,0,1
5,0,2023,94000,0,0,0,0,1,0,0,0,0,0,0,0,0,0,1,0,0
5,0,2023,386000,0,0,0,0,0,0,0,1,0,0,0,0,0,0,1,0,0
5,0,2023,25000,0,0,0,0,1,0,0,0,0,0,0,0,0,0,1,0,0
5,0,2023,572000,0,0,1,0,0,0,0,0,0,0,0,0,0,0,1,0,0
5,0,2023,183000,0,0,0,0,0,0,0,0,0,1,0,0,0,0,1,0,0
5,0,2023,20000,0,0,0,0,1,0,0,0,0,0,1,0,0,0,0,0,0
5,0,2023,49000,0,0,0,0,1,0,0,0,0,0,1,0,0,0,0,0,0
5,0,2023,133000,0,0,0,0,1,0,0,0,0,0,1,0,0,0,0,0,0
5,0,2023,251000,0,0,0,0,0,0,0,1,0,0,1,0,0,0,0,0,0
5,1,2023,1589000,0,0,0,0,0,0,0,0,1,0,0,0,1,0,0,0,0
5,1,2023,565000,1,0,0,0,0,0,0,0,0,0,0,0,1,0,0,0,0
5,1,2023,57000,0,0,0,0,0,0,0,1,0,0,0,0,1,0,0,0,0
5,1,2023,139000,0,0,0,1,0,0,0,0,0,0,0,0,0,1,0,0,0
5,0,2023,75000,0,0,0,0,1,0,0,0,0,0,0,1,0,0,0,0,0
5,0,2023,29000,0,0,0,0,1,0,0,0,0,0,0,1,0,0,0,0,0
5,0,2023,87000,0,0,0,0,0,0,0,0,1,0,0,1,0,0,0,0,0
5,0,2023,23000,0,0,0,0,0,0,0,0,0,1,0,1,0,0,0,0,0
5,0,2023,48000,0,0,0,0,1,0,0,0,0,0,0,0,0,0,0,1,0
5,0,2023,70000,0,0,0,0,0,0,0,1,0,0,0,0,0,0,0,1,0
5,0,2023,120000,1,0,0,0,0,0,0,0,0,0,0,0,0,0,0,1,0
5,0,2023,10471000,0,0,0,0,0,0,0,0,1,0,0,0,0,0,0,1,0
5,0,2023,260000,0,0,0,0,0,0,0,0,0,1,0,0,0,0,0,0,1
5,0,2023,99000,0,0,0,0,0,0,0,0,1,0,0,0,0,0,0,0,1
5,0,2023,3858000,0,0,0,0,0,0,0,0,1,0,0,0,0,0,0,0,1
5,0,2023,142000,1,0,0,0,0,0,0,0,0,0,0,0,0,0,0,0,1
5,0,2023,235000,0,0,1,0,0,0,0,0,0,0,0,0,0,0,0,0,1
5,0,2023,1840000,0,0,0,0,0,0,0,0,1,0,0,0,0,0,1,0,0
5,0,2023,67000,1,0,0,0,0,0,0,0,0,0,0,0,0,0,1,0,0
5,0,2023,221000,0,0,0,0,0,1,0,0,0,0,1,0,0,0,0,0,0
5,0,2023,33000,0,0,0,0,0,0,0,0,0,1,1,0,0,0,0,0,0
5,0,2023,94000,0,0,0,0,0,0,0,0,1,0,1,0,0,0,0,0,0
5,1,2023,1439000,0,0,0,0,0,0,0,0,1,0,0,0,1,0,0,0,0
5,1,2023,133000,0,0,0,0,0,0,0,0,0,1,0,0,1,0,0,0,0
5,1,2023,68000,0,0,0,0,1,0,0,0,0,0,0,0,1,0,0,0,0
5,1,2023,145000,1,0,0,0,0,0,0,0,0,0,0,0,0,1,0,0,0
5,1,2023,50000,0,0,0,0,0,0,0,0,0,1,0,0,0,1,0,0,0
5,1,2023,239000,0,0,0,0,0,1,0,0,0,0,0,0,0,1,0,0,0
5,0,2023,7821000,0,0,0,0,0,0,0,0,1,0,0,1,0,0,0,0,0
5,0,2023,95000,0,0,0,0,0,0,0,0,1,0,0,1,0,0,0,0,0
5,0,2023,41000,1,0,0,0,0,0,0,0,0,0,0,1,0,0,0,0,0
5,0,2023,42000,0,0,0,0,1,0,0,0,0,0,0,1,0,0,0,0,0
5,0,2023,16000,0,0,0,0,0,0,0,0,0,1,0,1,0,0,0,0,0
5,0,2023,35000,0,0,0,0,1,0,0,0,0,0,0,0,0,0,0,1,0
5,0,2023,1678000,0,0,0,0,0,0,0,0,1,0,0,0,0,0,0,1,0
5,0,2023,85000,0,0,0,0,0,0,0,0,0,1,0,0,0,0,0,1,0
5,0,2023,66000,0,0,0,0,1,0,0,0,0,0,0,0,0,0,0,0,1
5,0,2023,165000,0,0,0,0,1,0,0,0,0,0,0,0,0,0,0,0,1
5,0,2023,3709000,0,0,0,0,0,0,0,0,1,0,0,0,0,0,0,0,1
5,0,2023,162000,0,0,0,0,0,0,0,0,0,1,0,0,0,0,0,0,1
5,0,2023,122000,0,0,0,0,0,0,0,0,0,1,0,0,0,0,0,0,1
5,0,2023,1268000,0,0,0,0,0,0,0,0,1,0,1,0,0,0,0,0,0
5,1,2023,1189000,0,0,0,0,0,0,0,0,1,0,0,0,1,0,0,0,0
5,1,2023,31000,0,0,0,0,0,0,0,1,0,0,0,0,1,0,0,0,0
5,1,2023,29000,0,0,0,0,1,0,0,0,0,0,0,0,0,1,0,0,0
5,1,2023,157000,0,0,0,0,1,0,0,0,0,0,0,0,0,1,0,0,0
5,1,2023,1745000,0,0,0,0,0,0,0,0,1,0,0,0,0,1,0,0,0
5,1,2023,722000,1,0,0,0,0,0,0,0,0,0,0,0,0,1,0,0,0
5,0,2023,22000,0,0,0,0,0,0,0,0,0,1,0,1,0,0,0,0,0
5,0,2023,605000,0,0,0,0,0,0,0,1,0,0,0,1,0,0,0,0,0
5,0,2023,108000,0,0,0,0,1,0,0,0,0,0,0,1,0,0,0,0,0
5,0,2023,165000,0,0,0,0,1,0,0,0,0,0,0,1,0,0,0,0,0
5,0,2023,21000,0,0,0,0,0,0,0,0,0,1,0,0,0,0,0,1,0
5,0,2023,495000,0,0,0,0,0,1,0,0,0,0,0,0,0,0,0,1,0
5,0,2023,260000,1,0,0,0,0,0,0,0,0,0,0,0,0,0,0,1,0
5,0,2023,396000,0,0,0,0,0,0,0,1,0,0,0,0,0,0,0,1,0
5,0,2023,24000,0,0,0,0,1,0,0,0,0,0,0,0,0,0,0,1,0
5,0,2023,246000,0,0,0,0,0,0,0,1,0,0,0,0,0,0,0,1,0
5,0,2023,2534000,0,0,0,0,0,0,0,0,1,0,0,0,0,0,0,0,1
5,0,2023,151000,1,0,0,0,0,0,0,0,0,0,0,0,0,0,0,0,1
5,0,2023,52000,0,0,0,0,1,0,0,0,0,0,0,0,0,0,0,0,1
5,0,2023,295000,0,0,1,0,0,0,0,0,0,0,0,0,0,0,1,0,0
5,0,2023,36000,0,0,0,0,1,0,0,0,0,0,0,0,0,0,1,0,0
5,0,2023,172000,0,0,0,1,0,0,0,0,0,0,0,0,0,0,1,0,0
5,0,2023,26000,0,0,0,0,1,0,0,0,0,0,1,0,0,0,0,0,0
5,0,2023,139000,1,0,0,0,0,0,0,0,0,0,1,0,0,0,0,0,0
5,0,2023,336000,0,0,0,0,0,0,0,1,0,0,1,0,0,0,0,0,0
5,1,2023,83000,1,0,0,0,0,0,0,0,0,0,0,0,1,0,0,0,0
5,1,2023,149000,0,0,0,0,0,0,0,0,1,0,0,0,1,0,0,0,0
5,1,2023,1589000,0,0,0,0,0,0,0,0,1,0,0,0,1,0,0,0,0
5,1,2023,3279000,0,0,0,0,0,0,0,0,1,0,0,0,0,1,0,0,0
5,1,2023,77000,0,0,0,0,1,0,0,0,0,0,0,0,0,1,0,0,0
5,1,2023,151000,0,0,0,0,1,0,0,0,0,0,0,0,0,1,0,0,0
5,1,2023,459000,0,0,0,0,0,0,0,0,0,1,0,0,0,1,0,0,0
5,1,2023,49000,0,0,0,0,1,0,0,0,0,0,0,0,0,1,0,0,0
5,1,2023,345000,0,0,1,0,0,0,0,0,0,0,0,0,0,1,0,0,0
5,0,2023,243000,0,0,0,0,0,1,0,0,0,0,0,1,0,0,0,0,0
5,0,2023,81000,0,0,0,0,0,0,0,0,0,1,0,0,0,0,0,1,0
5,0,2023,8800000,0,0,0,0,0,0,0,0,1,0,0,0,0,0,0,1,0
5,0,2023,21000,0,0,0,0,0,0,0,0,0,1,0,0,0,0,0,0,1
5,0,2023,140000,0,0,0,0,0,0,0,0,1,0,0,0,0,0,0,0,1
5,0,2023,2238000,0,0,0,0,0,0,0,0,1,0,0,0,0,0,0,0,1
5,0,2023,380000,0,0,0,0,0,1,0,0,0,0,0,0,0,0,0,0,1
6,0,2023,344000,0,0,0,0,0,0,0,1,0,0,0,0,0,0,1,0,0
6,0,2023,820000,0,0,0,0,0,0,0,0,1,0,0,0,0,0,1,0,0
6,0,2023,1991000,0,0,0,0,0,0,0,0,1,0,0,0,0,0,1,0,0
6,0,2023,88000,0,0,0,0,0,0,0,1,0,0,1,0,0,0,0,0,0
6,0,2023,1521000,0,0,0,0,0,0,0,0,1,0,1,0,0,0,0,0,0
6,0,2023,119000,0,0,0,1,0,0,0,0,0,0,1,0,0,0,0,0,0
6,1,2023,223000,1,0,0,0,0,0,0,0,0,0,0,0,1,0,0,0,0
6,1,2023,90000,1,0,0,0,0,0,0,0,0,0,0,0,1,0,0,0,0
6,1,2023,112000,0,0,0,0,1,0,0,0,0,0,0,0,1,0,0,0,0
6,1,2023,87000,0,0,0,0,1,0,0,0,0,0,0,0,1,0,0,0,0
6,1,2023,179000,0,0,0,0,1,0,0,0,0,0,0,0,0,1,0,0,0
6,1,2023,100000,0,0,0,0,1,0,0,0,0,0,0,0,0,1,0,0,0
6,1,2023,103000,0,0,0,0,1,0,0,0,0,0,0,0,0,1,0,0,0
6,1,2023,133000,0,0,0,0,0,0,0,1,0,0,0,0,0,1,0,0,0
6,0,2023,90000,0,0,0,0,0,0,0,1,0,0,0,1,0,0,0,0,0
6,0,2023,197000,0,0,0,0,0,0,0,0,0,1,0,1,0,0,0,0,0
6,0,2023,38000,0,0,0,0,1,0,0,0,0,0,0,1,0,0,0,0,0
6,0,2023,4180000,0,0,0,0,0,0,0,0,1,0,0,0,0,0,0,1,0
6,0,2023,343000,0,0,1,0,0,0,0,0,0,0,0,0,0,0,0,1,0
6,0,2023,138000,1,0,0,0,0,0,0,0,0,0,0,0,0,0,0,1,0
6,0,2023,208000,0,0,0,1,0,0,0,0,0,0,0,0,0,0,0,0,1
6,0,2023,1789000,0,0,0,0,0,0,0,0,1,0,0,0,0,0,0,0,1
6,0,2023,215000,1,0,0,0,0,0,0,0,0,0,0,0,0,0,0,0,1
6,0,2023,5592000,0,0,0,0,0,0,0,0,1,0,0,0,0,0,0,0,1
6,0,2023,22000,0,0,0,0,0,0,0,0,0,1,0,0,0,0,1,0,0
6,0,2023,66000,0,0,0,0,1,0,0,0,0,0,0,0,0,0,1,0,0
6,0,2023,1894000,0,0,0,0,0,0,0,0,1,0,1,0,0,0,0,0,0
6,0,2023,150000,0,0,0,0,0,0,0,0,0,1,1,0,0,0,0,0,0
6,0,2023,705000,0,0,0,0,0,0,0,0,1,0,1,0,0,0,0,0,0
6,1,2023,1943000,0,0,0,0,0,0,1,0,0,0,0,0,1,0,0,0,0
6,1,2023,261000,0,0,0,0,0,1,0,0,0,0,0,0,1,0,0,0,0
6,1,2023,730000,0,0,0,0,0,0,0,1,0,0,0,0,0,1,0,0,0
6,1,2023,290000,0,0,0,0,0,0,0,1,0,0,0,0,0,1,0,0,0
6,1,2023,1986000,0,0,0,0,0,0,0,0,1,0,0,0,0,1,0,0,0
6,1,2023,95000,0,0,0,0,0,0,0,1,0,0,0,0,0,1,0,0,0
6,1,2023,697000,0,0,0,0,0,1,0,0,0,0,0,0,0,1,0,0,0
6,0,2023,2773000,0,0,0,0,0,0,0,0,1,0,0,1,0,0,0,0,0
6,0,2023,2164000,0,0,0,0,0,0,0,0,1,0,0,1,0,0,0,0,0
6,0,2023,5000,0,0,0,0,0,0,0,0,0,1,0,0,0,0,0,1,0
6,0,2023,70000,0,0,0,0,1,0,0,0,0,0,0,0,0,0,0,1,0
6,0,2023,25000,0,0,0,0,0,0,0,0,0,1,0,0,0,0,0,0,1
6,0,2023,80000,1,0,0,0,0,0,0,0,0,0,0,0,0,0,1,0,0
6,0,2023,1345000,0,0,0,0,0,0,0,0,1,0,0,0,0,0,1,0,0
6,0,2023,6050000,0,0,0,0,0,0,0,0,1,0,0,0,0,0,1,0,0
6,0,2023,195000,1,0,0,0,0,0,0,0,0,0,1,0,0,0,0,0,0
6,0,2023,261000,0,0,0,0,0,1,0,0,0,0,1,0,0,0,0,0,0
6,0,2023,165000,0,0,0,0,1,0,0,0,0,0,1,0,0,0,0,0,0
6,0,2023,72000,0,0,0,0,0,1,0,0,0,0,1,0,0,0,0,0,0
6,0,2023,77000,0,0,0,0,0,0,0,0,0,1,1,0,0,0,0,0,0
6,1,2023,35000,0,0,0,0,0,0,0,0,1,0,0,0,1,0,0,0,0
6,1,2023,140000,1,0,0,0,0,0,0,0,0,0,0,0,1,0,0,0,0
6,1,2023,47000,0,0,0,0,0,0,0,0,0,1,0,0,0,1,0,0,0
6,1,2023,39000,0,0,0,0,0,0,0,0,0,1,0,0,0,1,0,0,0
6,0,2023,1130000,0,0,0,0,0,0,0,0,1,0,0,1,0,0,0,0,0
6,0,2023,536000,0,0,0,0,0,1,0,0,0,0,0,1,0,0,0,0,0
6,0,2023,248000,1,0,0,0,0,0,0,0,0,0,0,1,0,0,0,0,0
6,0,2023,263000,0,0,0,0,0,0,0,1,0,0,0,0,0,0,0,1,0
6,0,2023,448000,0,0,0,0,0,0,0,1,0,0,0,0,0,0,0,1,0
6,0,2023,66000,0,0,0,0,0,0,0,1,0,0,0,0,0,0,0,0,1
6,0,2023,65000,0,0,0,0,1,0,0,0,0,0,0,0,0,0,1,0,0
6,0,2023,134000,0,0,0,0,1,0,0,0,0,0,0,0,0,0,1,0,0
6,0,2023,1927000,0,0,0,0,0,0,0,0,1,0,0,0,0,0,1,0,0
6,0,2023,14000,0,0,0,0,1,0,0,0,0,0,0,0,0,0,1,0,0
6,0,2023,354000,0,0,0,0,0,1,0,0,0,0,0,0,0,0,1,0,0
6,0,2023,1167000,0,0,0,0,0,0,0,0,1,0,1,0,0,0,0,0,0
6,0,2023,109000,0,0,0,0,0,0,0,0,0,1,1,0,0,0,0,0,0
6,0,2023,60000,0,0,0,0,1,0,0,0,0,0,1,0,0,0,0,0,0
6,0,2023,1418000,0,0,0,0,0,0,1,0,0,0,1,0,0,0,0,0,0
6,1,2023,15000,0,0,0,0,1,0,0,0,0,0,0,0,1,0,0,0,0
6,1,2023,3585000,0,0,0,0,0,0,0,0,1,0,0,0,1,0,0,0,0
6,1,2023,61000,0,0,0,0,0,0,0,1,0,0,0,0,1,0,0,0,0
6,1,2023,98000,0,0,0,0,1,0,0,0,0,0,0,0,0,1,0,0,0
6,1,2023,53000,0,0,0,0,1,0,0,0,0,0,0,0,0,1,0,0,0
6,1,2023,209000,1,0,0,0,0,0,0,0,0,0,0,0,0,1,0,0,0
6,1,2023,1289000,0,0,0,0,0,0,0,0,1,0,0,0,0,1,0,0,0
6,1,2023,2828000,0,0,0,0,0,0,0,0,1,0,0,0,0,1,0,0,0
6,1,2023,809000,0,0,0,0,0,0,0,0,1,0,0,0,0,1,0,0,0
6,1,2023,81000,1,0,0,0,0,0,0,0,0,0,0,0,0,1,0,0,0
6,1,2023,15000,0,0,0,0,0,0,0,0,0,1,0,0,0,1,0,0,0
6,0,2023,119000,0,0,0,0,1,0,0,0,0,0,0,1,0,0,0,0,0
6,0,2023,6613000,0,0,0,0,0,0,0,0,1,0,0,0,0,0,0,1,0
6,0,2023,9680000,0,0,0,0,0,0,0,0,1,0,0,0,0,0,0,1,0
6,0,2023,6000,0,0,0,0,0,0,0,0,0,1,0,0,0,0,0,1,0
6,0,2023,231000,0,0,0,0,0,1,0,0,0,0,0,0,0,0,0,0,1
6,0,2023,5637000,0,0,0,0,0,0,0,0,1,0,0,0,0,0,0,0,1
6,0,2023,109000,0,0,0,0,1,0,0,0,0,0,0,0,0,0,0,0,1
6,0,2023,8360000,0,0,0,0,0,0,0,0,1,0,0,0,0,0,0,0,1
6,0,2023,1099000,0,0,0,0,0,0,1,0,0,0,0,0,0,0,1,0,0
6,0,2023,6050000,0,0,0,0,0,0,0,0,1,0,0,0,0,0,1,0,0
6,0,2023,578000,0,0,0,0,0,1,0,0,0,0,0,0,0,0,1,0,0
6,0,2023,203000,0,0,0,0,0,0,0,0,0,1,0,0,0,0,1,0,0
6,0,2023,578000,0,0,0,0,0,1,0,0,0,0,0,0,0,0,1,0,0
6,0,2023,89000,1,0,0,0,0,0,0,0,0,0,1,0,0,0,0,0,0
6,0,2023,162000,1,0,0,0,0,0,0,0,0,0,1,0,0,0,0,0,0
7,1,2023,1967000,0,0,0,0,0,0,0,0,1,0,0,0,1,0,0,0,0
7,1,2023,7340000,0,0,0,0,0,0,0,0,1,0,0,0,1,0,0,0,0
7,1,2023,3053000,0,0,0,0,0,0,0,0,1,0,0,0,1,0,0,0,0
7,1,2023,5324000,0,0,0,0,0,0,0,0,1,0,0,0,1,0,0,0,0
7,1,2023,1047000,0,0,0,0,0,0,0,1,0,0,0,0,1,0,0,0,0
7,1,2023,479000,0,0,0,0,0,0,0,1,0,0,0,0,0,1,0,0,0
7,1,2023,132000,0,0,0,0,1,0,0,0,0,0,0,0,0,1,0,0,0
7,1,2023,26000,0,0,0,0,1,0,0,0,0,0,0,0,0,1,0,0,0
7,1,2023,157000,0,0,0,0,1,0,0,0,0,0,0,0,0,1,0,0,0
7,0,2023,3944000,0,0,0,0,0,0,0,0,1,0,0,1,0,0,0,0,0
7,0,2023,5956000,0,0,0,0,0,0,0,0,1,0,0,1,0,0,0,0,0
7,0,2023,307000,0,0,0,0,0,0,0,1,0,0,0,1,0,0,0,0,0
7,0,2023,40000,0,0,0,0,1,0,0,0,0,0,0,0,0,0,0,1,0
7,0,2023,11000,0,0,0,0,0,0,0,0,0,1,0,0,0,0,0,1,0
7,0,2023,173000,0,0,0,0,0,0,0,0,1,0,0,0,0,0,0,1,0
7,0,2023,10000,0,0,0,0,1,0,0,0,0,0,0,0,0,0,0,0,1
7,0,2023,356000,0,0,0,0,0,1,0,0,0,0,0,0,0,0,1,0,0
7,0,2023,362000,0,0,0,0,1,0,0,0,0,0,0,0,0,0,1,0,0
7,0,2023,8000,0,0,0,0,0,0,0,0,0,1,1,0,0,0,0,0,0
7,0,2023,1865000,0,0,0,0,0,0,0,0,1,0,1,0,0,0,0,0,0
7,1,2023,20000,0,0,0,0,1,0,0,0,0,0,0,0,1,0,0,0,0
7,1,2023,165000,0,0,0,0,0,0,0,0,1,0,0,0,1,0,0,0,0
7,1,2023,1834000,0,0,0,0,0,0,0,0,1,0,0,0,1,0,0,0,0
7,1,2023,104000,0,0,0,0,0,0,0,0,1,0,0,0,0,1,0,0,0
7,0,2023,130000,0,0,0,0,1,0,0,0,0,0,0,0,0,0,0,1,0
7,0,2023,2165000,0,0,0,0,0,0,0,0,1,0,0,0,0,0,0,1,0
7,0,2023,1989000,0,0,0,0,0,0,0,0,1,0,0,0,0,0,0,0,1
7,0,2023,110000,0,0,0,0,1,0,0,0,0,0,0,0,0,0,1,0,0
7,0,2023,239000,0,0,0,0,0,1,0,0,0,0,1,0,0,0,0,0,0
7,0,2023,7101000,0,0,0,0,0,0,0,0,1,0,1,0,0,0,0,0,0
7,1,2023,36000,0,0,0,0,1,0,0,0,0,0,0,0,1,0,0,0,0
7,0,2023,228000,0,0,0,0,0,0,0,1,0,0,0,1,0,0,0,0,0
7,0,2023,2546000,0,0,0,0,0,0,1,0,0,0,0,1,0,0,0,0,0
7,0,2023,86000,0,0,0,0,0,0,0,0,0,1,0,1,0,0,0,0,0
7,0,2023,140000,1,0,0,0,0,0,0,0,0,0,0,0,0,0,0,1,0
7,0,2023,20000,0,0,0,0,1,0,0,0,0,0,0,0,0,0,0,1,0
7,0,2023,111000,0,0,0,0,0,1,0,0,0,0,0,0,0,0,0,0,1
7,0,2023,101000,1,0,0,0,0,0,0,0,0,0,0,0,0,0,0,0,1
7,0,2023,182000,0,0,0,0,1,0,0,0,0,0,0,0,0,0,1,0,0
7,0,2023,1161000,0,0,0,0,0,0,0,0,1,0,0,0,0,0,1,0,0
7,0,2023,397000,0,0,0,0,0,0,0,1,0,0,0,0,0,0,1,0,0
7,0,2023,348000,0,0,1,0,0,0,0,0,0,0,0,0,0,0,1,0,0
7,1,2023,39000,0,0,0,0,1,0,0,0,0,0,0,0,1,0,0,0,0
7,1,2023,608000,0,0,0,0,0,1,0,0,0,0,0,0,1,0,0,0,0
7,1,2023,52000,0,0,0,0,0,0,0,0,0,1,0,0,1,0,0,0,0
7,1,2023,157000,0,0,0,0,1,0,0,0,0,0,0,0,1,0,0,0,0
7,1,2023,435000,1,0,0,0,0,0,0,0,0,0,0,0,0,1,0,0,0
7,1,2023,272000,0,0,0,1,0,0,0,0,0,0,0,0,0,1,0,0,0
7,1,2023,2635000,0,0,0,0,0,0,0,0,1,0,0,0,0,1,0,0,0
7,1,2023,696000,1,0,0,0,0,0,0,0,0,0,0,0,0,1,0,0,0
7,1,2023,187000,1,0,0,0,0,0,0,0,0,0,0,0,0,1,0,0,0
7,0,2023,25000,0,0,0,0,0,0,0,0,0,1,0,1,0,0,0,0,0
7,0,2023,4091000,0,0,0,0,0,0,0,0,1,0,0,1,0,0,0,0,0
7,0,2023,101000,0,0,0,0,1,0,0,0,0,0,0,1,0,0,0,0,0
7,0,2023,165000,0,0,0,0,0,0,0,1,0,0,0,1,0,0,0,0,0
7,0,2023,129000,0,0,0,0,1,0,0,0,0,0,0,0,0,0,0,1,0
7,0,2023,1838000,0,0,0,0,0,0,0,0,1,0,0,0,0,0,0,1,0
7,0,2023,206000,0,0,0,0,0,0,0,0,0,1,0,0,0,0,0,1,0
7,0,2023,2530000,0,0,0,0,0,0,0,0,1,0,0,0,0,0,0,0,1
7,0,2023,85000,0,0,0,0,0,0,0,0,1,0,0,0,0,0,1,0,0
7,0,2023,165000,0,0,0,0,0,1,0,0,0,0,0,0,0,0,1,0,0
7,0,2023,81000,0,0,0,0,1,0,0,0,0,0,1,0,0,0,0,0,0
7,1,2023,97000,0,0,0,0,1,0,0,0,0,0,0,0,1,0,0,0,0
7,1,2023,11000,0,0,0,0,0,0,0,0,0,1,0,0,1,0,0,0,0
7,1,2023,188000,0,0,0,0,0,0,0,0,0,1,0,0,0,1,0,0,0
7,1,2023,900000,0,0,0,0,0,0,0,1,0,0,0,0,0,1,0,0,0
7,1,2023,652000,0,0,1,0,0,0,0,0,0,0,0,0,0,1,0,0,0
7,0,2023,4507000,0,0,0,0,0,0,0,0,1,0,0,1,0,0,0,0,0
7,0,2023,2612000,0,0,0,0,0,0,0,0,1,0,0,1,0,0,0,0,0
7,0,2023,1040000,0,0,0,0,0,0,0,0,1,0,0,1,0,0,0,0,0
8,0,2023,364000,0,0,0,0,0,1,0,0,0,0,0,0,0,0,0,1,0
8,0,2023,2217000,0,0,0,0,0,0,1,0,0,0,0,0,0,0,0,1,0
8,0,2023,162000,1,0,0,0,0,0,0,0,0,0,0,0,0,0,0,0,1
8,0,2023,19000,0,0,0,0,0,0,0,0,0,1,0,0,0,0,0,0,1
8,0,2023,620000,1,0,0,0,0,0,0,0,0,0,0,0,0,0,0,0,1
8,0,2023,4204000,0,0,0,0,0,0,0,0,1,0,0,0,0,0,0,0,1
8,0,2023,711000,0,0,0,0,0,0,0,1,0,0,0,0,0,0,1,0,0
8,0,2023,199000,1,0,0,0,0,0,0,0,0,0,1,0,0,0,0,0,0
8,0,2023,523000,0,0,0,0,0,1,0,0,0,0,1,0,0,0,0,0,0
8,0,2023,118000,0,0,0,0,1,0,0,0,0,0,1,0,0,0,0,0,0
8,0,2023,316000,0,0,0,0,1,0,0,0,0,0,1,0,0,0,0,0,0
8,1,2023,46000,0,0,0,0,1,0,0,0,0,0,0,0,1,0,0,0,0
8,1,2023,60000,0,0,0,0,1,0,0,0,0,0,0,0,1,0,0,0,0
8,1,2023,218000,0,0,0,1,0,0,0,0,0,0,0,0,1,0,0,0,0
8,1,2023,385000,0,0,0,0,0,1,0,0,0,0,0,0,1,0,0,0,0
8,1,2023,194000,0,0,1,0,0,0,0,0,0,0,0,0,0,1,0,0,0
8,1,2023,660000,0,0,0,0,0,1,0,0,0,0,0,0,0,1,0,0,0
8,1,2023,103000,0,0,0,0,1,0,0,0,0,0,0,0,0,1,0,0,0
8,1,2023,211000,0,0,0,0,0,0,0,1,0,0,0,0,0,1,0,0,0
8,0,2023,61000,0,0,0,0,0,0,0,0,0,1,0,1,0,0,0,0,0
8,0,2023,5793000,0,0,0,0,0,0,0,0,1,0,0,1,0,0,0,0,0
8,0,2023,3336000,0,0,0,0,0,0,0,0,1,0,0,1,0,0,0,0,0
8,0,2023,126000,0,0,0,0,0,0,0,0,1,0,0,1,0,0,0,0,0
8,0,2023,1648000,0,0,0,0,0,0,0,0,1,0,0,1,0,0,0,0,0
8,0,2023,121000,1,0,0,0,0,0,0,0,0,0,0,1,0,0,0,0,0
8,0,2023,62000,0,0,0,0,1,0,0,0,0,0,0,0,0,0,0,1,0
8,0,2023,2534000,0,0,0,0,0,0,0,0,1,0,0,0,0,0,0,1,0
8,0,2023,3615000,0,0,0,0,0,0,0,0,1,0,0,0,0,0,0,0,1
8,0,2023,845000,0,0,0,0,0,0,0,0,1,0,0,0,0,0,0,0,1
8,0,2023,660000,0,0,1,0,0,0,0,0,0,0,0,0,0,0,0,0,1
8,0,2023,186000,1,0,0,0,0,0,0,0,0,0,0,0,0,0,1,0,0
8,0,2023,19000,0,0,0,0,1,0,0,0,0,0,0,0,0,0,1,0,0
8,0,2023,84000,0,0,0,0,1,0,0,0,0,0,0,0,0,0,1,0,0
8,0,2023,9000,0,0,0,0,0,0,0,0,0,1,1,0,0,0,0,0,0
8,0,2023,370000,0,0,0,0,0,0,0,1,0,0,1,0,0,0,0,0,0
8,0,2023,165000,0,0,0,0,0,0,0,0,1,0,1,0,0,0,0,0,0
8,1,2023,156000,1,0,0,0,0,0,0,0,0,0,0,0,1,0,0,0,0
8,1,2023,261000,0,0,0,0,0,1,0,0,0,0,0,0,1,0,0,0,0
8,1,2023,198000,0,0,0,0,0,0,0,0,0,1,0,0,1,0,0,0,0
8,1,2023,5720000,0,0,0,0,0,0,0,0,1,0,0,0,1,0,0,0,0
8,1,2023,2238000,0,0,0,0,0,0,0,0,1,0,0,0,1,0,0,0,0
8,1,2023,173000,0,0,0,0,1,0,0,0,0,0,0,0,1,0,0,0,0
8,0,2023,110000,1,0,0,0,0,0,0,0,0,0,0,1,0,0,0,0,0
8,0,2023,5279000,0,0,0,0,0,0,0,0,1,0,0,1,0,0,0,0,0
8,0,2023,94000,0,0,0,0,1,0,0,0,0,0,0,0,0,0,0,1,0
8,0,2023,227000,0,0,0,0,0,0,0,1,0,0,0,0,0,0,0,1,0
8,0,2023,170000,1,0,0,0,0,0,0,0,0,0,0,0,0,0,0,1,0
8,0,2023,593000,0,0,0,0,0,0,0,0,0,1,0,0,0,0,0,1,0
8,0,2023,53000,0,0,0,0,0,0,0,0,0,1,0,0,0,0,0,1,0
8,0,2023,16000,0,0,0,0,1,0,0,0,0,0,0,0,0,0,0,1,0
8,0,2023,64000,0,0,0,0,0,0,0,1,0,0,0,0,0,0,0,0,1
8,0,2023,67000,0,0,0,0,0,0,0,0,0,1,0,0,0,0,0,0,1
8,0,2023,148000,0,0,0,0,0,0,0,1,0,0,0,0,0,0,0,0,1
8,0,2023,4158000,0,0,0,0,0,0,0,0,1,0,0,0,0,0,0,0,1
8,0,2023,484000,1,0,0,0,0,0,0,0,0,0,0,0,0,0,0,0,1
8,0,2023,85000,0,0,0,0,1,0,0,0,0,0,0,0,0,0,1,0,0
8,0,2023,292000,0,0,0,0,0,0,0,1,0,0,0,0,0,0,1,0,0
8,0,2023,3228000,0,0,0,0,0,0,0,0,1,0,1,0,0,0,0,0,0
8,0,2023,100000,0,0,0,0,1,0,0,0,0,0,1,0,0,0,0,0,0
8,1,2023,373000,0,0,0,0,0,0,0,1,0,0,0,0,1,0,0,0,0
8,1,2023,19000,0,0,0,0,1,0,0,0,0,0,0,0,1,0,0,0,0
8,1,2023,181000,0,0,0,0,0,0,0,0,0,1,0,0,1,0,0,0,0
8,1,2023,6050000,0,0,0,0,0,0,0,0,1,0,0,0,0,1,0,0,0
8,1,2023,58000,0,0,0,0,0,0,0,0,0,1,0,0,0,1,0,0,0
8,1,2023,7000,0,0,0,0,0,0,0,0,0,1,0,0,0,1,0,0,0
8,1,2023,97000,0,0,0,0,1,0,0,0,0,0,0,0,0,1,0,0,0
8,0,2023,185000,0,0,0,0,0,0,0,1,0,0,0,0,0,0,0,1,0
8,0,2023,14000,0,0,0,0,0,0,0,0,0,1,0,0,0,0,0,1,0
8,0,2023,550000,0,0,1,0,0,0,0,0,0,0,0,0,0,0,0,1,0
8,0,2023,74000,0,0,0,0,0,0,0,0,0,1,0,0,0,0,0,1,0
8,0,2023,73000,0,0,0,0,0,0,0,0,0,1,0,0,0,0,0,0,1
8,0,2023,1079000,1,0,0,0,0,0,0,0,0,0,0,0,0,0,0,0,1
8,0,2023,87000,0,0,0,0,1,0,0,0,0,0,0,0,0,0,0,0,1
8,0,2023,62000,0,0,0,0,1,0,0,0,0,0,0,0,0,0,1,0,0
8,0,2023,2043000,0,0,0,0,0,0,0,0,1,0,0,0,0,0,1,0,0
8,0,2023,115000,0,0,0,0,1,0,0,0,0,0,0,0,0,0,1,0,0
8,0,2023,352000,0,0,0,0,0,0,0,1,0,0,0,0,0,0,1,0,0
8,0,2023,47000,0,0,0,0,1,0,0,0,0,0,1,0,0,0,0,0,0
8,1,2023,208000,0,0,0,0,0,0,0,1,0,0,0,0,1,0,0,0,0
8,1,2023,10412000,0,0,0,0,0,1,0,0,0,0,0,0,1,0,0,0,0
8,1,2023,182000,0,0,0,0,1,0,0,0,0,0,0,0,1,0,0,0,0
8,1,2023,47000,0,0,0,0,1,0,0,0,0,0,0,0,1,0,0,0,0
8,1,2023,62000,0,0,0,0,0,0,0,0,0,1,0,0,0,1,0,0,0
8,1,2023,55000,0,0,0,0,0,0,0,1,0,0,0,0,0,1,0,0,0
8,1,2023,3575000,0,0,0,0,0,0,0,0,1,0,0,0,0,1,0,0,0
8,1,2023,13000,0,0,0,0,1,0,0,0,0,0,0,0,0,1,0,0,0
8,1,2023,48000,0,0,0,0,0,0,0,0,0,1,0,0,0,1,0,0,0
8,1,2023,90000,0,0,0,0,0,0,0,0,1,0,0,0,0,1,0,0,0
8,1,2023,108000,0,0,0,0,1,0,0,0,0,0,0,0,0,1,0,0,0
8,0,2023,378000,0,0,0,0,0,0,0,0,0,1,0,0,0,0,0,1,0
8,0,2023,128000,0,0,0,0,0,0,0,0,0,1,0,0,0,0,0,1,0
8,0,2023,437000,0,0,0,0,0,1,0,0,0,0,0,0,0,0,0,1,0
8,0,2023,16000,0,0,0,0,0,0,0,0,0,1,0,0,0,0,0,1,0
8,0,2023,3271000,0,0,0,0,0,0,0,0,1,0,0,0,0,0,0,1,0
8,0,2023,182000,0,0,0,0,1,0,0,0,0,0,0,0,0,0,0,0,1
8,0,2023,1134000,0,0,0,0,0,0,0,0,1,0,0,0,0,0,0,0,1
8,0,2023,283000,0,0,0,0,0,1,0,0,0,0,0,0,0,0,1,0,0
8,0,2023,43000,0,0,0,0,0,0,0,0,0,1,0,0,0,0,1,0,0
8,0,2023,130000,1,0,0,0,0,0,0,0,0,0,0,0,0,0,1,0,0
8,0,2023,11000,0,0,0,0,1,0,0,0,0,0,0,0,0,0,1,0,0
8,0,2023,1618000,0,0,0,0,0,0,0,0,1,0,0,0,0,0,1,0,0
8,0,2023,4042000,0,0,0,0,0,0,0,0,1,0,0,0,0,0,1,0,0
8,0,2023,182000,0,0,0,1,0,0,0,0,0,0,0,0,0,0,1,0,0
8,0,2023,984000,0,0,0,0,0,0,0,0,1,0,0,0,0,0,1,0,0
9,1,2023,2241000,0,0,0,0,0,0,0,0,1,0,0,0,1,0,0,0,0
9,1,2023,261000,0,0,0,0,0,0,0,1,0,0,0,0,0,1,0,0,0
9,1,2023,3261000,0,0,0,0,0,0,0,0,1,0,0,0,0,1,0,0,0
9,0,2023,1950000,0,0,0,0,0,0,0,0,1,0,0,1,0,0,0,0,0
9,0,2023,91000,0,0,0,1,0,0,0,0,0,0,0,1,0,0,0,0,0
9,0,2023,3241000,0,0,0,0,0,0,1,0,0,0,0,1,0,0,0,0,0
9,0,2023,3797000,0,0,0,0,0,0,0,0,1,0,0,0,0,0,0,1,0
9,0,2023,526000,0,0,0,0,0,0,0,1,0,0,0,0,0,0,0,1,0
9,0,2023,58000,0,0,0,0,0,0,0,0,0,1,0,0,0,0,0,0,1
9,0,2023,26000,0,0,0,0,0,0,0,0,0,1,0,0,0,0,0,0,1
9,0,2023,23000,0,0,0,0,0,0,0,0,0,1,0,0,0,0,0,0,1
9,0,2023,492000,0,0,0,0,0,0,0,1,0,0,0,0,0,0,0,0,1
9,0,2023,82000,0,0,0,0,0,1,0,0,0,0,0,0,0,0,1,0,0
9,0,2023,113000,0,0,0,0,1,0,0,0,0,0,0,0,0,0,1,0,0
9,0,2023,165000,0,0,0,0,0,0,0,1,0,0,1,0,0,0,0,0,0
9,0,2023,494000,0,0,0,0,0,0,0,1,0,0,1,0,0,0,0,0,0
9,0,2023,7611000,0,0,0,0,0,0,0,0,1,0,1,0,0,0,0,0,0
9,0,2023,119000,1,0,0,0,0,0,0,0,0,0,1,0,0,0,0,0,0
9,1,2023,340000,0,0,0,0,0,1,0,0,0,0,0,0,1,0,0,0,0
9,1,2023,225000,0,0,0,0,0,1,0,0,0,0,0,0,1,0,0,0,0
9,1,2023,116000,0,0,0,0,1,0,0,0,0,0,0,0,1,0,0,0,0
9,1,2023,224000,0,0,0,0,0,0,0,0,0,1,0,0,0,1,0,0,0
9,1,2023,419000,0,0,0,0,0,1,0,0,0,0,0,0,0,1,0,0,0
9,1,2023,192000,0,0,0,0,0,1,0,0,0,0,0,0,0,1,0,0,0
9,0,2023,1683000,0,0,0,0,0,0,1,0,0,0,0,1,0,0,0,0,0
9,0,2023,2713000,0,0,0,0,0,0,0,0,1,0,0,1,0,0,0,0,0
9,0,2023,77000,0,0,0,0,1,0,0,0,0,0,0,0,0,0,0,0,1
9,0,2023,15000,0,0,0,0,0,0,0,0,0,1,0,0,0,0,0,0,1
9,0,2023,180000,0,0,0,0,0,0,0,0,0,1,0,0,0,0,0,0,1
9,0,2023,14000,0,0,0,0,0,0,0,0,0,1,0,0,0,0,1,0,0
9,0,2023,53000,1,0,0,0,0,0,0,0,0,0,0,0,0,0,1,0,0
9,0,2023,157000,0,0,0,0,0,0,0,0,0,1,1,0,0,0,0,0,0
9,0,2023,26000,0,0,0,0,0,0,0,0,0,1,1,0,0,0,0,0,0
9,0,2023,526000,0,0,0,0,0,0,0,0,0,1,1,0,0,0,0,0,0
9,0,2023,133000,0,0,0,0,0,1,0,0,0,0,1,0,0,0,0,0,0
9,0,2023,523000,0,0,0,0,0,0,0,0,0,1,1,0,0,0,0,0,0
9,0,2023,53000,0,0,0,0,1,0,0,0,0,0,1,0,0,0,0,0,0
9,1,2023,866000,0,0,0,0,0,0,0,0,0,1,0,0,1,0,0,0,0
9,1,2023,1380000,0,0,0,0,0,0,0,0,1,0,0,0,1,0,0,0,0
9,1,2023,64000,0,0,0,0,1,0,0,0,0,0,0,0,1,0,0,0,0
9,1,2023,7537000,0,0,0,0,0,0,0,0,1,0,0,0,0,1,0,0,0
9,1,2023,1444000,0,0,0,0,0,0,0,0,1,0,0,0,0,1,0,0,0
9,1,2023,62000,0,0,0,0,0,0,0,0,1,0,0,0,0,1,0,0,0
9,0,2023,96000,0,0,0,0,0,1,0,0,0,0,0,1,0,0,0,0,0
9,0,2023,180000,1,0,0,0,0,0,0,0,0,0,0,1,0,0,0,0,0
9,0,2023,80000,0,0,0,0,0,0,0,0,1,0,0,0,0,0,0,1,0
9,0,2023,68000,0,0,0,0,1,0,0,0,0,0,0,0,0,0,0,1,0
9,0,2023,219000,0,0,0,0,0,0,0,1,0,0,0,0,0,0,0,1,0
9,0,2023,234000,0,0,0,1,0,0,0,0,0,0,0,0,0,0,1,0,0
9,0,2023,91000,0,0,0,0,0,0,0,0,0,1,0,0,0,0,1,0,0
9,0,2023,130000,0,0,0,0,1,0,0,0,0,0,1,0,0,0,0,0,0
9,0,2023,145000,0,0,0,0,1,0,0,0,0,0,1,0,0,0,0,0,0
9,0,2023,51000,0,0,0,0,1,0,0,0,0,0,1,0,0,0,0,0,0
9,0,2023,13000,0,0,0,0,1,0,0,0,0,0,1,0,0,0,0,0,0
9,0,2023,29000,0,0,0,0,1,0,0,0,0,0,1,0,0,0,0,0,0
9,0,2023,4181000,0,0,0,0,0,0,0,0,1,0,1,0,0,0,0,0,0
9,1,2023,64000,0,0,0,0,1,0,0,0,0,0,0,0,1,0,0,0,0
9,1,2023,62000,0,0,0,0,1,0,0,0,0,0,0,0,1,0,0,0,0
9,1,2023,43000,0,0,0,0,0,0,0,0,0,1,0,0,1,0,0,0,0
9,1,2023,44000,0,0,0,0,0,0,0,1,0,0,0,0,1,0,0,0,0
9,1,2023,90000,0,0,0,0,0,0,0,0,0,1,0,0,0,1,0,0,0
9,1,2023,102000,0,0,0,0,0,1,0,0,0,0,0,0,0,1,0,0,0
9,1,2023,186000,0,0,0,0,0,1,0,0,0,0,0,0,0,1,0,0,0
9,1,2023,92000,0,0,0,0,1,0,0,0,0,0,0,0,0,1,0,0,0
9,1,2023,165000,0,0,0,0,0,0,0,0,0,1,0,0,0,1,0,0,0
9,1,2023,100000,0,0,0,0,1,0,0,0,0,0,0,0,0,1,0,0,0
9,1,2023,550000,0,0,0,0,0,0,0,1,0,0,0,0,0,1,0,0,0
9,0,2023,796000,0,0,0,0,0,0,0,1,0,0,0,0,0,0,0,1,0
9,0,2023,113000,0,0,0,0,0,0,0,0,1,0,0,0,0,0,0,1,0
9,0,2023,56000,0,0,0,0,0,1,0,0,0,0,0,0,0,0,0,0,1
9,0,2023,286000,0,0,0,0,0,0,0,0,0,1,0,0,0,0,0,0,1
9,0,2023,146000,0,0,0,0,1,0,0,0,0,0,0,0,0,0,0,0,1
9,0,2023,3851000,0,0,0,0,0,0,0,0,1,0,0,0,0,0,0,0,1
9,0,2023,337000,0,0,0,0,0,0,0,0,0,1,0,0,0,0,1,0,0
9,0,2023,4500000,0,0,0,0,0,0,0,0,1,0,1,0,0,0,0,0,0
9,0,2023,196000,0,0,1,0,0,0,0,0,0,0,1,0,0,0,0,0,0
9,0,2023,344000,0,0,0,0,0,0,0,1,0,0,1,0,0,0,0,0,0
9,1,2023,134000,1,0,0,0,0,0,0,0,0,0,0,0,1,0,0,0,0
9,1,2023,6382000,0,0,0,0,0,0,0,0,1,0,0,0,1,0,0,0,0
9,1,2023,506000,1,0,0,0,0,0,0,0,0,0,0,0,1,0,0,0,0
9,1,2023,155000,0,0,0,0,1,0,0,0,0,0,0,0,1,0,0,0,0
10,1,2023,79000,0,0,0,0,0,0,0,0,0,1,0,0,0,1,0,0,0
10,1,2023,66000,0,0,0,0,1,0,0,0,0,0,0,0,0,1,0,0,0
10,1,2023,39000,0,0,0,0,0,0,0,0,1,0,0,0,0,1,0,0,0
10,0,2023,202000,0,0,1,0,0,0,0,0,0,0,0,1,0,0,0,0,0
10,0,2023,88000,0,0,0,0,0,0,0,0,1,0,0,1,0,0,0,0,0
10,0,2023,108000,0,0,0,0,1,0,0,0,0,0,0,1,0,0,0,0,0
10,0,2023,167000,0,0,0,0,1,0,0,0,0,0,0,0,0,0,0,1,0
10,0,2023,41000,0,0,0,0,1,0,0,0,0,0,0,0,0,0,0,1,0
10,0,2023,138000,0,0,0,0,0,0,0,0,0,1,0,0,0,0,0,1,0
10,0,2023,112000,0,0,1,0,0,0,0,0,0,0,0,0,0,0,0,0,1
10,0,2023,80000,0,0,0,0,1,0,0,0,0,0,0,0,0,0,0,0,1
10,0,2023,242000,1,0,0,0,0,0,0,0,0,0,0,0,0,0,0,0,1
10,0,2023,1325000,0,0,0,0,0,0,1,0,0,0,0,0,0,0,1,0,0
10,0,2023,6000,0,0,0,0,0,0,0,0,0,1,0,0,0,0,1,0,0
10,0,2023,605000,0,0,0,0,0,0,0,1,0,0,0,0,0,0,1,0,0
10,1,2023,1647000,0,0,0,0,0,0,0,0,1,0,0,0,1,0,0,0,0
10,1,2023,352000,0,0,0,1,0,0,0,0,0,0,0,0,1,0,0,0,0
10,1,2023,314000,0,0,0,0,0,1,0,0,0,0,0,0,1,0,0,0,0
10,1,2023,1430000,0,0,0,0,0,0,0,1,0,0,0,0,1,0,0,0,0
10,1,2023,148000,0,0,0,0,1,0,0,0,0,0,0,0,1,0,0,0,0
10,1,2023,12000,0,0,0,0,1,0,0,0,0,0,0,0,1,0,0,0,0
10,1,2023,140000,0,0,1,0,0,0,0,0,0,0,0,0,0,1,0,0,0
10,1,2023,297000,0,0,0,0,0,0,0,1,0,0,0,0,0,1,0,0,0
10,1,2023,89000,0,0,0,0,1,0,0,0,0,0,0,0,0,1,0,0,0
10,1,2023,6906000,0,0,0,0,0,0,0,0,1,0,0,0,0,1,0,0,0
10,1,2023,8360000,0,0,0,0,0,0,0,0,1,0,0,0,0,1,0,0,0
10,0,2023,452000,0,0,0,0,0,0,0,1,0,0,0,1,0,0,0,0,0
10,0,2023,56000,0,0,0,0,1,0,0,0,0,0,0,1,0,0,0,0,0
10,0,2023,578000,0,0,0,0,0,0,0,0,0,1,0,1,0,0,0,0,0
10,0,2023,148000,0,0,0,0,0,0,0,0,0,1,0,1,0,0,0,0,0
10,0,2023,6050000,0,0,0,0,0,0,0,0,1,0,0,0,0,0,0,1,0
10,0,2023,93000,1,0,0,0,0,0,0,0,0,0,0,0,0,0,0,1,0
10,0,2023,107000,0,0,0,0,0,0,0,1,0,0,0,0,0,0,0,1,0
10,0,2023,232000,0,0,0,0,0,1,0,0,0,0,0,0,0,0,0,1,0
10,0,2023,153000,0,0,0,0,0,0,0,1,0,0,0,0,0,0,0,1,0
10,0,2023,222000,0,0,0,1,0,0,0,0,0,0,0,0,0,0,1,0,0
10,0,2023,418000,1,0,0,0,0,0,0,0,0,0,0,0,0,0,1,0,0
10,0,2023,145000,0,0,0,0,0,1,0,0,0,0,0,0,0,0,1,0,0
10,0,2023,388000,0,0,1,0,0,0,0,0,0,0,0,0,0,0,1,0,0
10,0,2023,23000,0,0,0,0,0,0,0,0,0,1,1,0,0,0,0,0,0
10,0,2023,318000,0,0,0,0,0,1,0,0,0,0,1,0,0,0,0,0,0
10,0,2023,15000,0,0,0,0,1,0,0,0,0,0,1,0,0,0,0,0,0
10,0,2023,180000,0,0,0,0,0,0,0,1,0,0,1,0,0,0,0,0,0
10,1,2023,127000,0,0,1,0,0,0,0,0,0,0,0,0,1,0,0,0,0
10,1,2023,126000,0,0,0,0,0,0,0,1,0,0,0,0,1,0,0,0,0
10,1,2023,1659000,1,0,0,0,0,0,0,0,0,0,0,0,1,0,0,0,0
10,1,2023,22000,0,0,0,0,1,0,0,0,0,0,0,0,1,0,0,0,0
10,1,2023,40000,0,0,0,0,0,0,0,0,0,1,0,0,1,0,0,0,0
10,1,2023,94000,0,0,0,0,1,0,0,0,0,0,0,0,1,0,0,0,0
10,1,2023,182000,0,0,0,0,0,0,0,0,0,1,0,0,0,1,0,0,0
10,0,2023,36000,0,0,0,0,1,0,0,0,0,0,0,1,0,0,0,0,0
10,0,2023,137000,0,0,0,0,1,0,0,0,0,0,0,1,0,0,0,0,0
10,0,2023,81000,0,0,0,0,1,0,0,0,0,0,0,1,0,0,0,0,0
10,0,2023,146000,0,0,0,0,1,0,0,0,0,0,0,0,0,0,0,1,0
10,0,2023,141000,0,0,0,0,0,0,0,0,0,1,0,0,0,0,0,1,0
10,0,2023,5944000,0,0,0,0,0,0,0,0,1,0,0,0,0,0,0,1,0
10,0,2023,159000,0,0,0,0,1,0,0,0,0,0,0,0,0,0,0,1,0
10,0,2023,87000,0,0,0,0,0,0,0,1,0,0,0,0,0,0,0,0,1
10,0,2023,81000,1,0,0,0,0,0,0,0,0,0,0,0,0,0,0,0,1
10,0,2023,603000,0,0,1,0,0,0,0,0,0,0,0,0,0,0,0,0,1
10,0,2023,1705000,0,0,0,0,0,0,0,0,1,0,0,0,0,0,0,0,1
10,0,2023,173000,0,0,0,0,0,0,0,0,0,1,0,0,0,0,0,0,1
10,0,2023,157000,0,0,0,0,1,0,0,0,0,0,0,0,0,0,1,0,0
10,0,2023,405000,0,0,0,0,0,0,0,1,0,0,0,0,0,0,1,0,0
10,0,2023,189000,0,0,0,0,0,0,0,1,0,0,0,0,0,0,1,0,0
10,0,2023,1187000,0,0,0,0,0,0,0,0,1,0,0,0,0,0,1,0,0
10,0,2023,1486000,0,0,0,0,0,0,0,0,1,0,0,0,0,0,1,0,0
10,0,2023,314000,0,0,0,0,1,0,0,0,0,0,1,0,0,0,0,0,0
10,0,2023,115000,0,0,0,0,0,0,0,0,0,1,1,0,0,0,0,0,0
10,1,2023,211000,0,0,0,0,1,0,0,0,0,0,0,0,1,0,0,0,0
10,1,2023,184000,0,0,0,0,0,0,0,1,0,0,0,0,1,0,0,0,0
10,1,2023,16000,0,0,0,0,1,0,0,0,0,0,0,0,1,0,0,0,0
10,1,2023,27000,0,0,0,0,0,0,0,0,0,1,0,0,1,0,0,0,0
10,1,2023,135000,0,0,0,0,1,0,0,0,0,0,0,0,1,0,0,0,0
10,1,2023,192000,0,0,0,0,0,0,0,1,0,0,0,0,0,1,0,0,0
10,1,2023,15000,0,0,0,0,0,0,0,0,0,1,0,0,0,1,0,0,0
10,1,2023,25000,0,0,0,0,1,0,0,0,0,0,0,0,0,1,0,0,0
10,1,2023,329000,0,0,0,0,0,0,0,1,0,0,0,0,0,1,0,0,0
10,0,2023,113000,0,0,0,0,0,0,0,0,0,1,0,1,0,0,0,0,0
10,0,2023,2571000,0,0,0,0,0,0,0,0,1,0,0,1,0,0,0,0,0
10,0,2023,61000,1,0,0,0,0,0,0,0,0,0,0,1,0,0,0,0,0
10,0,2023,157000,0,0,0,0,1,0,0,0,0,0,0,1,0,0,0,0,0
10,0,2023,88000,0,0,0,0,1,0,0,0,0,0,0,1,0,0,0,0,0
10,0,2023,136000,0,0,0,0,1,0,0,0,0,0,0,1,0,0,0,0,0
10,0,2023,208000,0,0,0,0,1,0,0,0,0,0,0,1,0,0,0,0,0
10,0,2023,74000,0,0,0,0,0,0,0,0,0,1,0,0,0,0,0,1,0
10,0,2023,271000,0,0,0,1,0,0,0,0,0,0,0,0,0,0,0,0,1
10,0,2023,2000000,0,0,0,0,0,0,0,0,1,0,0,0,0,0,0,0,1
10,0,2023,282000,0,0,0,0,0,1,0,0,0,0,0,0,0,0,1,0,0
10,0,2023,1556000,0,0,0,0,0,0,1,0,0,0,0,0,0,0,1,0,0
10,0,2023,1063000,0,0,0,0,0,1,0,0,0,0,0,0,0,0,1,0,0
10,0,2023,2068000,0,0,0,0,0,0,0,0,1,0,0,0,0,0,1,0,0
10,0,2023,7748000,0,0,0,0,0,0,0,0,1,0,1,0,0,0,0,0,0
10,0,2023,58000,0,0,0,0,1,0,0,0,0,0,1,0,0,0,0,0,0
10,1,2023,270000,0,0,0,0,0,0,0,1,0,0,0,0,1,0,0,0,0
10,1,2023,242000,1,0,0,0,0,0,0,0,0,0,0,0,1,0,0,0,0
10,1,2023,123000,0,0,0,0,1,0,0,0,0,0,0,0,1,0,0,0,0
10,1,2023,75000,1,0,0,0,0,0,0,0,0,0,0,0,1,0,0,0,0
10,1,2023,23000,0,0,0,0,1,0,0,0,0,0,0,0,1,0,0,0,0
10,1,2023,54000,1,0,0,0,0,0,0,0,0,0,0,0,0,1,0,0,0
10,1,2023,115000,0,0,0,0,0,0,0,0,0,1,0,0,0,1,0,0,0
10,1,2023,110000,0,0,0,0,0,0,0,0,1,0,0,0,0,1,0,0,0
10,1,2023,132000,0,0,0,0,0,0,0,0,0,1,0,0,0,1,0,0,0
10,1,2023,3742000,0,0,0,0,0,0,0,0,1,0,0,0,0,1,0,0,0
10,1,2023,40000,0,0,0,0,1,0,0,0,0,0,0,0,0,1,0,0,0
10,1,2023,53000,0,0,0,0,0,0,0,1,0,0,0,0,0,1,0,0,0
10,0,2023,7680000,0,0,0,0,0,0,0,0,1,0,0,1,0,0,0,0,0
10,0,2023,87000,0,0,0,0,0,0,0,0,0,1,0,1,0,0,0,0,0
10,0,2023,39000,0,0,0,0,1,0,0,0,0,0,0,1,0,0,0,0,0
10,0,2023,407000,1,0,0,0,0,0,0,0,0,0,0,0,0,0,0,1,0
10,0,2023,12000,0,0,0,0,0,0,0,0,0,1,0,0,0,0,0,1,0
10,0,2023,1744000,0,0,0,0,0,0,0,0,1,0,0,0,0,0,0,1,0
11,0,2023,95000,0,0,0,0,1,0,0,0,0,0,0,0,0,0,0,0,1
11,0,2023,105000,0,0,0,0,1,0,0,0,0,0,0,0,0,0,0,0,1
11,0,2023,114000,0,0,0,0,1,0,0,0,0,0,0,0,0,0,1,0,0
11,0,2023,76000,0,0,0,0,1,0,0,0,0,0,0,0,0,0,1,0,0
11,0,2023,876000,1,0,0,0,0,0,0,0,0,0,1,0,0,0,0,0,0
11,0,2023,30000,0,0,0,0,1,0,0,0,0,0,1,0,0,0,0,0,0
11,0,2023,69000,0,0,0,0,0,0,0,0,0,1,1,0,0,0,0,0,0
11,1,2023,168000,0,0,0,0,1,0,0,0,0,0,0,0,1,0,0,0,0
11,1,2023,91000,0,0,0,0,1,0,0,0,0,0,0,0,1,0,0,0,0
11,1,2023,166000,0,0,0,0,0,0,0,1,0,0,0,0,0,1,0,0,0
11,1,2023,142000,0,0,0,0,1,0,0,0,0,0,0,0,0,1,0,0,0
11,1,2023,107000,0,0,0,0,1,0,0,0,0,0,0,0,0,1,0,0,0
11,0,2023,16000,0,0,0,0,1,0,0,0,0,0,0,1,0,0,0,0,0
11,0,2023,2441000,0,0,0,0,0,0,0,0,1,0,0,1,0,0,0,0,0
11,0,2023,204000,0,0,0,0,0,0,0,0,0,1,0,1,0,0,0,0,0
11,0,2023,130000,0,0,0,0,0,0,0,0,0,1,0,1,0,0,0,0,0
11,0,2023,16000,0,0,0,0,0,0,0,1,0,0,0,1,0,0,0,0,0
11,0,2023,87000,0,0,0,0,1,0,0,0,0,0,0,1,0,0,0,0,0
11,0,2023,198000,0,0,0,0,0,0,0,0,1,0,0,0,0,0,0,1,0
11,0,2023,1357000,0,0,0,0,0,0,0,0,1,0,0,0,0,0,0,1,0
11,0,2023,5344000,0,0,0,0,0,0,0,0,1,0,0,0,0,0,0,0,1
11,0,2023,2490000,0,0,0,0,0,0,0,0,1,0,0,0,0,0,0,0,1
11,0,2023,326000,0,0,0,0,0,0,0,1,0,0,0,0,0,0,0,0,1
11,0,2023,49000,0,0,0,0,1,0,0,0,0,0,0,0,0,0,1,0,0
11,0,2023,405000,0,0,1,0,0,0,0,0,0,0,0,0,0,0,1,0,0
11,0,2023,364000,0,0,0,0,0,1,0,0,0,0,0,0,0,0,1,0,0
11,0,2023,111000,0,0,0,0,1,0,0,0,0,0,1,0,0,0,0,0,0
11,1,2023,279000,0,0,0,1,0,0,0,0,0,0,0,0,1,0,0,0,0
11,1,2023,122000,0,0,0,0,1,0,0,0,0,0,0,0,1,0,0,0,0
11,1,2023,1058000,0,0,0,0,0,0,1,0,0,0,0,0,1,0,0,0,0
11,1,2023,5956000,0,0,0,0,0,0,0,0,1,0,0,0,0,1,0,0,0
11,1,2023,50000,0,0,0,0,0,0,0,0,0,1,0,0,0,1,0,0,0
11,0,2023,646000,1,0,0,0,0,0,0,0,0,0,0,1,0,0,0,0,0
11,0,2023,1506000,1,0,0,0,0,0,0,0,0,0,0,1,0,0,0,0,0
11,0,2023,1516000,0,0,0,0,0,0,0,0,1,0,0,1,0,0,0,0,0
11,0,2023,184000,0,0,0,0,0,0,0,1,0,0,0,1,0,0,0,0,0
11,0,2023,319000,0,0,1,0,0,0,0,0,0,0,0,0,0,0,0,1,0
11,0,2023,264000,0,0,0,0,0,0,0,0,0,1,0,0,0,0,0,1,0
11,0,2023,116000,0,0,0,0,1,0,0,0,0,0,0,0,0,0,0,0,1
11,0,2023,74000,1,0,0,0,0,0,0,0,0,0,0,0,0,0,1,0,0
11,0,2023,11000,0,0,0,0,1,0,0,0,0,0,0,0,0,0,1,0,0
11,0,2023,3206000,0,0,0,0,0,0,1,0,0,0,0,0,0,0,1,0,0
11,0,2023,711000,0,0,0,0,0,0,0,0,0,1,0,0,0,0,1,0,0
11,0,2023,466000,0,0,0,0,0,0,0,1,0,0,1,0,0,0,0,0,0
11,0,2023,468000,1,0,0,0,0,0,0,0,0,0,1,0,0,0,0,0,0
11,0,2023,554000,0,0,0,0,0,0,0,0,0,1,1,0,0,0,0,0,0
11,1,2023,407000,0,0,0,0,0,0,0,1,0,0,0,0,1,0,0,0,0
11,1,2023,33000,0,0,0,0,1,0,0,0,0,0,0,0,1,0,0,0,0
11,1,2023,241000,0,0,0,0,0,1,0,0,0,0,0,0,1,0,0,0,0
11,1,2023,6283000,0,0,0,0,0,0,0,0,1,0,0,0,1,0,0,0,0
11,1,2023,119000,0,0,0,0,1,0,0,0,0,0,0,0,1,0,0,0,0
11,1,2023,2294000,0,0,0,0,0,0,0,0,1,0,0,0,0,1,0,0,0
11,1,2023,306000,1,0,0,0,0,0,0,0,0,0,0,0,0,1,0,0,0
11,1,2023,1495000,0,0,1,0,0,0,0,0,0,0,0,0,0,1,0,0,0
11,0,2023,69000,0,0,0,0,1,0,0,0,0,0,0,1,0,0,0,0,0
11,0,2023,1299000,0,0,0,0,0,0,0,0,1,0,0,1,0,0,0,0,0
11,0,2023,94000,0,0,0,0,1,0,0,0,0,0,0,1,0,0,0,0,0
11,0,2023,82000,0,0,0,0,1,0,0,0,0,0,0,1,0,0,0,0,0
11,0,2023,140000,1,0,0,0,0,0,0,0,0,0,0,1,0,0,0,0,0
11,0,2023,1864000,0,0,0,0,0,0,0,0,1,0,0,1,0,0,0,0,0
11,0,2023,3218000,0,0,0,0,0,0,0,0,1,0,0,1,0,0,0,0,0
11,0,2023,16000,0,0,0,0,0,0,0,0,0,1,0,0,0,0,0,1,0
11,0,2023,55000,0,0,0,0,0,0,0,0,1,0,0,0,0,0,0,1,0
11,0,2023,194000,0,0,0,0,0,1,0,0,0,0,0,0,0,0,0,1,0
11,0,2023,73000,1,0,0,0,0,0,0,0,0,0,0,0,0,0,0,1,0
11,0,2023,1859000,0,0,0,0,0,0,0,0,1,0,0,0,0,0,0,0,1
11,0,2023,110000,0,0,0,0,0,0,0,0,1,0,0,0,0,0,0,0,1
11,0,2023,1815000,0,0,0,0,0,1,0,0,0,0,0,0,0,0,0,0,1
11,0,2023,50000,0,0,0,0,0,0,0,0,0,1,0,0,0,0,1,0,0
11,0,2023,633000,0,0,0,0,0,0,1,0,0,0,0,0,0,0,1,0,0
11,0,2023,2342000,0,0,0,0,0,0,0,0,1,0,0,0,0,0,1,0,0
11,0,2023,5000,0,0,0,0,1,0,0,0,0,0,0,0,0,0,1,0,0
11,0,2023,42000,0,0,0,0,1,0,0,0,0,0,0,0,0,0,1,0,0
11,0,2023,4333000,0,0,0,0,0,0,0,0,1,0,1,0,0,0,0,0,0
11,0,2023,351000,1,0,0,0,0,0,0,0,0,0,1,0,0,0,0,0,0
11,0,2023,464000,0,0,0,0,0,0,0,1,0,0,1,0,0,0,0,0,0
11,1,2023,4000,0,0,0,0,0,0,0,0,0,1,0,0,1,0,0,0,0
11,1,2023,239000,0,0,0,0,0,0,0,1,0,0,0,0,1,0,0,0,0
11,1,2023,641000,0,0,0,0,0,0,0,1,0,0,0,0,0,1,0,0,0
11,1,2023,457000,0,0,0,0,0,1,0,0,0,0,0,0,0,1,0,0,0
11,1,2023,128000,1,0,0,0,0,0,0,0,0,0,0,0,0,1,0,0,0
11,0,2023,103000,0,0,0,0,1,0,0,0,0,0,0,1,0,0,0,0,0
11,0,2023,164000,1,0,0,0,0,0,0,0,0,0,0,1,0,0,0,0,0
11,0,2023,55000,0,0,0,0,0,0,0,1,0,0,0,1,0,0,0,0,0
11,0,2023,65000,0,0,0,0,1,0,0,0,0,0,0,1,0,0,0,0,0
11,0,2023,142000,0,0,0,0,1,0,0,0,0,0,0,1,0,0,0,0,0
11,0,2023,55000,0,0,0,0,0,0,0,0,0,1,0,1,0,0,0,0,0
11,0,2023,44000,0,0,0,0,1,0,0,0,0,0,0,1,0,0,0,0,0
11,0,2023,264000,0,0,1,0,0,0,0,0,0,0,0,0,0,0,0,1,0
11,0,2023,256000,1,0,0,0,0,0,0,0,0,0,0,0,0,0,0,1,0
11,0,2023,12000,0,0,0,0,1,0,0,0,0,0,0,0,0,0,0,1,0
11,0,2023,1595000,0,0,0,0,0,0,0,0,1,0,0,0,0,0,0,0,1
11,0,2023,209000,0,0,0,0,1,0,0,0,0,0,0,0,0,0,0,0,1
11,0,2023,218000,0,0,0,0,0,0,0,1,0,0,0,0,0,0,0,0,1
11,0,2023,168000,0,0,0,0,0,1,0,0,0,0,0,0,0,0,0,0,1
11,0,2023,35000,0,0,0,0,1,0,0,0,0,0,0,0,0,0,0,0,1
11,0,2023,300000,1,0,0,0,0,0,0,0,0,0,0,0,0,0,0,0,1
11,0,2023,2523000,0,0,0,0,0,0,1,0,0,0,0,0,0,0,0,0,1
11,0,2023,1081000,0,0,0,0,0,0,0,0,1,0,0,0,0,0,0,0,1
11,0,2023,104000,0,0,0,0,1,0,0,0,0,0,0,0,0,0,0,0,1
11,0,2023,550000,0,0,0,0,0,0,0,1,0,0,0,0,0,0,1,0,0
11,0,2023,70000,0,0,0,0,0,0,0,0,0,1,0,0,0,0,1,0,0
12,0,2023,174000,0,0,1,0,0,0,0,0,0,0,1,0,0,0,0,0,0
12,0,2023,4067000,0,0,0,0,0,0,0,0,1,0,1,0,0,0,0,0,0
12,0,2023,602000,0,0,0,0,0,0,0,1,0,0,1,0,0,0,0,0,0
12,0,2023,240000,0,0,1,0,0,0,0,0,0,0,1,0,0,0,0,0,0
12,0,2023,265000,0,0,1,0,0,0,0,0,0,0,1,0,0,0,0,0,0
12,1,2023,361000,0,0,0,0,0,0,0,0,0,1,0,0,1,0,0,0,0
12,1,2023,111000,0,0,0,0,0,0,0,0,1,0,0,0,1,0,0,0,0
12,1,2023,119000,0,0,0,1,0,0,0,0,0,0,0,0,1,0,0,0,0
12,1,2023,44000,0,0,0,0,1,0,0,0,0,0,0,0,1,0,0,0,0
12,1,2023,443000,0,0,1,0,0,0,0,0,0,0,0,0,0,1,0,0,0
12,1,2023,298000,0,0,1,0,0,0,0,0,0,0,0,0,0,1,0,0,0
12,1,2023,158000,0,0,0,0,0,1,0,0,0,0,0,0,0,1,0,0,0
12,0,2023,243000,0,0,1,0,0,0,0,0,0,0,0,1,0,0,0,0,0
12,0,2023,6642000,0,0,0,0,0,0,0,0,1,0,0,0,0,0,0,1,0
12,0,2023,567000,0,0,0,0,0,1,0,0,0,0,0,0,0,0,0,0,1
12,0,2023,83000,0,0,0,0,0,0,0,0,0,1,0,0,0,0,0,0,1
12,0,2023,216000,0,0,0,0,0,0,0,0,0,1,0,0,0,0,0,0,1
12,0,2023,263000,0,0,1,0,0,0,0,0,0,0,0,0,0,0,0,0,1
12,0,2023,4920000,0,0,0,0,0,0,0,0,1,0,0,0,0,0,1,0,0
12,0,2023,386000,0,0,1,0,0,0,0,0,0,0,0,0,0,0,1,0,0
12,0,2023,114000,1,0,0,0,0,0,0,0,0,0,0,0,0,0,1,0,0
12,0,2023,170000,0,0,0,0,0,0,0,0,0,1,0,0,0,0,1,0,0
12,0,2023,401000,0,0,0,0,0,0,0,1,0,0,0,0,0,0,1,0,0
12,0,2023,110000,0,0,0,0,0,0,0,0,0,1,0,0,0,0,1,0,0
12,0,2023,103000,0,0,0,0,1,0,0,0,0,0,0,0,0,0,1,0,0
12,0,2023,5500000,0,0,0,0,0,1,0,0,0,0,1,0,0,0,0,0,0
12,1,2023,6953000,0,0,0,0,0,0,0,0,1,0,0,0,1,0,0,0,0
12,1,2023,3031000,0,0,0,0,0,0,0,0,1,0,0,0,1,0,0,0,0
12,1,2023,195000,0,0,0,1,0,0,0,0,0,0,0,0,1,0,0,0,0
12,1,2023,157000,0,0,0,0,0,1,0,0,0,0,0,0,1,0,0,0,0
12,1,2023,173000,1,0,0,0,0,0,0,0,0,0,0,0,0,1,0,0,0
12,1,2023,106000,0,0,0,0,0,0,0,0,0,1,0,0,0,1,0,0,0
12,1,2023,1634000,0,0,0,0,0,0,0,0,1,0,0,0,0,1,0,0,0
12,1,2023,70000,0,0,0,0,1,0,0,0,0,0,0,0,0,1,0,0,0
12,1,2023,24000,0,0,0,0,0,0,0,0,0,1,0,0,0,1,0,0,0
12,1,2023,128000,0,0,0,0,1,0,0,0,0,0,0,0,0,1,0,0,0
12,1,2023,177000,0,0,1,0,0,0,0,0,0,0,0,0,0,1,0,0,0
12,0,2023,774000,0,0,0,0,0,0,0,1,0,0,0,1,0,0,0,0,0
12,0,2023,63000,0,0,0,0,1,0,0,0,0,0,0,1,0,0,0,0,0
12,0,2023,122000,0,0,0,0,1,0,0,0,0,0,0,0,0,0,0,1,0
12,0,2023,3987000,0,0,0,0,0,0,1,0,0,0,0,0,0,0,0,1,0
12,0,2023,56000,0,0,0,0,0,0,0,0,0,1,0,0,0,0,0,1,0
12,0,2023,2287000,0,0,0,0,0,0,1,0,0,0,0,0,0,0,0,0,1
12,0,2023,3651000,0,0,0,0,0,0,0,0,1,0,0,0,0,0,0,0,1
12,0,2023,224000,0,0,0,0,0,0,0,1,0,0,0,0,0,0,0,0,1
12,0,2023,3279000,0,0,0,0,0,0,0,0,1,0,0,0,0,0,0,0,1
12,0,2023,86000,0,0,0,0,1,0,0,0,0,0,0,0,0,0,1,0,0
12,0,2023,3146000,0,0,0,0,0,0,0,0,1,0,0,0,0,0,1,0,0
12,0,2023,104000,0,0,0,0,0,1,0,0,0,0,0,0,0,0,1,0,0
12,0,2023,46000,0,0,0,0,0,0,0,1,0,0,0,0,0,0,1,0,0
12,0,2023,78000,0,0,0,0,1,0,0,0,0,0,0,0,0,0,1,0,0
12,0,2023,22000,0,0,0,0,0,0,0,0,0,1,0,0,0,0,1,0,0
12,0,2023,697000,0,0,0,0,0,1,0,0,0,0,0,0,0,0,1,0,0
12,0,2023,73000,0,0,0,0,1,0,0,0,0,0,1,0,0,0,0,0,0
12,0,2023,81000,0,0,0,0,1,0,0,0,0,0,1,0,0,0,0,0,0
12,1,2023,129000,0,0,0,0,0,0,0,0,1,0,0,0,1,0,0,0,0
12,1,2023,173000,0,0,1,0,0,0,0,0,0,0,0,0,1,0,0,0,0
12,1,2023,145000,0,0,0,0,1,0,0,0,0,0,0,0,0,1,0,0,0
12,1,2023,208000,0,0,1,0,0,0,0,0,0,0,0,0,0,1,0,0,0
12,0,2023,31000,0,0,0,0,0,0,0,0,0,1,0,1,0,0,0,0,0
12,0,2023,98000,1,0,0,0,0,0,0,0,0,0,0,1,0,0,0,0,0
12,0,2023,78000,0,0,0,0,0,0,0,0,1,0,0,1,0,0,0,0,0
12,0,2023,66000,0,0,0,0,1,0,0,0,0,0,0,0,0,0,0,0,1
12,0,2023,83000,0,0,0,0,0,0,0,0,1,0,0,0,0,0,0,0,1
12,0,2023,195000,1,0,0,0,0,0,0,0,0,0,0,0,0,0,0,0,1
12,0,2023,1865000,0,0,0,0,0,0,1,0,0,0,0,0,0,0,0,0,1
12,0,2023,473000,0,0,0,0,0,0,0,1,0,0,0,0,0,0,1,0,0
12,0,2023,83000,0,0,0,0,1,0,0,0,0,0,0,0,0,0,1,0,0
12,0,2023,203000,1,0,0,0,0,0,0,0,0,0,1,0,0,0,0,0,0
12,0,2023,18000,0,0,0,0,0,0,0,0,0,1,1,0,0,0,0,0,0
12,0,2023,550000,0,0,0,0,0,0,0,1,0,0,1,0,0,0,0,0,0
12,0,2023,6894000,0,0,0,0,0,0,0,0,1,0,1,0,0,0,0,0,0
12,0,2023,157000,1,0,0,0,0,0,0,0,0,0,1,0,0,0,0,0,0
12,1,2023,104000,1,0,0,0,0,0,0,0,0,0,0,0,1,0,0,0,0
12,1,2023,162000,0,0,0,0,0,0,0,1,0,0,0,0,1,0,0,0,0
12,1,2023,41000,0,0,0,0,1,0,0,0,0,0,0,0,1,0,0,0,0
12,1,2023,165000,0,0,0,0,1,0,0,0,0,0,0,0,0,1,0,0,0
12,1,2023,185000,0,0,0,0,0,0,0,1,0,0,0,0,0,1,0,0,0
12,1,2023,100000,0,0,0,0,1,0,0,0,0,0,0,0,0,1,0,0,0
12,1,2023,106000,1,0,0,0,0,0,0,0,0,0,0,0,0,1,0,0,0
12,1,2023,1007000,0,0,0,0,0,0,1,0,0,0,0,0,0,1,0,0,0
12,1,2023,2686000,0,0,0,0,0,0,0,0,1,0,0,0,0,1,0,0,0
12,0,2023,303000,0,0,1,0,0,0,0,0,0,0,0,1,0,0,0,0,0
12,0,2023,210000,0,0,0,0,0,0,0,1,0,0,0,1,0,0,0,0,0
12,0,2023,362000,0,0,0,0,0,1,0,0,0,0,0,1,0,0,0,0,0
12,0,2023,348000,0,0,0,0,0,0,0,1,0,0,0,0,0,0,0,1,0
12,0,2023,64000,0,0,0,0,1,0,0,0,0,0,0,0,0,0,0,1,0
12,0,2023,148000,1,0,0,0,0,0,0,0,0,0,0,0,0,0,0,0,1
12,0,2023,8800000,0,0,0,0,0,0,0,0,1,0,0,0,0,0,0,0,1
12,0,2023,1768000,0,0,0,0,0,0,1,0,0,0,0,0,0,0,1,0,0
12,0,2023,149000,0,0,0,0,1,0,0,0,0,0,0,0,0,0,1,0,0
12,0,2023,17000,0,0,0,0,0,0,0,0,0,1,0,0,0,0,1,0,0
12,0,2023,141000,1,0,0,0,0,0,0,0,0,0,0,0,0,0,1,0,0
12,0,2023,41000,0,0,0,0,0,0,0,0,1,0,1,0,0,0,0,0,0
12,0,2023,743000,0,0,0,0,0,1,0,0,0,0,1,0,0,0,0,0,0
12,1,2023,3137000,0,0,0,0,0,0,0,0,1,0,0,0,1,0,0,0,0
12,1,2023,87000,0,0,0,0,0,0,0,0,1,0,0,0,1,0,0,0,0
12,1,2023,39000,0,0,0,0,0,0,0,0,1,0,0,0,1,0,0,0,0
12,1,2023,16000,0,0,0,0,0,0,0,0,0,1,0,0,0,1,0,0,0
12,1,2023,97000,0,0,0,0,1,0,0,0,0,0,0,0,0,1,0,0,0
12,1,2023,5310000,0,0,0,0,0,0,0,0,1,0,0,0,0,1,0,0,0
1,0,2024,72000,0,0,0,0,0,0,0,0,0,1,0,1,0,0,0,0,0
1,0,2024,58000,0,0,0,0,0,0,0,0,1,0,0,1,0,0,0,0,0
1,0,2024,102000,0,0,0,0,1,0,0,0,0,0,0,1,0,0,0,0,0
1,0,2024,306000,1,0,0,0,0,0,0,0,0,0,0,1,0,0,0,0,0
1,0,2024,656000,0,0,0,0,0,0,0,0,1,0,0,0,0,0,0,1,0
1,0,2024,385000,0,0,0,0,0,1,0,0,0,0,0,0,0,0,0,1,0
1,0,2024,160000,0,0,0,0,0,0,0,1,0,0,0,0,0,0,0,1,0
1,0,2024,73000,0,0,0,0,0,0,0,0,0,1,0,0,0,0,0,0,1
1,0,2024,164000,0,0,0,0,0,0,0,0,0,1,0,0,0,0,0,0,1
1,0,2024,351000,0,0,0,0,0,0,0,1,0,0,0,0,0,0,0,0,1
1,0,2024,442000,0,0,0,0,0,1,0,0,0,0,0,0,0,0,0,0,1
1,0,2024,560000,1,0,0,0,0,0,0,0,0,0,0,0,0,0,0,0,1
1,0,2024,11159000,0,0,0,0,0,0,0,0,1,0,0,0,0,0,0,0,1
1,0,2024,36000,0,0,0,0,0,0,0,0,0,1,0,0,0,0,0,0,1
1,0,2024,2567000,0,0,0,0,0,0,1,0,0,0,0,0,0,0,1,0,0
1,0,2024,492000,0,0,0,0,0,1,0,0,0,0,0,0,0,0,1,0,0
1,0,2024,994000,0,0,0,0,0,1,0,0,0,0,0,0,0,0,1,0,0
1,0,2024,197000,0,0,1,0,0,0,0,0,0,0,0,0,0,0,1,0,0
1,0,2024,2875000,0,0,0,0,0,0,0,0,1,0,1,0,0,0,0,0,0
1,0,2024,241000,1,0,0,0,0,0,0,0,0,0,1,0,0,0,0,0,0
1,1,2024,66000,0,0,0,0,1,0,0,0,0,0,0,0,1,0,0,0,0
1,1,2024,342000,0,0,0,0,0,0,0,0,0,1,0,0,1,0,0,0,0
1,1,2024,94000,0,0,0,0,0,0,0,0,1,0,0,0,1,0,0,0,0
1,1,2024,236000,0,0,1,0,0,0,0,0,0,0,0,0,0,1,0,0,0
1,1,2024,940000,0,0,0,0,0,0,1,0,0,0,0,0,0,1,0,0,0
1,1,2024,4283000,0,0,0,0,0,0,0,0,1,0,0,0,0,1,0,0,0
1,1,2024,164000,0,0,0,0,1,0,0,0,0,0,0,0,0,1,0,0,0
1,1,2024,1599000,0,0,0,0,0,0,0,0,1,0,0,0,0,1,0,0,0
1,1,2024,379000,1,0,0,0,0,0,0,0,0,0,0,0,0,1,0,0,0
1,0,2024,82000,0,0,0,0,1,0,0,0,0,0,0,1,0,0,0,0,0
1,0,2024,43000,0,0,0,0,1,0,0,0,0,0,0,1,0,0,0,0,0
1,0,2024,6802000,0,0,0,0,0,0,0,0,1,0,0,1,0,0,0,0,0
1,0,2024,416000,0,0,0,0,0,0,0,1,0,0,0,1,0,0,0,0,0
1,0,2024,47000,0,0,0,0,1,0,0,0,0,0,0,1,0,0,0,0,0
1,0,2024,172000,0,0,0,0,0,0,0,0,1,0,0,0,0,0,0,1,0
1,0,2024,6919000,0,0,0,0,0,0,0,0,1,0,0,0,0,0,0,1,0
1,0,2024,83000,0,0,0,0,1,0,0,0,0,0,0,0,0,0,0,1,0
1,0,2024,29000,0,0,0,0,0,0,0,0,0,1,0,0,0,0,0,0,1
1,0,2024,342000,0,0,0,0,0,1,0,0,0,0,0,0,0,0,0,0,1
1,0,2024,1809000,0,0,0,0,0,0,0,0,1,0,0,0,0,0,0,0,1
1,0,2024,3293000,0,0,0,0,0,0,0,0,1,0,0,0,0,0,1,0,0
1,0,2024,117000,0,0,0,0,0,0,0,0,0,1,0,0,0,0,1,0,0
1,0,2024,187000,0,0,1,0,0,0,0,0,0,0,0,0,0,0,1,0,0
1,0,2024,786000,0,0,0,0,0,0,0,1,0,0,0,0,0,0,1,0,0
1,0,2024,164000,0,0,0,0,1,0,0,0,0,0,0,0,0,0,1,0,0
1,0,2024,185000,0,0,0,0,0,0,0,0,0,1,0,0,0,0,1,0,0
1,0,2024,94000,0,0,0,0,0,1,0,0,0,0,0,0,0,0,1,0,0
1,0,2024,42000,0,0,0,0,1,0,0,0,0,0,1,0,0,0,0,0,0
1,0,2024,303000,0,0,0,1,0,0,0,0,0,0,1,0,0,0,0,0,0
1,0,2024,72000,0,0,0,0,1,0,0,0,0,0,1,0,0,0,0,0,0
1,0,2024,44000,0,0,0,0,0,0,0,0,0,1,1,0,0,0,0,0,0
1,0,2024,70000,0,0,0,0,0,1,0,0,0,0,1,0,0,0,0,0,0
1,0,2024,30000,0,0,0,0,1,0,0,0,0,0,1,0,0,0,0,0,0
1,0,2024,218000,0,0,0,0,0,0,0,1,0,0,1,0,0,0,0,0,0
1,0,2024,2300000,0,0,0,0,0,0,0,0,1,0,1,0,0,0,0,0,0
1,0,2024,153000,1,0,0,0,0,0,0,0,0,0,1,0,0,0,0,0,0
1,1,2024,120000,0,0,0,0,0,0,0,0,1,0,0,0,0,1,0,0,0
1,1,2024,75000,0,0,0,0,1,0,0,0,0,0,0,0,0,1,0,0,0
1,1,2024,1820000,0,0,0,0,0,0,0,0,1,0,0,0,0,1,0,0,0
1,0,2024,1318000,0,0,0,0,0,0,1,0,0,0,0,1,0,0,0,0,0
1,0,2024,5980000,0,0,0,0,0,0,0,0,1,0,0,0,0,0,0,1,0
1,0,2024,10294000,0,0,0,0,0,1,0,0,0,0,0,0,0,0,0,1,0
1,0,2024,5943000,0,0,0,0,0,0,0,0,1,0,0,0,0,0,0,1,0
1,0,2024,12000,0,0,0,0,0,0,0,0,0,1,0,0,0,0,0,0,1
1,0,2024,298000,0,0,0,0,0,0,0,0,0,1,0,0,0,0,0,0,1
1,0,2024,102000,0,0,0,0,1,0,0,0,0,0,0,0,0,0,1,0,0
1,0,2024,59000,0,0,0,0,0,0,0,0,1,0,0,0,0,0,1,0,0
1,0,2024,155000,0,0,0,0,1,0,0,0,0,0,0,0,0,0,1,0,0
1,0,2024,104000,1,0,0,0,0,0,0,0,0,0,0,0,0,0,1,0,0
1,0,2024,43000,0,0,0,0,0,0,0,0,0,1,0,0,0,0,1,0,0
1,0,2024,893000,0,0,0,0,0,1,0,0,0,0,0,0,0,0,1,0,0
1,0,2024,987000,0,0,0,0,0,1,0,0,0,0,1,0,0,0,0,0,0
1,1,2024,35000,0,0,0,0,1,0,0,0,0,0,0,0,1,0,0,0,0
1,1,2024,190000,0,0,0,0,1,0,0,0,0,0,0,0,1,0,0,0,0
1,1,2024,62000,0,0,0,0,1,0,0,0,0,0,0,0,0,1,0,0,0
1,1,2024,30000,0,0,0,0,0,0,0,1,0,0,0,0,0,1,0,0,0
1,1,2024,1221000,0,0,0,0,0,0,0,0,1,0,0,0,0,1,0,0,0
1,1,2024,122000,0,0,0,0,0,0,0,0,0,1,0,0,0,1,0,0,0
1,1,2024,97000,0,0,0,0,1,0,0,0,0,0,0,0,0,1,0,0,0
1,1,2024,3717000,0,0,0,0,0,0,0,0,1,0,0,0,0,1,0,0,0
1,0,2024,200000,0,0,0,0,0,0,0,0,0,1,0,1,0,0,0,0,0
1,0,2024,20000,0,0,0,0,0,0,0,0,0,1,0,1,0,0,0,0,0
1,0,2024,63000,0,0,0,0,1,0,0,0,0,0,0,0,0,0,0,1,0
1,0,2024,460000,0,0,0,0,0,0,0,1,0,0,0,0,0,0,0,1,0
1,0,2024,127000,1,0,0,0,0,0,0,0,0,0,0,0,0,0,0,1,0
1,0,2024,39000,0,0,0,0,1,0,0,0,0,0,0,0,0,0,1,0,0
1,0,2024,8609000,0,0,0,0,0,0,0,0,1,0,0,0,0,0,1,0,0
1,0,2024,210000,0,0,0,0,0,0,0,0,0,1,1,0,0,0,0,0,0
1,1,2024,63000,0,0,0,0,1,0,0,0,0,0,0,0,1,0,0,0,0
1,1,2024,53000,0,0,0,0,1,0,0,0,0,0,0,0,1,0,0,0,0
1,1,2024,94000,0,0,0,0,1,0,0,0,0,0,0,0,0,1,0,0,0
1,1,2024,33000,0,0,0,0,0,0,0,0,1,0,0,0,0,1,0,0,0
1,0,2024,406000,0,0,1,0,0,0,0,0,0,0,0,1,0,0,0,0,0
1,0,2024,1725000,0,0,0,0,0,0,0,0,1,0,0,1,0,0,0,0,0
1,0,2024,99000,0,0,0,0,0,0,0,1,0,0,0,0,0,0,0,1,0
1,0,2024,41000,0,0,0,0,1,0,0,0,0,0,0,0,0,0,0,1,0
1,0,2024,2185000,0,0,0,0,0,0,0,0,1,0,0,0,0,0,0,0,1
1,0,2024,213000,0,0,0,1,0,0,0,0,0,0,0,0,0,0,0,0,1
1,0,2024,638000,0,0,0,0,0,1,0,0,0,0,0,0,0,0,0,0,1
1,0,2024,312000,0,0,0,0,0,1,0,0,0,0,0,0,0,0,0,0,1
2,0,2024,13000,0,0,0,0,1,0,0,0,0,0,0,0,0,0,1,0,0
2,0,2024,1098000,0,0,0,0,0,0,0,0,1,0,0,0,0,0,1,0,0
2,0,2024,26000,0,0,0,0,0,0,0,0,0,1,1,0,0,0,0,0,0
2,0,2024,16000,0,0,0,0,1,0,0,0,0,0,1,0,0,0,0,0,0
2,0,2024,91000,1,0,0,0,0,0,0,0,0,0,1,0,0,0,0,0,0
2,1,2024,144000,0,0,0,1,0,0,0,0,0,0,0,0,1,0,0,0,0
2,1,2024,106000,0,0,0,0,1,0,0,0,0,0,0,0,1,0,0,0,0
2,1,2024,84000,0,0,0,0,1,0,0,0,0,0,0,0,1,0,0,0,0
2,1,2024,198000,0,0,0,0,0,0,0,1,0,0,0,0,0,1,0,0,0
2,1,2024,1280000,0,0,0,0,0,0,0,0,1,0,0,0,0,1,0,0,0
2,0,2024,140000,0,0,0,0,0,0,0,0,0,1,0,1,0,0,0,0,0
2,0,2024,900000,1,0,0,0,0,0,0,0,0,0,0,1,0,0,0,0,0
2,0,2024,146000,0,0,0,1,0,0,0,0,0,0,0,1,0,0,0,0,0
2,0,2024,13000,0,0,0,0,1,0,0,0,0,0,0,1,0,0,0,0,0
2,0,2024,6311000,0,0,0,0,0,1,0,0,0,0,0,0,0,0,0,1,0
2,0,2024,102000,0,0,0,0,0,0,0,0,0,1,0,0,0,0,0,1,0
2,0,2024,1265000,0,0,0,0,0,0,1,0,0,0,0,0,0,0,0,0,1
2,0,2024,125000,0,0,0,1,0,0,0,0,0,0,0,0,0,0,0,0,1
2,0,2024,166000,0,0,0,0,0,0,0,1,0,0,0,0,0,0,0,0,1
2,0,2024,2360000,0,0,0,0,0,0,0,0,1,0,0,0,0,0,0,0,1
2,0,2024,22000,0,0,0,0,1,0,0,0,0,0,0,0,0,0,0,0,1
2,0,2024,425000,0,0,0,0,0,0,0,1,0,0,0,0,0,0,0,0,1
2,0,2024,77000,0,0,0,0,1,0,0,0,0,0,0,0,0,0,1,0,0
2,0,2024,181000,0,0,0,0,1,0,0,0,0,0,0,0,0,0,1,0,0
2,0,2024,392000,0,0,0,0,0,0,0,1,0,0,1,0,0,0,0,0,0
2,1,2024,154000,0,0,0,0,1,0,0,0,0,0,0,0,1,0,0,0,0
2,1,2024,42000,0,0,0,0,0,0,0,0,1,0,0,0,1,0,0,0,0
2,1,2024,218000,1,0,0,0,0,0,0,0,0,0,0,0,1,0,0,0,0
2,1,2024,132000,0,0,0,0,1,0,0,0,0,0,0,0,1,0,0,0,0
2,1,2024,322000,0,0,0,0,0,1,0,0,0,0,0,0,0,1,0,0,0
2,1,2024,91000,0,0,0,0,1,0,0,0,0,0,0,0,0,1,0,0,0
2,1,2024,140000,0,0,0,1,0,0,0,0,0,0,0,0,0,1,0,0,0
2,1,2024,2846000,0,0,0,0,0,0,0,0,1,0,0,0,0,1,0,0,0
2,0,2024,160000,0,0,0,0,0,0,0,0,0,1,0,1,0,0,0,0,0
2,0,2024,339000,0,0,1,0,0,0,0,0,0,0,0,0,0,0,0,1,0
2,0,2024,321000,0,0,0,0,0,1,0,0,0,0,0,0,0,0,0,1,0
2,0,2024,1388000,0,0,0,0,0,0,0,0,1,0,0,0,0,0,0,1,0
2,0,2024,2397000,0,0,0,0,0,0,0,0,1,0,0,0,0,0,0,0,1
2,0,2024,181000,0,0,0,0,1,0,0,0,0,0,0,0,0,0,0,0,1
2,0,2024,117000,0,0,0,0,1,0,0,0,0,0,0,0,0,0,0,0,1
2,0,2024,22000,0,0,0,0,1,0,0,0,0,0,0,0,0,0,1,0,0
2,0,2024,374000,0,0,0,0,0,0,0,1,0,0,0,0,0,0,1,0,0
2,0,2024,415000,0,0,0,0,0,0,0,0,0,1,0,0,0,0,1,0,0
2,0,2024,137000,0,0,0,0,1,0,0,0,0,0,0,0,0,0,1,0,0
2,0,2024,63000,0,0,0,0,1,0,0,0,0,0,0,0,0,0,1,0,0
2,0,2024,65000,1,0,0,0,0,0,0,0,0,0,0,0,0,0,1,0,0
2,1,2024,30000,0,0,0,0,0,0,0,0,0,1,0,0,1,0,0,0,0
2,1,2024,251000,1,0,0,0,0,0,0,0,0,0,0,0,1,0,0,0,0
2,1,2024,845000,1,0,0,0,0,0,0,0,0,0,0,0,1,0,0,0,0
2,1,2024,68000,0,0,0,0,0,0,0,0,0,1,0,0,0,1,0,0,0
2,1,2024,405000,0,0,0,0,0,0,0,0,0,1,0,0,0,1,0,0,0
2,0,2024,519000,0,0,0,0,0,0,0,1,0,0,0,1,0,0,0,0,0
2,0,2024,251000,0,0,0,0,0,0,0,0,0,1,0,1,0,0,0,0,0
2,0,2024,234000,0,0,0,0,0,0,0,1,0,0,0,1,0,0,0,0,0
2,0,2024,106000,1,0,0,0,0,0,0,0,0,0,0,0,0,0,0,1,0
2,0,2024,102000,0,0,0,0,1,0,0,0,0,0,0,0,0,0,0,1,0
2,0,2024,60000,0,0,0,0,0,0,0,0,0,1,0,0,0,0,0,1,0
2,0,2024,393000,0,0,0,0,0,0,0,1,0,0,0,0,0,0,0,1,0
2,0,2024,2385000,0,0,0,0,0,0,0,0,1,0,0,0,0,0,0,0,1
2,0,2024,90000,0,0,0,0,1,0,0,0,0,0,0,0,0,0,1,0,0
2,0,2024,146000,0,0,1,0,0,0,0,0,0,0,0,0,0,0,1,0,0
2,0,2024,189000,1,0,0,0,0,0,0,0,0,0,1,0,0,0,0,0,0
2,0,2024,165000,0,0,0,0,0,0,0,0,0,1,1,0,0,0,0,0,0
2,0,2024,155000,0,0,0,0,0,0,0,0,0,1,1,0,0,0,0,0,0
2,0,2024,5415000,0,0,0,0,0,0,0,0,1,0,1,0,0,0,0,0,0
2,0,2024,79000,0,0,0,0,0,0,0,0,1,0,1,0,0,0,0,0,0
2,0,2024,98000,0,0,0,0,0,0,0,0,0,1,1,0,0,0,0,0,0
2,0,2024,345000,0,0,0,1,0,0,0,0,0,0,1,0,0,0,0,0,0
2,1,2024,1827000,0,0,0,0,0,0,0,0,1,0,0,0,1,0,0,0,0
2,1,2024,4600000,0,0,0,0,0,0,0,0,1,0,0,0,1,0,0,0,0
2,1,2024,134000,0,0,0,0,1,0,0,0,0,0,0,0,0,1,0,0,0
2,0,2024,190000,0,0,1,0,0,0,0,0,0,0,0,1,0,0,0,0,0
2,0,2024,474000,1,0,0,0,0,0,0,0,0,0,0,1,0,0,0,0,0
2,0,2024,129000,0,0,0,0,0,0,0,1,0,0,0,1,0,0,0,0,0
2,0,2024,84000,0,0,0,0,0,0,0,0,0,1,0,0,0,0,0,1,0
2,0,2024,309000,0,0,1,0,0,0,0,0,0,0,0,0,0,0,0,1,0
2,0,2024,81000,1,0,0,0,0,0,0,0,0,0,0,0,0,0,0,1,0
2,0,2024,126000,1,0,0,0,0,0,0,0,0,0,0,0,0,0,0,1,0
2,0,2024,232000,0,0,0,0,0,0,0,0,0,1,0,0,0,0,0,1,0
2,0,2024,34000,0,0,0,0,1,0,0,0,0,0,0,0,0,0,0,0,1
2,0,2024,160000,0,0,1,0,0,0,0,0,0,0,0,0,0,0,0,0,1
2,0,2024,5454000,0,0,0,0,0,0,0,0,1,0,0,0,0,0,0,0,1
3,0,2024,69000,0,0,0,0,0,1,0,0,0,0,1,0,0,0,0,0,0
3,0,2024,163000,0,0,0,0,1,0,0,0,0,0,1,0,0,0,0,0,0
3,0,2024,1166000,0,0,1,0,0,0,0,0,0,0,1,0,0,0,0,0,0
3,0,2024,697000,0,0,0,0,0,0,0,1,0,0,1,0,0,0,0,0,0
3,0,2024,20000,0,0,0,0,0,0,0,0,0,1,1,0,0,0,0,0,0
3,0,2024,163000,0,0,0,0,1,0,0,0,0,0,1,0,0,0,0,0,0
3,1,2024,101000,1,0,0,0,0,0,0,0,0,0,0,0,1,0,0,0,0
3,1,2024,49000,0,0,0,0,0,0,0,1,0,0,0,0,1,0,0,0,0
3,1,2024,546000,0,0,1,0,0,0,0,0,0,0,0,0,1,0,0,0,0
3,1,2024,1201000,0,0,0,0,0,0,0,0,1,0,0,0,1,0,0,0,0
3,1,2024,828000,0,0,0,0,0,0,0,1,0,0,0,0,1,0,0,0,0
3,1,2024,33000,0,0,0,0,1,0,0,0,0,0,0,0,1,0,0,0,0
3,1,2024,63000,0,0,0,0,1,0,0,0,0,0,0,0,0,1,0,0,0
3,1,2024,245000,0,0,0,0,0,0,0,1,0,0,0,0,0,1,0,0,0
3,0,2024,103000,0,0,0,0,1,0,0,0,0,0,0,1,0,0,0,0,0
3,0,2024,475000,0,0,1,0,0,0,0,0,0,0,0,1,0,0,0,0,0
3,0,2024,237000,0,0,0,0,0,1,0,0,0,0,0,0,0,0,0,1,0
3,0,2024,69000,0,0,0,0,1,0,0,0,0,0,0,0,0,0,0,1,0
3,0,2024,71000,0,0,0,0,1,0,0,0,0,0,0,0,0,0,0,0,1
3,0,2024,389000,0,0,1,0,0,0,0,0,0,0,0,0,0,0,0,0,1
3,0,2024,361000,0,0,0,0,0,0,0,1,0,0,0,0,0,0,0,0,1
3,0,2024,250000,0,0,0,1,0,0,0,0,0,0,0,0,0,0,0,0,1
3,0,2024,60000,0,0,0,0,1,0,0,0,0,0,0,0,0,0,1,0,0
3,0,2024,920000,0,0,0,0,0,0,0,0,0,1,0,0,0,0,1,0,0
3,0,2024,195000,0,0,0,0,0,1,0,0,0,0,0,0,0,0,1,0,0
3,0,2024,172000,0,0,0,0,1,0,0,0,0,0,1,0,0,0,0,0,0
3,0,2024,82000,0,0,0,0,1,0,0,0,0,0,1,0,0,0,0,0,0
3,1,2024,14000,0,0,0,0,1,0,0,0,0,0,0,0,1,0,0,0,0
3,1,2024,582000,1,0,0,0,0,0,0,0,0,0,0,0,1,0,0,0,0
3,1,2024,105000,1,0,0,0,0,0,0,0,0,0,0,0,1,0,0,0,0
3,1,2024,281000,0,0,0,0,0,0,0,0,0,1,0,0,0,1,0,0,0
3,1,2024,325000,0,0,0,0,0,1,0,0,0,0,0,0,0,1,0,0,0
3,1,2024,86000,0,0,0,0,0,0,0,0,1,0,0,0,0,1,0,0,0
3,0,2024,136000,0,0,0,0,1,0,0,0,0,0,0,1,0,0,0,0,0
3,0,2024,114000,0,0,0,0,0,0,0,1,0,0,0,1,0,0,0,0,0
3,0,2024,191000,1,0,0,0,0,0,0,0,0,0,0,1,0,0,0,0,0
3,0,2024,74000,0,0,0,0,1,0,0,0,0,0,0,1,0,0,0,0,0
3,0,2024,1423000,0,0,1,0,0,0,0,0,0,0,0,1,0,0,0,0,0
3,0,2024,83000,0,0,0,0,0,0,0,0,0,1,0,1,0,0,0,0,0
3,0,2024,3063000,0,0,0,0,0,0,0,0,1,0,0,0,0,0,0,1,0
3,0,2024,87000,0,0,0,0,1,0,0,0,0,0,0,0,0,0,0,1,0
3,0,2024,77000,0,0,0,0,1,0,0,0,0,0,0,0,0,0,0,1,0
3,0,2024,2028000,0,0,0,0,0,0,1,0,0,0,0,0,0,0,0,1,0
3,0,2024,587000,0,0,0,0,0,0,0,0,0,1,0,0,0,0,0,0,1
3,0,2024,4469000,0,0,0,0,0,0,1,0,0,0,0,0,0,0,1,0,0
3,0,2024,108000,0,0,0,0,1,0,0,0,0,0,0,0,0,0,1,0,0
3,0,2024,136000,0,0,0,1,0,0,0,0,0,0,1,0,0,0,0,0,0
3,0,2024,611000,0,0,0,0,0,0,0,1,0,0,1,0,0,0,0,0,0
3,0,2024,2530000,0,0,0,0,0,0,0,0,1,0,1,0,0,0,0,0,0
3,1,2024,508000,0,0,1,0,0,0,0,0,0,0,0,0,1,0,0,0,0
3,1,2024,228000,0,0,0,0,1,0,0,0,0,0,0,0,1,0,0,0,0
3,1,2024,2738000,0,0,0,0,0,0,0,0,1,0,0,0,0,1,0,0,0
3,1,2024,416000,0,0,0,0,0,0,0,1,0,0,0,0,0,1,0,0,0
3,1,2024,113000,0,0,0,0,0,0,0,0,0,1,0,0,0,1,0,0,0
3,0,2024,16000,0,0,0,0,0,0,0,0,0,1,0,1,0,0,0,0,0
3,0,2024,152000,0,0,0,0,0,0,0,1,0,0,0,1,0,0,0,0,0
3,0,2024,104000,0,0,0,0,1,0,0,0,0,0,0,1,0,0,0,0,0
3,0,2024,2528000,0,0,0,0,0,0,1,0,0,0,0,1,0,0,0,0,0
3,0,2024,115000,0,0,0,0,0,0,0,0,0,1,0,0,0,0,0,1,0
3,0,2024,123000,1,0,0,0,0,0,0,0,0,0,0,0,0,0,0,1,0
3,0,2024,138000,0,0,0,1,0,0,0,0,0,0,0,0,0,0,0,1,0
3,0,2024,49000,0,0,0,0,1,0,0,0,0,0,0,0,0,0,0,0,1
3,0,2024,3106000,0,0,0,0,0,0,0,0,1,0,0,0,0,0,0,0,1
3,0,2024,796000,0,0,1,0,0,0,0,0,0,0,0,0,0,0,0,0,1
3,0,2024,98000,0,0,0,0,0,0,0,1,0,0,0,0,0,0,0,0,1
3,0,2024,280000,0,0,0,0,0,0,0,1,0,0,0,0,0,0,0,0,1
3,0,2024,30000,0,0,0,0,0,0,0,0,0,1,0,0,0,0,0,0,1
3,0,2024,115000,0,0,0,0,0,0,0,0,1,0,0,0,0,0,1,0,0
3,0,2024,390000,0,0,0,0,0,0,0,0,0,1,0,0,0,0,1,0,0
3,0,2024,248000,0,0,0,0,0,0,0,1,0,0,0,0,0,0,1,0,0
3,0,2024,73000,0,0,0,0,0,0,0,0,1,0,1,0,0,0,0,0,0
3,1,2024,4099000,0,0,0,0,0,0,0,0,1,0,0,0,1,0,0,0,0
3,1,2024,68000,0,0,0,0,1,0,0,0,0,0,0,0,1,0,0,0,0
3,1,2024,92000,0,0,0,0,0,0,0,0,0,1,0,0,1,0,0,0,0
3,1,2024,69000,0,0,0,0,1,0,0,0,0,0,0,0,0,1,0,0,0
3,1,2024,6037000,0,0,0,0,0,0,0,0,1,0,0,0,0,1,0,0,0
3,1,2024,1295000,0,0,0,0,0,0,0,0,1,0,0,0,0,1,0,0,0
3,1,2024,110000,0,0,0,0,0,0,0,0,0,1,0,0,0,1,0,0,0
3,1,2024,111000,0,0,0,0,1,0,0,0,0,0,0,0,0,1,0,0,0
3,0,2024,33000,0,0,0,0,1,0,0,0,0,0,0,1,0,0,0,0,0
3,0,2024,4600000,0,0,0,0,0,0,0,0,1,0,0,1,0,0,0,0,0
3,0,2024,1098000,0,0,0,0,0,0,0,0,1,0,0,1,0,0,0,0,0
3,0,2024,122000,0,0,0,0,0,0,0,1,0,0,0,1,0,0,0,0,0
3,0,2024,21000,0,0,0,0,1,0,0,0,0,0,0,0,0,0,0,1,0
3,0,2024,162000,0,0,0,0,1,0,0,0,0,0,0,0,0,0,0,1,0
3,0,2024,968000,0,0,0,0,0,0,0,0,1,0,0,0,0,0,1,0,0
3,0,2024,123000,0,0,0,0,0,0,0,1,0,0,0,0,0,0,1,0,0
3,0,2024,145000,0,0,0,0,0,0,0,0,1,0,0,0,0,0,1,0,0
3,0,2024,383000,0,0,0,0,0,0,0,1,0,0,1,0,0,0,0,0,0
3,1,2024,61000,0,0,0,0,1,0,0,0,0,0,0,0,1,0,0,0,0
3,1,2024,1221000,0,0,0,0,0,0,0,0,1,0,0,0,1,0,0,0,0
3,1,2024,43000,0,0,0,0,0,1,0,0,0,0,0,0,1,0,0,0,0
3,1,2024,4297000,0,0,0,0,0,0,0,0,1,0,0,0,1,0,0,0,0
3,1,2024,107000,1,0,0,0,0,0,0,0,0,0,0,0,0,1,0,0,0
3,1,2024,143000,1,0,0,0,0,0,0,0,0,0,0,0,0,1,0,0,0
3,1,2024,4000,0,0,0,0,0,0,0,0,0,1,0,0,0,1,0,0,0
3,1,2024,224000,1,0,0,0,0,0,0,0,0,0,0,0,0,1,0,0,0
3,1,2024,2111000,0,0,0,0,0,0,0,0,1,0,0,0,0,1,0,0,0
3,1,2024,29000,0,0,0,0,0,0,0,0,0,1,0,0,0,1,0,0,0
4,0,2024,332000,0,0,0,0,0,0,0,1,0,0,0,1,0,0,0,0,0
4,0,2024,170000,1,0,0,0,0,0,0,0,0,0,0,1,0,0,0,0,0
4,0,2024,43000,0,0,0,0,1,0,0,0,0,0,0,1,0,0,0,0,0
4,0,2024,386000,0,0,0,0,0,0,0,1,0,0,0,1,0,0,0,0,0
4,0,2024,9346000,0,0,0,0,0,0,0,0,1,0,0,1,0,0,0,0,0
4,0,2024,632000,0,0,0,0,0,0,0,1,0,0,0,0,0,0,0,0,1
4,0,2024,90000,0,0,0,0,0,0,0,1,0,0,0,0,0,0,0,0,1
4,0,2024,259000,1,0,0,0,0,0,0,0,0,0,0,0,0,0,1,0,0
4,0,2024,48000,0,0,0,0,1,0,0,0,0,0,0,0,0,0,1,0,0
4,0,2024,44000,0,0,0,0,0,0,0,1,0,0,0,0,0,0,1,0,0
4,0,2024,182000,0,0,0,0,0,0,0,0,0,1,0,0,0,0,1,0,0
4,0,2024,208000,0,0,0,0,0,0,0,0,0,1,1,0,0,0,0,0,0
4,1,2024,2393000,0,0,0,0,0,0,0,0,1,0,0,0,1,0,0,0,0
4,1,2024,125000,0,0,0,0,0,0,0,0,0,1,0,0,1,0,0,0,0
4,1,2024,53000,0,0,0,0,1,0,0,0,0,0,0,0,0,1,0,0,0
4,1,2024,2848000,0,0,0,0,0,0,1,0,0,0,0,0,0,1,0,0,0
4,1,2024,322000,0,0,0,0,0,0,0,1,0,0,0,0,0,1,0,0,0
4,1,2024,259000,0,0,0,0,0,1,0,0,0,0,0,0,0,1,0,0,0
4,1,2024,51000,0,0,0,0,1,0,0,0,0,0,0,0,0,1,0,0,0
4,0,2024,112000,1,0,0,0,0,0,0,0,0,0,0,1,0,0,0,0,0
4,0,2024,10120000,0,0,0,0,0,0,0,0,1,0,0,1,0,0,0,0,0
4,0,2024,230000,1,0,0,0,0,0,0,0,0,0,0,0,0,0,0,1,0
4,0,2024,22000,0,0,0,0,0,0,0,0,0,1,0,0,0,0,0,0,1
4,0,2024,50000,0,0,0,0,1,0,0,0,0,0,0,0,0,0,0,0,1
4,0,2024,72000,0,0,0,0,0,0,0,0,0,1,0,0,0,0,0,0,1
4,0,2024,91000,0,0,0,0,1,0,0,0,0,0,0,0,0,0,0,0,1
4,0,2024,144000,0,0,0,0,1,0,0,0,0,0,0,0,0,0,0,0,1
4,0,2024,3775000,0,0,0,0,0,0,0,0,1,0,0,0,0,0,1,0,0
4,0,2024,22000,0,0,0,0,1,0,0,0,0,0,0,0,0,0,1,0,0
4,0,2024,1253000,1,0,0,0,0,0,0,0,0,0,0,0,0,0,1,0,0
4,0,2024,575000,0,0,0,0,0,0,0,0,0,1,0,0,0,0,1,0,0
4,0,2024,55000,0,0,0,0,0,0,0,1,0,0,1,0,0,0,0,0,0
4,0,2024,93000,0,0,0,0,1,0,0,0,0,0,1,0,0,0,0,0,0
4,1,2024,2252000,0,0,0,0,0,0,0,0,1,0,0,0,1,0,0,0,0
4,1,2024,535000,0,0,0,0,0,0,0,0,0,1,0,0,1,0,0,0,0
4,1,2024,27000,0,0,0,0,1,0,0,0,0,0,0,0,1,0,0,0,0
4,1,2024,164000,1,0,0,0,0,0,0,0,0,0,0,0,1,0,0,0,0
4,1,2024,2784000,0,0,0,0,0,0,1,0,0,0,0,0,1,0,0,0,0
4,1,2024,226000,0,0,0,0,0,1,0,0,0,0,0,0,1,0,0,0,0
4,1,2024,874000,0,0,0,0,0,0,0,0,0,1,0,0,1,0,0,0,0
4,1,2024,105000,0,0,0,0,0,0,0,0,1,0,0,0,0,1,0,0,0
4,1,2024,613000,0,0,0,0,0,0,0,1,0,0,0,0,0,1,0,0,0
4,1,2024,2337000,0,0,0,0,0,0,0,0,1,0,0,0,0,1,0,0,0
4,0,2024,1535000,0,0,0,0,0,0,0,0,1,0,0,1,0,0,0,0,0
4,0,2024,1684000,0,0,0,0,0,0,0,0,1,0,0,1,0,0,0,0,0
4,0,2024,38000,0,0,0,0,1,0,0,0,0,0,0,0,0,0,0,1,0
4,0,2024,5000,0,0,0,0,1,0,0,0,0,0,0,0,0,0,0,1,0
4,0,2024,3672000,0,0,0,0,0,0,0,0,1,0,0,0,0,0,0,1,0
4,0,2024,150000,0,0,0,0,0,0,0,1,0,0,0,0,0,0,0,1,0
4,0,2024,29000,0,0,0,0,1,0,0,0,0,0,0,0,0,0,0,0,1
4,0,2024,210000,0,0,0,0,0,0,0,0,0,1,0,0,0,0,0,0,1
4,0,2024,121000,0,0,0,0,1,0,0,0,0,0,0,0,0,0,0,0,1
4,0,2024,71000,0,0,0,0,1,0,0,0,0,0,0,0,0,0,0,0,1
4,0,2024,94000,1,0,0,0,0,0,0,0,0,0,0,0,0,0,0,0,1
4,0,2024,1791000,0,0,0,0,0,0,1,0,0,0,0,0,0,0,1,0,0
4,0,2024,1427000,0,0,0,0,0,1,0,0,0,0,0,0,0,0,1,0,0
4,0,2024,2731000,0,0,0,0,0,0,0,0,1,0,0,0,0,0,1,0,0
4,0,2024,67000,0,0,0,0,1,0,0,0,0,0,0,0,0,0,1,0,0
4,0,2024,4169000,0,0,0,0,0,0,0,0,1,0,1,0,0,0,0,0,0
4,0,2024,513000,0,0,0,0,0,0,0,1,0,0,1,0,0,0,0,0,0
4,0,2024,22000,0,0,0,0,1,0,0,0,0,0,1,0,0,0,0,0,0
4,0,2024,1081000,0,0,0,0,0,1,0,0,0,0,1,0,0,0,0,0,0
4,0,2024,290000,0,0,0,0,0,1,0,0,0,0,1,0,0,0,0,0,0
4,0,2024,114000,0,0,0,0,0,0,0,0,0,1,1,0,0,0,0,0,0
4,0,2024,383000,0,0,0,0,0,0,0,1,0,0,1,0,0,0,0,0,0
4,0,2024,110000,0,0,0,0,1,0,0,0,0,0,1,0,0,0,0,0,0
4,1,2024,7000,0,0,0,0,1,0,0,0,0,0,0,0,1,0,0,0,0
4,1,2024,127000,1,0,0,0,0,0,0,0,0,0,0,0,1,0,0,0,0
4,1,2024,78000,0,0,0,0,0,0,0,0,0,1,0,0,1,0,0,0,0
4,1,2024,70000,0,0,0,0,0,0,0,0,0,1,0,0,0,1,0,0,0
4,1,2024,3735000,0,0,0,0,0,0,0,0,1,0,0,0,0,1,0,0,0
4,0,2024,64000,0,0,0,0,1,0,0,0,0,0,0,1,0,0,0,0,0
4,0,2024,1319000,0,0,0,0,0,0,0,0,1,0,0,1,0,0,0,0,0
4,0,2024,1199000,0,0,0,0,0,0,0,0,1,0,0,1,0,0,0,0,0
4,0,2024,4396000,0,0,0,0,0,0,0,0,1,0,0,1,0,0,0,0,0
4,0,2024,82000,0,0,0,0,1,0,0,0,0,0,0,0,0,0,0,1,0
4,0,2024,94000,0,0,0,0,0,0,0,0,1,0,0,0,0,0,0,1,0
4,0,2024,169000,0,0,0,0,0,1,0,0,0,0,0,0,0,0,0,1,0
4,0,2024,3186000,0,0,0,0,0,0,0,0,1,0,0,0,0,0,0,1,0
4,0,2024,4246000,0,0,0,0,0,0,0,0,1,0,0,0,0,0,0,1,0
4,0,2024,140000,0,0,0,0,1,0,0,0,0,0,0,0,0,0,0,1,0
4,0,2024,47000,0,0,0,0,0,0,0,0,0,1,0,0,0,0,0,1,0
4,0,2024,131000,0,0,0,0,0,0,0,1,0,0,0,0,0,0,0,1,0
4,0,2024,354000,0,0,0,0,0,0,0,0,0,1,0,0,0,0,0,1,0
4,0,2024,23000,0,0,0,0,0,0,0,0,0,1,0,0,0,0,0,0,1
4,0,2024,116000,0,0,0,0,1,0,0,0,0,0,0,0,0,0,1,0,0
4,0,2024,144000,0,0,0,0,1,0,0,0,0,0,0,0,0,0,1,0,0
4,0,2024,1464000,0,0,0,0,0,0,0,0,1,0,1,0,0,0,0,0,0
4,0,2024,109000,0,0,1,0,0,0,0,0,0,0,1,0,0,0,0,0,0
4,1,2024,167000,0,0,0,0,0,0,0,0,0,1,0,0,0,1,0,0,0
4,0,2024,5528000,0,0,0,0,0,0,0,0,1,0,0,1,0,0,0,0,0
4,0,2024,17000,0,0,0,0,0,0,0,0,0,1,0,1,0,0,0,0,0
4,0,2024,28000,0,0,0,0,0,0,0,0,0,1,0,1,0,0,0,0,0
4,0,2024,206000,0,0,0,0,0,0,0,1,0,0,0,0,0,0,0,1,0
4,0,2024,2617000,0,0,0,0,0,0,0,0,1,0,0,0,0,0,0,1,0
4,0,2024,940000,0,0,0,0,0,0,1,0,0,0,0,0,0,0,0,1,0
5,0,2024,1450000,0,0,0,0,0,0,1,0,0,0,0,0,0,0,0,0,1
5,0,2024,253000,0,0,0,0,0,0,0,0,0,1,1,0,0,0,0,0,0
5,0,2024,16000,0,0,0,0,0,0,0,0,0,1,1,0,0,0,0,0,0
5,0,2024,83000,0,0,0,0,0,1,0,0,0,0,1,0,0,0,0,0,0
5,0,2024,104000,1,0,0,0,0,0,0,0,0,0,1,0,0,0,0,0,0
5,0,2024,46000,0,0,0,0,1,0,0,0,0,0,1,0,0,0,0,0,0
5,0,2024,696000,0,0,0,0,0,1,0,0,0,0,1,0,0,0,0,0,0
5,1,2024,146000,0,0,0,0,0,0,0,1,0,0,0,0,1,0,0,0,0
5,1,2024,110000,0,0,0,0,1,0,0,0,0,0,0,0,1,0,0,0,0
5,1,2024,1270000,0,0,0,0,0,0,0,0,1,0,0,0,1,0,0,0,0
5,1,2024,133000,0,0,0,0,1,0,0,0,0,0,0,0,0,1,0,0,0
5,1,2024,24000,0,0,0,0,0,0,0,0,0,1,0,0,0,1,0,0,0
5,0,2024,189000,0,0,0,1,0,0,0,0,0,0,0,1,0,0,0,0,0
5,0,2024,172000,0,0,0,0,1,0,0,0,0,0,0,1,0,0,0,0,0
5,0,2024,463000,0,0,0,0,0,0,0,0,0,1,0,1,0,0,0,0,0
5,0,2024,352000,0,0,0,0,0,0,0,1,0,0,0,1,0,0,0,0,0
5,0,2024,98000,0,0,0,0,1,0,0,0,0,0,0,0,0,0,0,1,0
5,0,2024,916000,0,0,0,0,0,0,0,0,1,0,0,0,0,0,0,1,0
5,0,2024,261000,0,0,0,0,0,0,0,0,0,1,0,0,0,0,0,0,1
5,0,2024,80000,1,0,0,0,0,0,0,0,0,0,0,0,0,0,0,0,1
5,0,2024,94000,0,0,0,0,1,0,0,0,0,0,0,0,0,0,1,0,0
5,0,2024,270000,0,0,0,1,0,0,0,0,0,0,1,0,0,0,0,0,0
5,1,2024,120000,0,0,0,0,1,0,0,0,0,0,0,0,1,0,0,0,0
5,1,2024,1364000,0,0,0,0,0,0,0,0,1,0,0,0,1,0,0,0,0
5,1,2024,22000,0,0,0,0,0,0,0,0,0,1,0,0,1,0,0,0,0
5,1,2024,4416000,0,0,0,0,0,0,0,0,1,0,0,0,1,0,0,0,0
5,1,2024,147000,0,0,0,0,0,0,0,0,0,1,0,0,1,0,0,0,0
5,1,2024,98000,0,0,0,0,0,0,0,0,0,1,0,0,1,0,0,0,0
5,1,2024,2505000,0,0,0,0,0,0,0,0,1,0,0,0,0,1,0,0,0
5,1,2024,181000,1,0,0,0,0,0,0,0,0,0,0,0,0,1,0,0,0
5,1,2024,76000,0,0,0,0,1,0,0,0,0,0,0,0,0,1,0,0,0
5,1,2024,164000,0,0,0,1,0,0,0,0,0,0,0,0,0,1,0,0,0
5,1,2024,128000,0,0,0,0,1,0,0,0,0,0,0,0,0,1,0,0,0
5,1,2024,242000,0,0,1,0,0,0,0,0,0,0,0,0,0,1,0,0,0
5,1,2024,3301000,0,0,0,0,0,0,0,0,1,0,0,0,0,1,0,0,0
5,0,2024,50000,0,0,0,0,1,0,0,0,0,0,0,1,0,0,0,0,0
5,0,2024,116000,0,0,1,0,0,0,0,0,0,0,0,1,0,0,0,0,0
5,0,2024,20000,0,0,0,0,0,0,0,0,0,1,0,1,0,0,0,0,0
5,0,2024,120000,0,0,0,0,0,0,0,1,0,0,0,1,0,0,0,0,0
5,0,2024,362000,0,0,1,0,0,0,0,0,0,0,0,1,0,0,0,0,0
5,0,2024,19000,0,0,0,0,1,0,0,0,0,0,0,1,0,0,0,0,0
5,0,2024,96000,1,0,0,0,0,0,0,0,0,0,0,0,0,0,0,1,0
5,0,2024,70000,0,0,0,0,0,1,0,0,0,0,0,0,0,0,0,1,0
5,0,2024,242000,0,0,0,0,0,1,0,0,0,0,0,0,0,0,0,0,1
5,0,2024,1232000,0,0,0,0,0,1,0,0,0,0,0,0,0,0,0,0,1
5,0,2024,12000,0,0,0,0,0,0,0,0,0,1,0,0,0,0,0,0,1
5,0,2024,88000,0,0,0,0,0,0,0,0,1,0,0,0,0,0,0,0,1
5,0,2024,312000,0,0,0,0,0,0,0,1,0,0,0,0,0,0,0,0,1
5,0,2024,59000,0,0,0,0,1,0,0,0,0,0,0,0,0,0,0,0,1
5,0,2024,138000,1,0,0,0,0,0,0,0,0,0,0,0,0,0,1,0,0
5,0,2024,236000,0,0,0,0,1,0,0,0,0,0,0,0,0,0,1,0,0
5,0,2024,461000,0,0,0,0,0,0,0,1,0,0,1,0,0,0,0,0,0
5,0,2024,458000,0,0,0,0,0,0,0,1,0,0,1,0,0,0,0,0,0
5,0,2024,84000,0,0,0,0,0,0,0,1,0,0,1,0,0,0,0,0,0
5,0,2024,153000,0,0,0,0,1,0,0,0,0,0,1,0,0,0,0,0,0
5,0,2024,1523000,0,0,0,0,0,0,0,0,1,0,1,0,0,0,0,0,0
5,1,2024,8000,0,0,0,0,1,0,0,0,0,0,0,0,1,0,0,0,0
5,1,2024,1368000,0,0,0,0,0,0,1,0,0,0,0,0,1,0,0,0,0
5,1,2024,2976000,0,0,0,0,0,0,1,0,0,0,0,0,1,0,0,0,0
5,0,2024,165000,1,0,0,0,0,0,0,0,0,0,0,1,0,0,0,0,0
5,0,2024,5297000,0,0,0,0,0,0,0,0,1,0,0,1,0,0,0,0,0
5,0,2024,222000,0,0,0,0,0,0,0,1,0,0,0,1,0,0,0,0,0
5,0,2024,301000,0,0,0,0,0,0,0,1,0,0,0,1,0,0,0,0,0
5,0,2024,302000,0,0,0,0,0,0,0,1,0,0,0,0,0,0,0,1,0
5,0,2024,155000,1,0,0,0,0,0,0,0,0,0,0,0,0,0,0,1,0
5,0,2024,2784000,0,0,0,0,0,0,0,0,1,0,0,0,0,0,0,1,0
5,0,2024,539000,0,0,0,0,0,1,0,0,0,0,0,0,0,0,0,1,0
5,0,2024,4181000,0,0,0,0,0,0,0,0,1,0,0,0,0,0,0,1,0
5,0,2024,176000,1,0,0,0,0,0,0,0,0,0,0,0,0,0,0,1,0
5,0,2024,207000,0,0,0,0,0,0,0,1,0,0,0,0,0,0,0,0,1
5,0,2024,1869000,0,0,0,0,0,0,0,0,1,0,0,0,0,0,0,0,1
5,0,2024,9536000,0,0,0,0,0,0,0,0,1,0,0,0,0,0,0,0,1
5,0,2024,91000,0,0,0,0,0,0,0,0,1,0,0,0,0,0,0,0,1
5,0,2024,403000,1,0,0,0,0,0,0,0,0,0,0,0,0,0,1,0,0
5,0,2024,825000,0,0,0,0,0,1,0,0,0,0,0,0,0,0,1,0,0
5,0,2024,14000,0,0,0,0,0,0,0,0,0,1,0,0,0,0,1,0,0
5,0,2024,265000,0,0,0,0,0,0,0,0,0,1,1,0,0,0,0,0,0
5,0,2024,65000,0,0,0,0,1,0,0,0,0,0,1,0,0,0,0,0,0
5,0,2024,19000,0,0,0,0,0,0,0,0,0,1,1,0,0,0,0,0,0
5,0,2024,92000,0,0,0,0,1,0,0,0,0,0,1,0,0,0,0,0,0
5,1,2024,79000,0,0,0,0,1,0,0,0,0,0,0,0,1,0,0,0,0
5,1,2024,72000,0,0,0,0,1,0,0,0,0,0,0,0,1,0,0,0,0
5,1,2024,212000,0,0,0,1,0,0,0,0,0,0,0,0,1,0,0,0,0
5,1,2024,149000,1,0,0,0,0,0,0,0,0,0,0,0,0,1,0,0,0
5,0,2024,75000,1,0,0,0,0,0,0,0,0,0,0,1,0,0,0,0,0
5,0,2024,147000,0,0,0,0,0,0,0,1,0,0,0,1,0,0,0,0,0
5,0,2024,253000,0,0,0,0,0,0,0,1,0,0,0,1,0,0,0,0,0
5,0,2024,126000,0,0,0,0,0,0,0,0,1,0,0,0,0,0,0,1,0
5,0,2024,81000,0,0,0,0,1,0,0,0,0,0,0,0,0,0,0,0,1
5,0,2024,91000,0,0,0,0,1,0,0,0,0,0,0,0,0,0,0,0,1
5,0,2024,112000,0,0,0,0,1,0,0,0,0,0,0,0,0,0,0,0,1
5,0,2024,202000,0,0,0,0,0,1,0,0,0,0,0,0,0,0,0,0,1
5,0,2024,25000,0,0,0,0,0,0,0,0,0,1,0,0,0,0,0,0,1
5,0,2024,162000,0,0,0,0,0,0,0,0,0,1,0,0,0,0,1,0,0
5,0,2024,332000,0,0,0,0,1,0,0,0,0,0,1,0,0,0,0,0,0
5,0,2024,88000,0,0,0,0,0,0,0,0,0,1,1,0,0,0,0,0,0
5,0,2024,67000,0,0,0,0,1,0,0,0,0,0,1,0,0,0,0,0,0
5,0,2024,53000,0,0,0,0,0,0,0,0,0,1,1,0,0,0,0,0,0
6,1,2024,28000,0,0,0,0,1,0,0,0,0,0,0,0,1,0,0,0,0
6,1,2024,362000,0,0,0,0,0,1,0,0,0,0,0,0,0,1,0,0,0
6,1,2024,269000,0,0,0,0,0,0,0,0,0,1,0,0,0,1,0,0,0
6,1,2024,5655000,0,0,0,0,0,0,0,0,1,0,0,0,0,1,0,0,0
6,1,2024,501000,0,0,0,0,0,0,0,1,0,0,0,0,0,1,0,0,0
6,1,2024,82000,0,0,0,0,0,1,0,0,0,0,0,0,0,1,0,0,0
6,1,2024,2048000,0,0,0,0,0,1,0,0,0,0,0,0,0,1,0,0,0
6,0,2024,271000,0,0,0,0,0,1,0,0,0,0,0,1,0,0,0,0,0
6,0,2024,344000,0,0,0,0,0,0,0,0,0,1,0,1,0,0,0,0,0
6,0,2024,117000,1,0,0,0,0,0,0,0,0,0,0,1,0,0,0,0,0
6,0,2024,3091000,0,0,0,0,0,0,0,0,1,0,0,1,0,0,0,0,0
6,0,2024,1274000,1,0,0,0,0,0,0,0,0,0,0,0,0,0,0,1,0
6,0,2024,137000,0,0,0,0,1,0,0,0,0,0,0,0,0,0,0,1,0
6,0,2024,310000,0,0,0,0,0,1,0,0,0,0,0,0,0,0,0,0,1
6,0,2024,173000,0,0,0,0,0,0,0,0,0,1,0,0,0,0,0,0,1
6,0,2024,68000,0,0,0,0,1,0,0,0,0,0,0,0,0,0,0,0,1
6,0,2024,179000,0,0,0,0,0,0,0,1,0,0,0,0,0,0,0,0,1
6,0,2024,533000,0,0,0,0,0,0,0,1,0,0,0,0,0,0,0,0,1
6,0,2024,129000,0,0,0,0,1,0,0,0,0,0,0,0,0,0,0,0,1
6,0,2024,94000,0,0,0,0,1,0,0,0,0,0,0,0,0,0,1,0,0
6,0,2024,215000,0,0,1,0,0,0,0,0,0,0,0,0,0,0,1,0,0
6,0,2024,275000,0,0,0,0,0,1,0,0,0,0,1,0,0,0,0,0,0
6,0,2024,159000,0,0,0,0,1,0,0,0,0,0,1,0,0,0,0,0,0
6,1,2024,51000,0,0,0,0,1,0,0,0,0,0,0,0,1,0,0,0,0
6,1,2024,118000,0,0,0,0,1,0,0,0,0,0,0,0,1,0,0,0,0
6,1,2024,160000,0,0,0,0,1,0,0,0,0,0,0,0,1,0,0,0,0
6,1,2024,120000,0,0,0,0,0,0,0,0,0,1,0,0,1,0,0,0,0
6,0,2024,53000,0,0,0,0,1,0,0,0,0,0,0,1,0,0,0,0,0
6,0,2024,71000,0,0,0,0,0,0,0,0,0,1,0,1,0,0,0,0,0
6,0,2024,85000,0,0,0,0,0,0,0,0,0,1,0,1,0,0,0,0,0
6,0,2024,3062000,0,0,0,0,0,0,0,0,1,0,0,1,0,0,0,0,0
6,0,2024,144000,0,0,0,0,0,1,0,0,0,0,0,1,0,0,0,0,0
6,0,2024,116000,0,0,0,0,0,0,0,1,0,0,0,0,0,0,0,1,0
6,0,2024,593000,0,0,0,0,0,0,0,1,0,0,0,0,0,0,0,1,0
6,0,2024,51000,0,0,0,0,1,0,0,0,0,0,0,0,0,0,0,0,1
6,0,2024,276000,0,0,0,0,0,0,0,1,0,0,0,0,0,0,0,0,1
6,0,2024,286000,0,0,0,0,0,1,0,0,0,0,0,0,0,0,1,0,0
6,0,2024,230000,0,0,0,0,1,0,0,0,0,0,0,0,0,0,1,0,0
6,0,2024,235000,0,0,0,0,0,1,0,0,0,0,0,0,0,0,1,0,0
6,0,2024,143000,0,0,0,0,0,1,0,0,0,0,0,0,0,0,1,0,0
6,0,2024,103000,0,0,0,0,1,0,0,0,0,0,0,0,0,0,1,0,0
6,0,2024,19000,0,0,0,0,1,0,0,0,0,0,0,0,0,0,1,0,0
6,0,2024,756000,0,0,0,0,0,1,0,0,0,0,0,0,0,0,1,0,0
6,0,2024,108000,0,0,1,0,0,0,0,0,0,0,1,0,0,0,0,0,0
6,0,2024,402000,1,0,0,0,0,0,0,0,0,0,1,0,0,0,0,0,0
6,0,2024,410000,0,0,0,0,0,1,0,0,0,0,1,0,0,0,0,0,0
6,1,2024,113000,1,0,0,0,0,0,0,0,0,0,0,0,1,0,0,0,0
6,1,2024,546000,0,0,1,0,0,0,0,0,0,0,0,0,1,0,0,0,0
6,1,2024,100000,0,0,0,0,1,0,0,0,0,0,0,0,1,0,0,0,0
6,1,2024,68000,0,0,0,0,0,0,0,0,1,0,0,0,1,0,0,0,0
6,1,2024,188000,0,0,0,0,1,0,0,0,0,0,0,0,0,1,0,0,0
6,1,2024,167000,0,0,0,0,0,1,0,0,0,0,0,0,0,1,0,0,0
6,0,2024,1246000,0,0,0,0,0,0,0,0,1,0,0,1,0,0,0,0,0
6,0,2024,158000,1,0,0,0,0,0,0,0,0,0,0,1,0,0,0,0,0
6,0,2024,2452000,0,0,0,0,0,0,0,0,1,0,0,1,0,0,0,0,0
6,0,2024,73000,0,0,0,0,1,0,0,0,0,0,0,1,0,0,0,0,0
6,0,2024,159000,0,0,0,0,0,0,0,0,1,0,0,0,0,0,0,1,0
6,0,2024,261000,0,0,1,0,0,0,0,0,0,0,0,0,0,0,0,1,0
6,0,2024,130000,0,0,0,0,1,0,0,0,0,0,0,0,0,0,0,1,0
6,0,2024,139000,0,0,0,0,1,0,0,0,0,0,0,0,0,0,0,1,0
6,0,2024,59000,0,0,0,0,0,0,0,0,0,1,0,0,0,0,0,0,1
6,0,2024,345000,0,0,0,0,0,1,0,0,0,0,0,0,0,0,0,0,1
6,0,2024,2627000,0,0,0,0,0,0,0,0,1,0,0,0,0,0,1,0,0
6,0,2024,414000,0,0,1,0,0,0,0,0,0,0,0,0,0,0,1,0,0
6,0,2024,109000,1,0,0,0,0,0,0,0,0,0,0,0,0,0,1,0,0
6,0,2024,7805000,0,0,0,0,0,0,0,0,1,0,1,0,0,0,0,0,0
6,0,2024,134000,0,0,0,0,0,0,0,1,0,0,1,0,0,0,0,0,0
6,1,2024,277000,0,0,0,0,0,0,0,0,0,1,0,0,1,0,0,0,0
6,1,2024,203000,1,0,0,0,0,0,0,0,0,0,0,0,1,0,0,0,0
6,1,2024,132000,0,0,0,0,1,0,0,0,0,0,0,0,1,0,0,0,0
6,1,2024,1217000,0,0,0,0,0,1,0,0,0,0,0,0,1,0,0,0,0
6,1,2024,426000,0,0,0,0,0,1,0,0,0,0,0,0,1,0,0,0,0
6,0,2024,1066000,1,0,0,0,0,0,0,0,0,0,0,1,0,0,0,0,0
6,0,2024,160000,1,0,0,0,0,0,0,0,0,0,0,1,0,0,0,0,0
6,0,2024,38000,0,0,0,0,0,0,0,1,0,0,0,1,0,0,0,0,0
6,0,2024,102000,0,0,0,0,0,0,0,0,1,0,0,0,0,0,0,1,0
6,0,2024,1252000,0,0,0,0,0,0,0,0,1,0,0,0,0,0,0,1,0
6,0,2024,328000,1,0,0,0,0,0,0,0,0,0,0,0,0,0,0,1,0
6,0,2024,57000,1,0,0,0,0,0,0,0,0,0,0,0,0,0,0,1,0
6,0,2024,82000,0,0,0,0,1,0,0,0,0,0,0,0,0,0,0,1,0
6,0,2024,286000,0,0,1,0,0,0,0,0,0,0,0,0,0,0,0,0,1
6,0,2024,7264000,0,0,0,0,0,0,0,0,1,0,0,0,0,0,0,0,1
6,0,2024,1574000,0,0,0,0,0,0,0,0,1,0,0,0,0,0,1,0,0
6,0,2024,106000,0,0,0,0,1,0,0,0,0,0,1,0,0,0,0,0,0
6,0,2024,202000,0,0,0,0,0,1,0,0,0,0,1,0,0,0,0,0,0
6,1,2024,74000,0,0,0,0,0,0,0,0,0,1,0,0,0,1,0,0,0
6,1,2024,128000,0,0,0,0,1,0,0,0,0,0,0,0,0,1,0,0,0
6,1,2024,38000,0,0,0,0,0,0,0,0,0,1,0,0,0,1,0,0,0
6,1,2024,167000,0,0,0,0,1,0,0,0,0,0,0,0,0,1,0,0,0
7,0,2024,13000,0,0,0,0,1,0,0,0,0,0,0,1,0,0,0,0,0
7,0,2024,213000,0,0,0,1,0,0,0,0,0,0,0,1,0,0,0,0,0
7,0,2024,278000,0,0,0,0,0,0,0,0,0,1,0,0,0,0,0,1,0
7,0,2024,411000,0,0,0,0,0,1,0,0,0,0,0,0,0,0,0,1,0
7,0,2024,75000,0,0,0,0,1,0,0,0,0,0,0,0,0,0,0,1,0
7,0,2024,190000,0,0,0,0,1,0,0,0,0,0,0,0,0,0,0,1,0
7,0,2024,122000,0,0,0,0,0,0,0,0,0,1,0,0,0,0,0,1,0
7,0,2024,227000,0,0,0,0,0,1,0,0,0,0,0,0,0,0,0,0,1
7,0,2024,147000,0,0,0,0,1,0,0,0,0,0,0,0,0,0,1,0,0
7,0,2024,57000,0,0,0,0,1,0,0,0,0,0,1,0,0,0,0,0,0
7,0,2024,142000,1,0,0,0,0,0,0,0,0,0,1,0,0,0,0,0,0
7,1,2024,125000,0,0,0,0,1,0,0,0,0,0,0,0,1,0,0,0,0
7,1,2024,88000,1,0,0,0,0,0,0,0,0,0,0,0,1,0,0,0,0
7,1,2024,69000,0,0,0,0,0,0,0,1,0,0,0,0,1,0,0,0,0
7,1,2024,275000,0,0,0,0,0,0,0,1,0,0,0,0,0,1,0,0,0
7,1,2024,22000,0,0,0,0,1,0,0,0,0,0,0,0,0,1,0,0,0
7,0,2024,690000,0,0,1,0,0,0,0,0,0,0,0,1,0,0,0,0,0
7,0,2024,238000,0,0,0,0,1,0,0,0,0,0,0,1,0,0,0,0,0
7,0,2024,481000,0,0,0,0,0,0,0,0,0,1,0,1,0,0,0,0,0
7,0,2024,6253000,0,0,0,0,0,0,0,0,1,0,0,0,0,0,0,1,0
7,0,2024,95000,0,0,0,0,1,0,0,0,0,0,0,0,0,0,0,1,0
7,0,2024,2770000,0,0,0,0,0,0,1,0,0,0,0,0,0,0,0,0,1
7,0,2024,13000,0,0,0,0,1,0,0,0,0,0,0,0,0,0,0,0,1
7,0,2024,209000,0,0,0,0,0,0,0,0,0,1,0,0,0,0,0,0,1
7,0,2024,136000,0,0,0,0,1,0,0,0,0,0,0,0,0,0,1,0,0
7,0,2024,118000,0,0,0,0,0,0,0,0,0,1,0,0,0,0,1,0,0
7,0,2024,74000,0,0,0,0,1,0,0,0,0,0,1,0,0,0,0,0,0
7,1,2024,359000,0,0,1,0,0,0,0,0,0,0,0,0,0,1,0,0,0
7,0,2024,118000,0,0,0,0,1,0,0,0,0,0,0,1,0,0,0,0,0
7,0,2024,1834000,0,0,0,0,0,0,1,0,0,0,0,1,0,0,0,0,0
7,0,2024,2940000,0,0,0,0,0,0,0,0,1,0,0,1,0,0,0,0,0
7,0,2024,412000,0,0,1,0,0,0,0,0,0,0,0,1,0,0,0,0,0
7,0,2024,167000,0,0,0,0,1,0,0,0,0,0,0,0,0,0,0,1,0
7,0,2024,280000,0,0,0,1,0,0,0,0,0,0,0,0,0,0,0,1,0
7,0,2024,2532000,0,0,0,0,0,0,0,0,1,0,0,0,0,0,0,1,0
7,0,2024,19000,0,0,0,0,1,0,0,0,0,0,0,0,0,0,0,0,1
7,0,2024,38000,0,0,0,0,0,0,0,0,0,1,0,0,0,0,1,0,0
7,0,2024,184000,0,0,0,0,0,1,0,0,0,0,1,0,0,0,0,0,0
7,0,2024,94000,0,0,0,0,1,0,0,0,0,0,1,0,0,0,0,0,0
7,1,2024,331000,0,0,0,0,0,0,0,0,0,1,0,0,0,1,0,0,0
7,1,2024,4358000,0,0,0,0,0,0,0,0,1,0,0,0,0,1,0,0,0
7,0,2024,11000,0,0,0,0,1,0,0,0,0,0,0,1,0,0,0,0,0
7,0,2024,38000,0,0,0,0,1,0,0,0,0,0,0,1,0,0,0,0,0
7,0,2024,1462000,0,0,0,0,0,0,0,0,1,0,0,0,0,0,0,1,0
7,0,2024,102000,0,0,0,0,1,0,0,0,0,0,0,0,0,0,0,1,0
7,0,2024,80000,0,0,0,0,1,0,0,0,0,0,0,0,0,0,0,0,1
7,0,2024,9094000,0,0,0,0,0,0,0,0,1,0,0,0,0,0,0,0,1
7,0,2024,21000,0,0,0,0,0,0,0,1,0,0,0,0,0,0,0,0,1
7,0,2024,6945000,0,0,0,0,0,0,0,0,1,0,0,0,0,0,1,0,0
7,0,2024,103000,0,0,0,0,1,0,0,0,0,0,0,0,0,0,1,0,0
7,0,2024,328000,0,0,0,0,0,0,0,0,0,1,0,0,0,0,1,0,0
7,0,2024,4435000,0,0,0,0,0,0,0,0,1,0,1,0,0,0,0,0,0
7,0,2024,129000,0,0,0,0,1,0,0,0,0,0,1,0,0,0,0,0,0
7,0,2024,2334000,0,0,0,0,0,0,1,0,0,0,1,0,0,0,0,0,0
7,0,2024,576000,0,0,0,0,0,0,0,1,0,0,1,0,0,0,0,0,0
7,1,2024,73000,0,0,0,0,1,0,0,0,0,0,0,0,1,0,0,0,0
7,1,2024,92000,0,0,0,0,1,0,0,0,0,0,0,0,1,0,0,0,0
7,1,2024,8468000,0,0,0,0,0,0,0,0,1,0,0,0,1,0,0,0,0
7,1,2024,112000,0,0,0,0,1,0,0,0,0,0,0,0,0,1,0,0,0
7,1,2024,1209000,0,0,0,0,0,0,0,0,1,0,0,0,0,1,0,0,0
7,1,2024,92000,0,0,0,0,1,0,0,0,0,0,0,0,0,1,0,0,0
7,0,2024,105000,0,0,0,0,1,0,0,0,0,0,0,1,0,0,0,0,0
7,0,2024,8441000,0,0,0,0,0,0,0,0,1,0,0,0,0,0,0,1,0
7,0,2024,94000,1,0,0,0,0,0,0,0,0,0,0,0,0,0,0,1,0
7,0,2024,69000,0,0,0,0,0,0,0,1,0,0,0,0,0,0,0,1,0
7,0,2024,108000,0,0,0,0,1,0,0,0,0,0,0,0,0,0,0,1,0
7,0,2024,71000,0,0,0,0,0,0,0,0,1,0,0,0,0,0,0,1,0
7,0,2024,83000,1,0,0,0,0,0,0,0,0,0,0,0,0,0,0,1,0
7,0,2024,40000,0,0,0,0,0,0,0,0,0,1,0,0,0,0,0,0,1
7,0,2024,26000,0,0,0,0,0,0,0,0,0,1,0,0,0,0,0,0,1
7,0,2024,441000,0,0,1,0,0,0,0,0,0,0,0,0,0,0,0,0,1
7,0,2024,1924000,0,0,1,0,0,0,0,0,0,0,0,0,0,0,0,0,1
7,0,2024,137000,0,0,0,0,0,0,0,0,0,1,0,0,0,0,0,0,1
7,0,2024,690000,0,0,1,0,0,0,0,0,0,0,0,0,0,0,0,0,1
8,0,2024,20000,0,0,0,0,1,0,0,0,0,0,0,0,0,0,1,0,0
8,0,2024,172000,0,0,0,1,0,0,0,0,0,0,0,0,0,0,1,0,0
8,0,2024,99000,1,0,0,0,0,0,0,0,0,0,0,0,0,0,1,0,0
8,0,2024,866000,0,0,0,0,0,1,0,0,0,0,0,0,0,0,1,0,0
8,0,2024,86000,0,0,0,0,1,0,0,0,0,0,1,0,0,0,0,0,0
8,0,2024,53000,0,0,0,0,1,0,0,0,0,0,1,0,0,0,0,0,0
8,1,2024,36000,0,0,0,0,1,0,0,0,0,0,0,0,1,0,0,0,0
8,1,2024,335000,0,0,0,0,1,0,0,0,0,0,0,0,1,0,0,0,0
8,1,2024,100000,0,0,0,0,1,0,0,0,0,0,0,0,1,0,0,0,0
8,1,2024,68000,0,0,0,0,1,0,0,0,0,0,0,0,0,1,0,0,0
8,1,2024,1929000,0,0,0,0,0,0,1,0,0,0,0,0,0,1,0,0,0
8,1,2024,416000,0,0,0,0,0,0,0,0,0,1,0,0,0,1,0,0,0
8,1,2024,206000,0,0,0,0,1,0,0,0,0,0,0,0,0,1,0,0,0
8,1,2024,23000,0,0,0,0,1,0,0,0,0,0,0,0,0,1,0,0,0
8,0,2024,92000,0,0,0,0,0,0,0,0,1,0,0,1,0,0,0,0,0
8,0,2024,629000,1,0,0,0,0,0,0,0,0,0,0,1,0,0,0,0,0
8,0,2024,443000,1,0,0,0,0,0,0,0,0,0,0,0,0,0,0,1,0
8,0,2024,2028000,0,0,0,0,0,0,0,0,1,0,0,0,0,0,1,0,0
8,0,2024,1898000,0,0,0,0,0,1,0,0,0,0,1,0,0,0,0,0,0
8,0,2024,1102000,0,0,0,0,0,0,0,0,1,0,1,0,0,0,0,0,0
8,1,2024,156000,0,0,0,0,0,1,0,0,0,0,0,0,1,0,0,0,0
8,1,2024,23000,0,0,0,0,0,0,0,0,0,1,0,0,1,0,0,0,0
8,1,2024,59000,0,0,0,0,1,0,0,0,0,0,0,0,0,1,0,0,0
8,1,2024,145000,0,0,0,0,1,0,0,0,0,0,0,0,0,1,0,0,0
8,1,2024,5086000,0,0,0,0,0,0,0,0,1,0,0,0,0,1,0,0,0
8,0,2024,3007000,0,0,0,0,0,0,1,0,0,0,0,1,0,0,0,0,0
8,0,2024,247000,0,0,0,1,0,0,0,0,0,0,0,1,0,0,0,0,0
8,0,2024,76000,0,0,0,0,1,0,0,0,0,0,0,1,0,0,0,0,0
8,0,2024,3314000,0,0,0,0,0,0,1,0,0,0,0,0,0,0,0,1,0
8,0,2024,263000,0,0,0,0,0,1,0,0,0,0,0,0,0,0,0,1,0
8,0,2024,12000,0,0,0,0,0,0,0,0,0,1,0,0,0,0,0,1,0
8,0,2024,50000,0,0,0,0,1,0,0,0,0,0,0,0,0,0,0,1,0
8,0,2024,230000,0,0,0,0,0,1,0,0,0,0,0,0,0,0,0,1,0
8,0,2024,389000,0,0,0,0,0,0,0,1,0,0,0,0,0,0,0,1,0
8,0,2024,1017000,0,0,0,0,0,0,0,0,1,0,0,0,0,0,0,1,0
8,0,2024,332000,0,0,0,0,0,0,0,1,0,0,0,0,0,0,0,1,0
8,0,2024,31000,0,0,0,0,1,0,0,0,0,0,0,0,0,0,0,1,0
8,0,2024,19000,0,0,0,0,1,0,0,0,0,0,0,0,0,0,0,1,0
8,0,2024,153000,0,0,0,0,1,0,0,0,0,0,0,0,0,0,0,1,0
8,0,2024,105000,0,0,0,0,1,0,0,0,0,0,0,0,0,0,1,0,0
8,0,2024,296000,0,0,0,0,1,0,0,0,0,0,0,0,0,0,1,0,0
8,0,2024,631000,0,0,0,0,0,0,0,0,0,1,0,0,0,0,1,0,0
8,0,2024,366000,0,0,1,0,0,0,0,0,0,0,1,0,0,0,0,0,0
8,0,2024,102000,0,0,0,0,1,0,0,0,0,0,1,0,0,0,0,0,0
8,0,2024,77000,0,0,0,0,1,0,0,0,0,0,1,0,0,0,0,0,0
8,0,2024,213000,1,0,0,0,0,0,0,0,0,0,1,0,0,0,0,0,0
8,1,2024,206000,0,0,0,0,0,0,0,1,0,0,0,0,1,0,0,0,0
8,1,2024,130000,0,0,0,0,0,0,0,0,1,0,0,0,1,0,0,0,0
8,1,2024,220000,0,0,0,1,0,0,0,0,0,0,0,0,1,0,0,0,0
8,0,2024,175000,0,0,0,0,1,0,0,0,0,0,0,1,0,0,0,0,0
8,0,2024,26000,0,0,0,0,1,0,0,0,0,0,0,0,0,0,0,1,0
8,0,2024,125000,1,0,0,0,0,0,0,0,0,0,0,0,0,0,0,1,0
8,0,2024,121000,0,0,0,0,1,0,0,0,0,0,0,0,0,0,0,1,0
8,0,2024,74000,0,0,0,0,1,0,0,0,0,0,0,0,0,0,0,0,1
8,0,2024,568000,0,0,0,0,0,0,0,0,0,1,0,0,0,0,0,0,1
8,0,2024,6435000,0,0,0,0,0,0,0,0,1,0,0,0,0,0,0,0,1
8,0,2024,1901000,0,0,0,0,0,0,1,0,0,0,0,0,0,0,1,0,0
8,0,2024,362000,1,0,0,0,0,0,0,0,0,0,0,0,0,0,1,0,0
8,0,2024,465000,0,0,0,0,0,0,0,1,0,0,0,0,0,0,1,0,0
8,0,2024,24000,0,0,0,0,1,0,0,0,0,0,0,0,0,0,1,0,0
8,0,2024,817000,0,0,0,0,0,0,0,0,0,1,0,0,0,0,1,0,0
8,0,2024,35000,0,0,0,0,1,0,0,0,0,0,1,0,0,0,0,0,0
8,0,2024,100000,0,0,0,0,0,0,0,1,0,0,1,0,0,0,0,0,0
8,0,2024,85000,0,0,0,0,0,0,0,1,0,0,1,0,0,0,0,0,0
8,1,2024,220000,0,0,0,1,0,0,0,0,0,0,0,0,1,0,0,0,0
8,1,2024,312000,0,0,0,0,0,1,0,0,0,0,0,0,0,1,0,0,0
8,1,2024,632000,0,0,0,0,0,1,0,0,0,0,0,0,0,1,0,0,0
8,1,2024,100000,0,0,0,0,1,0,0,0,0,0,0,0,0,1,0,0,0
8,1,2024,77000,1,0,0,0,0,0,0,0,0,0,0,0,0,1,0,0,0
8,0,2024,11000,0,0,0,0,1,0,0,0,0,0,0,1,0,0,0,0,0
8,0,2024,180000,0,0,1,0,0,0,0,0,0,0,0,1,0,0,0,0,0
8,0,2024,101000,0,0,0,0,1,0,0,0,0,0,0,0,0,0,0,1,0
8,0,2024,9278000,0,0,0,0,0,0,0,0,1,0,0,0,0,0,0,1,0
8,0,2024,168000,0,0,0,0,1,0,0,0,0,0,0,0,0,0,0,1,0
8,0,2024,155000,0,0,0,0,0,0,0,0,0,1,0,0,0,0,0,0,1
8,0,2024,110000,0,0,1,0,0,0,0,0,0,0,0,0,0,0,0,0,1
8,0,2024,59000,0,0,0,0,1,0,0,0,0,0,0,0,0,0,0,0,1
8,0,2024,111000,0,0,0,0,1,0,0,0,0,0,0,0,0,0,0,0,1
8,0,2024,158000,0,0,0,0,0,0,0,1,0,0,0,0,0,0,0,0,1
8,0,2024,104000,0,0,0,0,0,0,0,1,0,0,0,0,0,0,1,0,0
8,0,2024,217000,0,0,1,0,0,0,0,0,0,0,0,0,0,0,1,0,0
8,0,2024,546000,0,0,1,0,0,0,0,0,0,0,1,0,0,0,0,0,0
8,0,2024,28000,0,0,0,0,1,0,0,0,0,0,1,0,0,0,0,0,0
8,0,2024,365000,0,0,0,0,0,0,0,0,0,1,1,0,0,0,0,0,0
8,0,2024,65000,0,0,0,0,1,0,0,0,0,0,1,0,0,0,0,0,0
8,1,2024,3498000,0,0,0,0,0,0,0,0,1,0,0,0,1,0,0,0,0
8,1,2024,87000,0,0,0,0,0,0,0,0,0,1,0,0,1,0,0,0,0
9,1,2024,5709000,0,0,0,0,0,0,0,0,1,0,0,0,0,1,0,0,0
9,1,2024,1727000,0,0,0,0,0,0,0,0,1,0,0,0,0,1,0,0,0
9,1,2024,2345000,0,0,0,0,0,0,0,0,1,0,0,0,0,1,0,0,0
9,1,2024,77000,0,0,0,0,1,0,0,0,0,0,0,0,0,1,0,0,0
9,1,2024,4206000,0,0,0,0,0,0,0,0,1,0,0,0,0,1,0,0,0
9,1,2024,68000,0,0,0,0,0,0,0,0,0,1,0,0,0,1,0,0,0
9,0,2024,127000,0,0,0,0,1,0,0,0,0,0,0,1,0,0,0,0,0
9,0,2024,121000,0,0,0,0,0,1,0,0,0,0,0,1,0,0,0,0,0
9,0,2024,3381000,0,0,0,0,0,0,0,0,1,0,0,1,0,0,0,0,0
9,0,2024,885000,0,0,0,0,0,0,1,0,0,0,0,0,0,0,0,1,0
9,0,2024,15000,0,0,0,0,0,0,0,0,0,1,0,0,0,0,0,1,0
9,0,2024,41000,0,0,0,0,0,0,0,1,0,0,0,0,0,0,0,1,0
9,0,2024,94000,0,0,0,0,1,0,0,0,0,0,0,0,0,0,0,0,1
9,0,2024,103000,0,0,0,0,0,0,0,0,1,0,0,0,0,0,0,0,1
9,0,2024,176000,0,0,0,1,0,0,0,0,0,0,0,0,0,0,1,0,0
9,0,2024,96000,0,0,0,0,0,0,0,0,0,1,0,0,0,0,1,0,0
9,0,2024,3722000,0,0,0,0,0,0,0,0,1,0,0,0,0,0,1,0,0
9,0,2024,157000,1,0,0,0,0,0,0,0,0,0,0,0,0,0,1,0,0
9,0,2024,209000,0,0,0,0,0,1,0,0,0,0,0,0,0,0,1,0,0
9,0,2024,4465000,0,0,0,0,0,0,0,0,1,0,1,0,0,0,0,0,0
9,0,2024,204000,0,0,0,0,0,0,0,1,0,0,1,0,0,0,0,0,0
9,0,2024,49000,0,0,0,1,0,0,0,0,0,0,1,0,0,0,0,0,0
9,1,2024,2893000,0,0,0,0,0,0,0,0,1,0,0,0,1,0,0,0,0
9,1,2024,107000,0,0,0,0,1,0,0,0,0,0,0,0,1,0,0,0,0
9,1,2024,47000,1,0,0,0,0,0,0,0,0,0,0,0,1,0,0,0,0
9,1,2024,278000,0,0,0,0,0,1,0,0,0,0,0,0,1,0,0,0,0
9,1,2024,897000,0,0,1,0,0,0,0,0,0,0,0,0,0,1,0,0,0
9,1,2024,1404000,0,0,1,0,0,0,0,0,0,0,0,0,0,1,0,0,0
9,1,2024,35000,0,0,0,0,1,0,0,0,0,0,0,0,0,1,0,0,0
9,1,2024,268000,0,0,0,0,0,0,0,1,0,0,0,0,0,1,0,0,0
9,1,2024,22000,0,0,0,0,0,0,0,1,0,0,0,0,0,1,0,0,0
9,1,2024,5640000,0,0,0,0,0,0,0,0,1,0,0,0,0,1,0,0,0
9,1,2024,81000,0,0,0,0,1,0,0,0,0,0,0,0,0,1,0,0,0
9,0,2024,15000,0,0,0,0,1,0,0,0,0,0,0,1,0,0,0,0,0
9,0,2024,282000,0,0,0,0,1,0,0,0,0,0,0,0,0,0,0,1,0
9,0,2024,146000,0,0,0,0,0,0,0,0,0,1,0,0,0,0,0,1,0
9,0,2024,157000,0,0,0,0,0,0,0,0,0,1,0,0,0,0,0,0,1
9,0,2024,8000,0,0,0,0,0,0,0,0,0,1,0,0,0,0,0,0,1
9,0,2024,28000,0,0,0,0,0,1,0,0,0,0,0,0,0,0,0,0,1
9,0,2024,618000,0,0,1,0,0,0,0,0,0,0,0,0,0,0,0,0,1
9,0,2024,2113000,0,0,0,0,0,0,0,0,1,0,0,0,0,0,0,0,1
9,0,2024,309000,0,0,1,0,0,0,0,0,0,0,0,0,0,0,1,0,0
9,0,2024,36000,0,0,0,0,0,0,0,0,0,1,1,0,0,0,0,0,0
9,0,2024,75000,0,0,0,0,1,0,0,0,0,0,1,0,0,0,0,0,0
9,1,2024,110000,1,0,0,0,0,0,0,0,0,0,0,0,1,0,0,0,0
9,1,2024,2139000,0,0,0,0,0,0,0,0,1,0,0,0,1,0,0,0,0
9,1,2024,13000,0,0,0,0,1,0,0,0,0,0,0,0,1,0,0,0,0
9,1,2024,168000,0,0,0,0,1,0,0,0,0,0,0,0,1,0,0,0,0
9,1,2024,57000,0,0,0,0,0,0,0,0,1,0,0,0,0,1,0,0,0
9,0,2024,8000,0,0,0,0,0,0,0,0,0,1,0,1,0,0,0,0,0
9,0,2024,175000,0,0,0,0,0,0,0,1,0,0,0,1,0,0,0,0,0
9,0,2024,218000,0,0,0,0,0,0,0,0,0,1,0,1,0,0,0,0,0
9,0,2024,77000,0,0,0,0,1,0,0,0,0,0,0,1,0,0,0,0,0
9,0,2024,161000,0,0,0,0,1,0,0,0,0,0,0,0,0,0,0,1,0
9,0,2024,245000,0,0,0,0,0,0,0,1,0,0,0,0,0,0,0,1,0
9,0,2024,504000,0,0,1,0,0,0,0,0,0,0,0,0,0,0,0,1,0
9,0,2024,180000,0,0,0,0,0,1,0,0,0,0,0,0,0,0,0,1,0
9,0,2024,564000,0,0,0,0,0,0,0,0,0,1,0,0,0,0,0,0,1
9,0,2024,5075000,0,0,0,0,0,0,0,0,1,0,0,0,0,0,0,0,1
9,0,2024,64000,0,0,0,0,1,0,0,0,0,0,0,0,0,0,0,0,1
9,0,2024,629000,0,0,0,0,0,0,0,1,0,0,0,0,0,0,0,0,1
9,0,2024,115000,0,0,0,0,0,0,0,0,0,1,0,0,0,0,0,0,1
9,0,2024,6333000,0,0,0,0,0,0,0,0,1,0,0,0,0,0,1,0,0
9,0,2024,196000,1,0,0,0,0,0,0,0,0,0,1,0,0,0,0,0,0
9,0,2024,480000,0,0,1,0,0,0,0,0,0,0,1,0,0,0,0,0,0
9,1,2024,62000,0,0,0,0,1,0,0,0,0,0,0,0,1,0,0,0,0
9,1,2024,403000,0,0,0,0,0,0,0,1,0,0,0,0,1,0,0,0,0
9,1,2024,119000,0,0,0,0,0,0,0,0,0,1,0,0,1,0,0,0,0
9,1,2024,288000,1,0,0,0,0,0,0,0,0,0,0,0,1,0,0,0,0
9,1,2024,134000,0,0,0,0,1,0,0,0,0,0,0,0,1,0,0,0,0
9,1,2024,37000,0,0,0,0,0,0,0,0,1,0,0,0,1,0,0,0,0
9,1,2024,87000,0,0,0,0,1,0,0,0,0,0,0,0,1,0,0,0,0
9,1,2024,83000,0,0,0,0,1,0,0,0,0,0,0,0,0,1,0,0,0
9,0,2024,467000,0,0,0,0,0,0,0,1,0,0,0,1,0,0,0,0,0
9,0,2024,489000,0,0,0,0,0,1,0,0,0,0,0,1,0,0,0,0,0
9,0,2024,11000,0,0,0,0,1,0,0,0,0,0,0,1,0,0,0,0,0
9,0,2024,179000,1,0,0,0,0,0,0,0,0,0,0,1,0,0,0,0,0
9,0,2024,20000,0,0,0,0,0,0,0,0,0,1,0,1,0,0,0,0,0
9,0,2024,395000,0,0,0,0,0,0,0,1,0,0,0,1,0,0,0,0,0
9,0,2024,1045000,0,0,0,0,0,0,0,0,0,1,0,1,0,0,0,0,0
9,0,2024,2389000,0,0,0,0,0,0,1,0,0,0,0,1,0,0,0,0,0
9,0,2024,794000,0,0,0,0,0,0,0,0,1,0,0,0,0,0,0,1,0
9,0,2024,1326000,0,0,0,0,0,0,0,0,1,0,0,0,0,0,0,1,0
9,0,2024,7165000,0,0,0,0,0,0,0,0,1,0,0,0,0,0,0,1,0
9,0,2024,4075000,0,0,0,0,0,0,0,0,1,0,0,0,0,0,0,1,0
9,0,2024,8740000,0,0,0,0,0,0,0,0,1,0,0,0,0,0,0,1,0
9,0,2024,1017000,0,0,0,0,0,0,0,1,0,0,0,0,0,0,0,1,0
9,0,2024,101000,0,0,0,0,1,0,0,0,0,0,0,0,0,0,0,1,0
9,0,2024,533000,0,0,0,0,0,0,0,1,0,0,0,0,0,0,0,1,0
9,0,2024,103000,0,0,0,0,0,1,0,0,0,0,0,0,0,0,0,1,0
9,0,2024,8146000,0,0,0,0,0,0,0,0,1,0,0,0,0,0,0,1,0
9,0,2024,2185000,0,0,0,0,0,0,0,0,1,0,0,0,0,0,0,0,1
9,0,2024,6059000,0,0,0,0,0,0,0,0,1,0,0,0,0,0,0,0,1
9,0,2024,20000,0,0,0,0,1,0,0,0,0,0,0,0,0,0,0,0,1
9,0,2024,82000,0,0,0,0,1,0,0,0,0,0,0,0,0,0,0,0,1
9,0,2024,4805000,0,0,0,0,0,0,0,0,1,0,0,0,0,0,0,0,1
9,0,2024,1179000,0,0,0,0,0,0,1,0,0,0,0,0,0,0,0,0,1
9,0,2024,178000,0,0,1,0,0,0,0,0,0,0,0,0,0,0,0,0,1
9,0,2024,36000,0,0,0,0,0,0,0,0,1,0,0,0,0,0,1,0,0
9,0,2024,819000,0,0,0,0,0,0,1,0,0,0,0,0,0,0,1,0,0
9,0,2024,810000,0,0,0,0,0,0,0,1,0,0,0,0,0,0,1,0,0
9,0,2024,329000,0,0,0,0,0,1,0,0,0,0,1,0,0,0,0,0,0
9,0,2024,282000,0,0,0,0,0,0,0,1,0,0,1,0,0,0,0,0,0
9,0,2024,575000,0,0,0,0,0,1,0,0,0,0,1,0,0,0,0,0,0
9,0,2024,224000,0,0,0,0,0,0,0,1,0,0,1,0,0,0,0,0,0
9,1,2024,615000,0,0,1,0,0,0,0,0,0,0,0,0,1,0,0,0,0
9,1,2024,80000,0,0,0,0,0,1,0,0,0,0,0,0,1,0,0,0,0
9,1,2024,71000,0,0,0,0,1,0,0,0,0,0,0,0,1,0,0,0,0
9,1,2024,1747000,0,0,0,0,0,0,0,0,1,0,0,0,1,0,0,0,0
9,1,2024,61000,0,0,0,0,1,0,0,0,0,0,0,0,0,1,0,0,0
9,1,2024,135000,0,0,0,0,1,0,0,0,0,0,0,0,0,1,0,0,0
9,1,2024,184000,0,0,0,0,1,0,0,0,0,0,0,0,0,1,0,0,0
9,1,2024,161000,0,0,0,0,1,0,0,0,0,0,0,0,0,1,0,0,0
9,0,2024,131000,0,0,0,0,0,0,0,1,0,0,0,1,0,0,0,0,0
9,0,2024,46000,0,0,0,0,1,0,0,0,0,0,0,1,0,0,0,0,0
10,0,2024,225000,0,0,0,0,0,0,0,0,0,1,0,0,0,0,0,1,0
10,0,2024,22000,0,0,0,0,0,0,0,0,0,1,0,0,0,0,0,1,0
10,0,2024,133000,0,0,0,0,0,0,0,1,0,0,0,0,0,0,0,1,0
10,0,2024,16000,0,0,0,0,0,0,0,0,0,1,0,0,0,0,0,1,0
10,0,2024,77000,0,0,0,0,1,0,0,0,0,0,0,0,0,0,0,1,0
10,0,2024,39000,0,0,0,0,1,0,0,0,0,0,0,0,0,0,0,0,1
10,0,2024,167000,0,0,0,0,0,0,0,0,0,1,0,0,0,0,0,0,1
10,0,2024,150000,1,0,0,0,0,0,0,0,0,0,0,0,0,0,1,0,0
10,0,2024,3354000,0,0,0,0,0,0,0,0,1,0,0,0,0,0,1,0,0
10,0,2024,211000,0,0,0,0,0,1,0,0,0,0,1,0,0,0,0,0,0
10,0,2024,1713000,0,0,0,0,0,0,0,0,1,0,1,0,0,0,0,0,0
10,0,2024,272000,1,0,0,0,0,0,0,0,0,0,1,0,0,0,0,0,0
10,0,2024,1054000,0,0,0,0,0,0,0,0,1,0,1,0,0,0,0,0,0
10,0,2024,51000,0,0,0,0,1,0,0,0,0,0,1,0,0,0,0,0,0
10,1,2024,1120000,1,0,0,0,0,0,0,0,0,0,0,0,1,0,0,0,0
10,1,2024,128000,1,0,0,0,0,0,0,0,0,0,0,0,1,0,0,0,0
10,1,2024,21000,0,0,0,0,1,0,0,0,0,0,0,0,1,0,0,0,0
10,1,2024,229000,0,0,0,0,0,1,0,0,0,0,0,0,1,0,0,0,0
10,1,2024,101000,0,0,0,0,0,0,0,1,0,0,0,0,1,0,0,0,0
10,1,2024,167000,1,0,0,0,0,0,0,0,0,0,0,0,0,1,0,0,0
10,1,2024,167000,0,0,0,0,0,0,0,0,1,0,0,0,0,1,0,0,0
10,1,2024,537000,1,0,0,0,0,0,0,0,0,0,0,0,0,1,0,0,0
10,0,2024,60000,0,0,0,0,1,0,0,0,0,0,0,1,0,0,0,0,0
10,0,2024,547000,0,0,0,0,0,0,0,0,0,1,0,1,0,0,0,0,0
10,0,2024,314000,0,0,1,0,0,0,0,0,0,0,0,1,0,0,0,0,0
10,0,2024,244000,0,0,0,0,0,0,0,1,0,0,0,1,0,0,0,0,0
10,0,2024,153000,0,0,0,0,1,0,0,0,0,0,0,0,0,0,0,1,0
10,0,2024,66000,0,0,0,0,1,0,0,0,0,0,0,0,0,0,0,1,0
10,0,2024,59000,0,0,0,0,0,0,0,1,0,0,0,0,0,0,0,1,0
10,0,2024,81000,0,0,0,0,0,0,0,0,1,0,0,0,0,0,0,0,1
10,0,2024,581000,0,0,0,0,0,0,0,1,0,0,0,0,0,0,0,0,1
10,0,2024,86000,0,0,0,0,1,0,0,0,0,0,0,0,0,0,0,0,1
10,0,2024,212000,1,0,0,0,0,0,0,0,0,0,0,0,0,0,0,0,1
10,0,2024,197000,1,0,0,0,0,0,0,0,0,0,0,0,0,0,1,0,0
10,0,2024,63000,0,0,0,0,0,0,0,0,0,1,0,0,0,0,1,0,0
10,0,2024,1345000,0,0,1,0,0,0,0,0,0,0,0,0,0,0,1,0,0
10,0,2024,244000,0,0,1,0,0,0,0,0,0,0,1,0,0,0,0,0,0
10,1,2024,454000,0,0,0,0,0,0,0,0,0,1,0,0,1,0,0,0,0
10,1,2024,1412000,0,0,0,0,0,0,0,0,1,0,0,0,1,0,0,0,0
10,1,2024,251000,1,0,0,0,0,0,0,0,0,0,0,0,1,0,0,0,0
10,1,2024,1562000,0,0,0,0,0,0,0,0,1,0,0,0,1,0,0,0,0
10,1,2024,3260000,0,0,0,0,0,0,0,0,1,0,0,0,1,0,0,0,0
10,1,2024,1471000,0,0,0,0,0,1,0,0,0,0,0,0,0,1,0,0,0
10,1,2024,33000,0,0,0,0,1,0,0,0,0,0,0,0,0,1,0,0,0
10,0,2024,33000,0,0,0,0,0,0,0,0,0,1,0,1,0,0,0,0,0
10,0,2024,79000,0,0,0,0,1,0,0,0,0,0,0,1,0,0,0,0,0
10,0,2024,602000,0,0,0,0,0,0,0,0,0,1,0,1,0,0,0,0,0
10,0,2024,331000,0,0,0,1,0,0,0,0,0,0,0,1,0,0,0,0,0
10,0,2024,49000,0,0,0,0,1,0,0,0,0,0,0,0,0,0,0,1,0
10,0,2024,3120000,0,0,0,0,0,0,0,0,1,0,0,0,0,0,0,1,0
10,0,2024,800000,0,0,0,0,0,0,0,1,0,0,0,0,0,0,0,1,0
10,0,2024,96000,0,0,0,0,0,1,0,0,0,0,0,0,0,0,0,1,0
10,0,2024,103000,0,0,0,0,1,0,0,0,0,0,0,0,0,0,0,1,0
10,0,2024,29000,0,0,0,0,1,0,0,0,0,0,0,0,0,0,0,0,1
10,0,2024,158000,0,0,0,0,1,0,0,0,0,0,0,0,0,0,0,0,1
10,0,2024,6159000,0,0,0,0,0,0,0,0,1,0,0,0,0,0,0,0,1
10,0,2024,425000,1,0,0,0,0,0,0,0,0,0,0,0,0,0,0,0,1
10,0,2024,209000,1,0,0,0,0,0,0,0,0,0,0,0,0,0,1,0,0
10,0,2024,273000,0,0,1,0,0,0,0,0,0,0,0,0,0,0,1,0,0
10,0,2024,4164000,0,0,0,0,0,0,0,0,1,0,0,0,0,0,1,0,0
10,0,2024,186000,0,0,0,0,1,0,0,0,0,0,0,0,0,0,1,0,0
10,0,2024,63000,0,0,0,0,0,0,0,0,0,1,1,0,0,0,0,0,0
10,0,2024,54000,0,0,0,0,1,0,0,0,0,0,1,0,0,0,0,0,0
10,0,2024,30000,0,0,0,0,1,0,0,0,0,0,1,0,0,0,0,0,0
10,0,2024,159000,0,0,0,0,1,0,0,0,0,0,1,0,0,0,0,0,0
10,1,2024,403000,0,0,0,0,0,1,0,0,0,0,0,0,1,0,0,0,0
10,1,2024,10000,0,0,0,0,0,0,0,0,0,1,0,0,1,0,0,0,0
10,1,2024,7000,0,0,0,0,0,0,0,0,0,1,0,0,1,0,0,0,0
10,1,2024,97000,0,0,0,0,1,0,0,0,0,0,0,0,0,1,0,0,0
10,1,2024,100000,1,0,0,0,0,0,0,0,0,0,0,0,0,1,0,0,0
10,1,2024,75000,0,0,0,0,1,0,0,0,0,0,0,0,0,1,0,0,0
10,0,2024,8997000,0,0,0,0,0,0,0,0,1,0,0,1,0,0,0,0,0
10,0,2024,22000,0,0,0,0,1,0,0,0,0,0,0,1,0,0,0,0,0
10,0,2024,1092000,0,0,0,0,0,0,0,1,0,0,0,1,0,0,0,0,0
10,0,2024,34000,0,0,0,0,0,0,0,0,0,1,0,1,0,0,0,0,0
10,0,2024,14000,0,0,0,0,0,0,0,0,0,1,0,1,0,0,0,0,0
10,0,2024,54000,0,0,0,0,0,0,0,0,0,1,0,0,0,0,0,1,0
10,0,2024,333000,0,0,0,0,0,0,0,1,0,0,0,0,0,0,0,1,0
10,0,2024,46000,0,0,0,0,1,0,0,0,0,0,0,0,0,0,0,1,0
10,0,2024,604000,0,0,1,0,0,0,0,0,0,0,0,0,0,0,0,1,0
10,0,2024,129000,0,0,0,0,1,0,0,0,0,0,0,0,0,0,0,1,0
10,0,2024,148000,0,0,0,0,0,0,0,0,1,0,0,0,0,0,0,0,1
10,0,2024,181000,0,0,0,0,0,0,0,1,0,0,0,0,0,0,1,0,0
10,0,2024,35000,0,0,0,0,1,0,0,0,0,0,1,0,0,0,0,0,0
10,0,2024,195000,1,0,0,0,0,0,0,0,0,0,1,0,0,0,0,0,0
10,0,2024,51000,0,0,0,0,0,0,0,0,0,1,1,0,0,0,0,0,0
10,1,2024,894000,0,0,0,0,0,1,0,0,0,0,0,0,1,0,0,0,0
10,1,2024,252000,0,0,0,0,0,1,0,0,0,0,0,0,1,0,0,0,0
10,1,2024,575000,0,0,0,0,0,0,0,1,0,0,0,0,1,0,0,0,0
10,1,2024,21000,0,0,0,0,0,0,0,0,0,1,0,0,1,0,0,0,0
10,1,2024,189000,0,0,0,1,0,0,0,0,0,0,0,0,1,0,0,0,0
10,1,2024,1956000,0,0,0,0,0,0,0,0,1,0,0,0,0,1,0,0,0
10,1,2024,690000,0,0,0,0,0,0,0,1,0,0,0,0,0,1,0,0,0
10,1,2024,117000,0,0,1,0,0,0,0,0,0,0,0,0,0,1,0,0,0
10,1,2024,27000,0,0,0,0,0,0,0,0,0,1,0,0,0,1,0,0,0
10,1,2024,158000,0,0,0,1,0,0,0,0,0,0,0,0,0,1,0,0,0
10,0,2024,36000,0,0,0,0,0,0,0,0,0,1,0,1,0,0,0,0,0
10,0,2024,50000,0,0,0,0,1,0,0,0,0,0,0,0,0,0,0,1,0
10,0,2024,459000,1,0,0,0,0,0,0,0,0,0,0,0,0,0,0,1,0
10,0,2024,64000,0,0,0,0,1,0,0,0,0,0,0,0,0,0,0,0,1
10,0,2024,144000,1,0,0,0,0,0,0,0,0,0,0,0,0,0,0,0,1
10,0,2024,343000,0,0,0,0,0,0,0,1,0,0,0,0,0,0,0,0,1
10,0,2024,4206000,0,0,0,0,0,1,0,0,0,0,0,0,0,0,0,0,1
10,0,2024,132000,0,0,0,0,0,0,0,0,0,1,0,0,0,0,0,0,1
10,0,2024,486000,0,0,0,0,0,0,0,0,0,1,0,0,0,0,1,0,0
10,0,2024,9000,0,0,0,0,1,0,0,0,0,0,0,0,0,0,1,0,0
10,0,2024,625000,0,0,0,0,0,0,0,1,0,0,0,0,0,0,1,0,0
11,0,2024,15000,0,0,0,0,1,0,0,0,0,0,1,0,0,0,0,0,0
11,0,2024,326000,0,0,0,0,0,1,0,0,0,0,1,0,0,0,0,0,0
11,0,2024,575000,0,0,0,0,0,1,0,0,0,0,1,0,0,0,0,0,0
11,1,2024,243000,0,0,0,0,0,1,0,0,0,0,0,0,1,0,0,0,0
11,1,2024,105000,0,0,0,0,1,0,0,0,0,0,0,0,1,0,0,0,0
11,1,2024,4418000,0,0,0,0,0,0,0,0,1,0,0,0,1,0,0,0,0
11,1,2024,197000,0,0,0,0,0,1,0,0,0,0,0,0,1,0,0,0,0
11,1,2024,26000,0,0,0,0,0,0,0,0,0,1,0,0,1,0,0,0,0
11,1,2024,1495000,1,0,0,0,0,0,0,0,0,0,0,0,0,1,0,0,0
11,0,2024,1686000,0,0,0,0,0,0,0,0,1,0,0,1,0,0,0,0,0
11,0,2024,387000,0,0,0,0,0,0,0,0,0,1,0,1,0,0,0,0,0
11,0,2024,125000,0,0,0,0,0,0,0,1,0,0,0,1,0,0,0,0,0
11,0,2024,183000,0,0,1,0,0,0,0,0,0,0,0,1,0,0,0,0,0
11,0,2024,190000,0,0,0,0,1,0,0,0,0,0,0,1,0,0,0,0,0
11,0,2024,24000,0,0,0,0,1,0,0,0,0,0,0,1,0,0,0,0,0
11,0,2024,1735000,0,0,0,0,0,0,0,0,1,0,0,0,0,0,0,1,0
11,0,2024,292000,0,0,0,0,0,0,0,1,0,0,0,0,0,0,0,1,0
11,0,2024,1376000,0,0,0,0,0,0,0,1,0,0,0,0,0,0,0,1,0
11,0,2024,185000,0,0,0,1,0,0,0,0,0,0,0,0,0,0,0,1,0
11,0,2024,118000,0,0,0,1,0,0,0,0,0,0,0,0,0,0,0,1,0
11,0,2024,214000,0,0,0,0,0,0,0,0,0,1,0,0,0,0,0,1,0
11,0,2024,89000,0,0,0,0,0,1,0,0,0,0,0,0,0,0,0,0,1
11,0,2024,431000,1,0,0,0,0,0,0,0,0,0,0,0,0,0,1,0,0
11,0,2024,3483000,0,0,0,0,0,0,1,0,0,0,0,0,0,0,1,0,0
11,0,2024,92000,0,0,0,0,1,0,0,0,0,0,0,0,0,0,1,0,0
11,0,2024,207000,0,0,0,0,1,0,0,0,0,0,0,0,0,0,1,0,0
11,0,2024,87000,0,0,0,0,1,0,0,0,0,0,0,0,0,0,1,0,0
11,0,2024,155000,0,0,0,0,1,0,0,0,0,0,0,0,0,0,1,0,0
11,0,2024,282000,0,0,0,0,0,1,0,0,0,0,0,0,0,0,1,0,0
11,0,2024,4381000,0,0,0,0,0,0,0,0,1,0,1,0,0,0,0,0,0
11,0,2024,27000,0,0,0,0,0,0,0,0,0,1,1,0,0,0,0,0,0
11,0,2024,3491000,0,0,0,0,0,0,0,0,1,0,1,0,0,0,0,0,0
11,0,2024,7000,0,0,0,0,0,0,0,0,0,1,1,0,0,0,0,0,0
11,1,2024,208000,0,0,0,0,1,0,0,0,0,0,0,0,1,0,0,0,0
11,1,2024,2859000,0,0,0,0,0,0,0,0,1,0,0,0,1,0,0,0,0
11,1,2024,345000,0,0,0,0,0,0,0,1,0,0,0,0,0,1,0,0,0
11,1,2024,163000,0,0,0,0,1,0,0,0,0,0,0,0,0,1,0,0,0
11,1,2024,88000,0,0,0,0,1,0,0,0,0,0,0,0,0,1,0,0,0
11,1,2024,109000,0,0,0,0,1,0,0,0,0,0,0,0,0,1,0,0,0
11,0,2024,5881000,0,0,0,0,0,0,0,0,1,0,0,1,0,0,0,0,0
11,0,2024,207000,0,0,1,0,0,0,0,0,0,0,0,1,0,0,0,0,0
11,0,2024,192000,0,0,1,0,0,0,0,0,0,0,0,1,0,0,0,0,0
11,0,2024,1912000,0,0,0,0,0,0,0,0,1,0,0,1,0,0,0,0,0
11,0,2024,5168000,0,0,0,0,0,0,0,0,1,0,0,0,0,0,0,1,0
11,0,2024,27000,0,0,0,0,0,0,0,0,0,1,0,0,0,0,0,1,0
11,0,2024,483000,0,0,0,0,0,0,0,0,0,1,0,0,0,0,0,1,0
11,0,2024,291000,0,0,0,0,0,1,0,0,0,0,0,0,0,0,0,1,0
11,0,2024,4781000,0,0,0,0,0,0,0,0,1,0,0,0,0,0,0,0,1
11,0,2024,86000,1,0,0,0,0,0,0,0,0,0,0,0,0,0,1,0,0
11,0,2024,29000,0,0,0,0,1,0,0,0,0,0,0,0,0,0,1,0,0
11,0,2024,3019000,0,0,0,0,0,0,0,0,1,0,0,0,0,0,1,0,0
11,0,2024,94000,0,0,0,0,1,0,0,0,0,0,1,0,0,0,0,0,0
11,0,2024,305000,0,0,1,0,0,0,0,0,0,0,1,0,0,0,0,0,0
11,1,2024,388000,1,0,0,0,0,0,0,0,0,0,0,0,1,0,0,0,0
11,1,2024,26000,0,0,0,0,0,0,0,0,0,1,0,0,1,0,0,0,0
11,1,2024,305000,0,0,0,1,0,0,0,0,0,0,0,0,1,0,0,0,0
11,1,2024,4815000,0,0,0,0,0,0,0,0,1,0,0,0,1,0,0,0,0
11,1,2024,103000,0,0,0,0,1,0,0,0,0,0,0,0,1,0,0,0,0
11,1,2024,5987000,0,0,0,0,0,0,0,0,1,0,0,0,0,1,0,0,0
11,1,2024,35000,0,0,0,0,1,0,0,0,0,0,0,0,0,1,0,0,0
11,1,2024,2481000,0,0,0,0,0,0,0,0,1,0,0,0,0,1,0,0,0
11,1,2024,343000,0,0,0,0,0,0,0,1,0,0,0,0,0,1,0,0,0
11,0,2024,2991000,0,0,0,0,0,0,1,0,0,0,0,1,0,0,0,0,0
11,0,2024,464000,1,0,0,0,0,0,0,0,0,0,0,1,0,0,0,0,0
11,0,2024,3497000,0,0,0,0,0,0,0,0,1,0,0,1,0,0,0,0,0
11,0,2024,294000,0,0,0,0,0,0,0,1,0,0,0,0,0,0,0,1,0
11,0,2024,23000,0,0,0,0,1,0,0,0,0,0,0,0,0,0,0,0,1
11,0,2024,173000,0,0,0,0,0,0,0,0,0,1,0,0,0,0,0,0,1
11,0,2024,172000,0,0,0,0,1,0,0,0,0,0,0,0,0,0,0,0,1
11,0,2024,113000,0,0,0,0,1,0,0,0,0,0,0,0,0,0,1,0,0
11,0,2024,702000,0,0,0,0,0,0,0,0,0,1,0,0,0,0,1,0,0
11,0,2024,357000,0,0,1,0,0,0,0,0,0,0,1,0,0,0,0,0,0
11,0,2024,4927000,0,0,0,0,0,0,0,0,1,0,1,0,0,0,0,0,0
11,0,2024,41000,0,0,0,0,1,0,0,0,0,0,1,0,0,0,0,0,0
11,1,2024,172000,0,0,0,0,1,0,0,0,0,0,0,0,1,0,0,0,0
11,1,2024,167000,0,0,0,1,0,0,0,0,0,0,0,0,1,0,0,0,0
11,1,2024,52000,0,0,0,0,1,0,0,0,0,0,0,0,1,0,0,0,0
11,1,2024,542000,0,0,0,0,0,0,0,1,0,0,0,0,1,0,0,0,0
11,1,2024,192000,0,0,0,0,0,1,0,0,0,0,0,0,1,0,0,0,0
11,1,2024,48000,0,0,0,0,0,0,0,0,0,1,0,0,0,1,0,0,0
11,0,2024,9892000,0,0,0,0,0,0,0,0,1,0,0,1,0,0,0,0,0
11,0,2024,464000,0,0,0,0,0,0,0,1,0,0,0,1,0,0,0,0,0
11,0,2024,2858000,0,0,0,0,0,0,0,0,1,0,0,1,0,0,0,0,0
11,0,2024,374000,0,0,0,0,0,1,0,0,0,0,0,1,0,0,0,0,0
11,0,2024,45000,0,0,0,0,1,0,0,0,0,0,0,1,0,0,0,0,0
11,0,2024,206000,1,0,0,0,0,0,0,0,0,0,0,0,0,0,0,1,0
11,0,2024,205000,0,0,0,0,0,0,0,0,0,1,0,0,0,0,0,1,0
11,0,2024,74000,0,0,0,0,1,0,0,0,0,0,0,0,0,0,0,1,0
11,0,2024,339000,0,0,0,0,0,0,0,0,0,1,0,0,0,0,0,0,1
11,0,2024,74000,0,0,0,0,1,0,0,0,0,0,0,0,0,0,0,0,1
11,0,2024,172000,0,0,0,0,0,0,0,0,1,0,0,0,0,0,0,0,1
11,0,2024,3738000,0,0,0,0,0,0,0,0,1,0,0,0,0,0,1,0,0
11,0,2024,174000,0,0,0,1,0,0,0,0,0,0,0,0,0,0,1,0,0
11,0,2024,32000,0,0,0,0,1,0,0,0,0,0,0,0,0,0,1,0,0
11,0,2024,87000,0,0,0,0,1,0,0,0,0,0,0,0,0,0,1,0,0
11,0,2024,28000,0,0,0,0,1,0,0,0,0,0,1,0,0,0,0,0,0
11,0,2024,5000,0,0,0,0,1,0,0,0,0,0,1,0,0,0,0,0,0
11,0,2024,466000,0,0,1,0,0,0,0,0,0,0,1,0,0,0,0,0,0
11,1,2024,60000,0,0,0,0,0,1,0,0,0,0,0,0,1,0,0,0,0
11,1,2024,63000,0,0,0,0,0,0,0,0,1,0,0,0,1,0,0,0,0
11,1,2024,899000,0,0,0,0,0,1,0,0,0,0,0,0,1,0,0,0,0
12,1,2024,338000,0,0,0,0,0,1,0,0,0,0,0,0,0,1,0,0,0
12,1,2024,112000,0,0,0,0,1,0,0,0,0,0,0,0,0,1,0,0,0
12,0,2024,198000,0,0,0,0,0,1,0,0,0,0,0,1,0,0,0,0,0
12,0,2024,39000,0,0,0,0,1,0,0,0,0,0,0,1,0,0,0,0,0
12,0,2024,115000,0,0,0,0,0,0,0,1,0,0,0,1,0,0,0,0,0
12,0,2024,180000,0,0,0,0,0,0,0,1,0,0,0,0,0,0,0,0,1
12,0,2024,133000,0,0,0,0,1,0,0,0,0,0,0,0,0,0,0,0,1
12,0,2024,622000,0,0,0,0,0,0,0,0,0,1,0,0,0,0,1,0,0
12,0,2024,1099000,0,0,0,0,0,0,0,0,1,0,0,0,0,0,1,0,0
12,0,2024,452000,0,0,0,0,0,0,0,1,0,0,0,0,0,0,1,0,0
12,0,2024,728000,0,0,0,0,0,0,0,1,0,0,0,0,0,0,1,0,0
12,0,2024,11083000,0,0,0,0,0,0,0,0,1,0,0,0,0,0,1,0,0
12,0,2024,109000,0,0,0,0,1,0,0,0,0,0,0,0,0,0,1,0,0
12,0,2024,243000,0,0,0,0,0,1,0,0,0,0,1,0,0,0,0,0,0
12,0,2024,83000,0,0,0,0,1,0,0,0,0,0,1,0,0,0,0,0,0
12,1,2024,8551000,0,0,0,0,0,0,0,0,1,0,0,0,1,0,0,0,0
12,1,2024,143000,0,0,0,0,1,0,0,0,0,0,0,0,1,0,0,0,0
12,1,2024,254000,0,0,0,0,1,0,0,0,0,0,0,0,0,1,0,0,0
12,1,2024,2728000,0,0,0,0,0,0,0,0,1,0,0,0,0,1,0,0,0
12,1,2024,115000,0,0,0,0,0,0,0,0,1,0,0,0,0,1,0,0,0
12,1,2024,99000,0,0,0,0,1,0,0,0,0,0,0,0,0,1,0,0,0
12,1,2024,121000,0,0,0,0,1,0,0,0,0,0,0,0,0,1,0,0,0
12,0,2024,225000,0,0,0,0,0,0,0,1,0,0,0,1,0,0,0,0,0
12,0,2024,156000,1,0,0,0,0,0,0,0,0,0,0,1,0,0,0,0,0
12,0,2024,333000,0,0,0,0,0,1,0,0,0,0,0,1,0,0,0,0,0
12,0,2024,123000,0,0,0,1,0,0,0,0,0,0,0,1,0,0,0,0,0
12,0,2024,11000,0,0,0,0,0,0,0,0,0,1,0,0,0,0,0,1,0
12,0,2024,115000,0,0,0,0,0,0,0,0,1,0,0,0,0,0,0,1,0
12,0,2024,5520000,0,0,0,0,0,0,0,0,1,0,0,0,0,0,0,1,0
12,0,2024,1603000,0,0,0,0,0,0,0,0,1,0,0,0,0,0,0,1,0
12,0,2024,68000,0,0,0,0,0,0,0,0,0,1,0,0,0,0,0,1,0
12,0,2024,828000,0,0,0,0,0,0,0,0,1,0,0,0,0,0,0,0,1
12,0,2024,2162000,0,0,0,0,0,0,0,0,1,0,0,0,0,0,0,0,1
12,0,2024,75000,0,0,0,0,0,0,0,0,1,0,0,0,0,0,0,0,1
12,0,2024,248000,1,0,0,0,0,0,0,0,0,0,0,0,0,0,0,0,1
12,0,2024,101000,0,0,0,0,1,0,0,0,0,0,0,0,0,0,0,0,1
12,0,2024,4466000,0,0,0,0,0,0,0,0,1,0,0,0,0,0,0,0,1
12,0,2024,25000,0,0,0,0,1,0,0,0,0,0,0,0,0,0,0,0,1
12,0,2024,36000,0,0,0,0,1,0,0,0,0,0,0,0,0,0,1,0,0
12,0,2024,23000,0,0,0,0,0,0,0,0,0,1,0,0,0,0,1,0,0
12,0,2024,28000,1,0,0,0,0,0,0,0,0,0,0,0,0,0,1,0,0
12,0,2024,1715000,0,0,0,0,0,0,1,0,0,0,0,0,0,0,1,0,0
12,0,2024,76000,0,0,0,0,0,0,0,0,0,1,1,0,0,0,0,0,0
12,0,2024,25000,0,0,0,0,1,0,0,0,0,0,1,0,0,0,0,0,0
12,0,2024,1603000,0,0,0,0,0,0,0,0,1,0,1,0,0,0,0,0,0
12,0,2024,286000,0,0,0,0,0,0,0,1,0,0,1,0,0,0,0,0,0
12,0,2024,113000,0,0,0,0,0,0,0,0,0,1,1,0,0,0,0,0,0
12,1,2024,34000,0,0,0,0,1,0,0,0,0,0,0,0,1,0,0,0,0
12,1,2024,265000,0,0,1,0,0,0,0,0,0,0,0,0,0,1,0,0,0
12,1,2024,96000,0,0,0,0,1,0,0,0,0,0,0,0,0,1,0,0,0
12,1,2024,78000,0,0,0,0,0,0,0,0,1,0,0,0,0,1,0,0,0
12,1,2024,129000,0,0,0,0,1,0,0,0,0,0,0,0,0,1,0,0,0
12,0,2024,158000,0,0,0,0,0,0,0,0,0,1,0,1,0,0,0,0,0
12,0,2024,7070000,0,0,0,0,0,1,0,0,0,0,0,1,0,0,0,0,0
12,0,2024,3908000,0,0,0,0,0,0,0,0,1,0,0,1,0,0,0,0,0
12,0,2024,110000,0,0,0,0,0,0,0,1,0,0,0,1,0,0,0,0,0
12,0,2024,190000,0,0,0,0,1,0,0,0,0,0,0,0,0,0,0,1,0
12,0,2024,26000,0,0,0,0,0,0,0,0,0,1,0,0,0,0,0,1,0
12,0,2024,140000,0,0,0,0,0,0,0,0,0,1,0,0,0,0,0,1,0
12,0,2024,349000,0,0,0,0,0,0,0,1,0,0,0,0,0,0,0,1,0
12,0,2024,1511000,0,0,0,0,0,0,0,0,1,0,0,0,0,0,0,0,1
12,0,2024,5642000,0,0,0,0,0,0,0,0,1,0,0,0,0,0,1,0,0
12,0,2024,66000,0,0,0,0,1,0,0,0,0,0,0,0,0,0,1,0,0
12,0,2024,2557000,0,0,0,0,0,0,0,0,1,0,0,0,0,0,1,0,0
12,0,2024,151000,0,0,0,0,1,0,0,0,0,0,1,0,0,0,0,0,0
12,0,2024,33000,0,0,0,0,0,0,0,0,0,1,1,0,0,0,0,0,0
12,0,2024,2381000,0,0,0,0,0,0,0,0,1,0,1,0,0,0,0,0,0
12,1,2024,947000,0,0,0,0,0,0,0,1,0,0,0,0,1,0,0,0,0
12,1,2024,604000,0,0,0,0,0,0,0,1,0,0,0,0,1,0,0,0,0
12,1,2024,139000,0,0,0,0,1,0,0,0,0,0,0,0,1,0,0,0,0
12,1,2024,27000,0,0,0,0,1,0,0,0,0,0,0,0,1,0,0,0,0
12,1,2024,12000,0,0,0,0,1,0,0,0,0,0,0,0,0,1,0,0,0
12,1,2024,308000,0,0,0,0,0,0,0,0,0,1,0,0,0,1,0,0,0
12,1,2024,109000,0,0,0,0,1,0,0,0,0,0,0,0,0,1,0,0,0
12,1,2024,3548000,0,0,0,0,0,0,0,0,1,0,0,0,0,1,0,0,0
12,1,2024,88000,0,0,0,0,1,0,0,0,0,0,0,0,0,1,0,0,0
12,1,2024,216000,0,0,0,1,0,0,0,0,0,0,0,0,0,1,0,0,0
12,0,2024,4317000,0,0,0,0,0,0,0,0,1,0,0,1,0,0,0,0,0
12,0,2024,317000,0,0,1,0,0,0,0,0,0,0,0,1,0,0,0,0,0
12,0,2024,2325000,0,0,0,0,0,0,0,0,1,0,0,1,0,0,0,0,0
12,0,2024,165000,0,0,0,1,0,0,0,0,0,0,0,1,0,0,0,0,0
12,0,2024,7303000,0,0,0,0,0,0,0,0,1,0,0,1,0,0,0,0,0
12,0,2024,53000,0,0,0,0,1,0,0,0,0,0,0,0,0,0,0,1,0
12,0,2024,172000,0,0,0,0,1,0,0,0,0,0,0,0,0,0,0,1,0
12,0,2024,51000,0,0,0,0,0,0,0,0,0,1,0,0,0,0,0,1,0
12,0,2024,168000,0,0,0,1,0,0,0,0,0,0,0,0,0,0,0,1,0
12,0,2024,226000,0,0,0,0,0,0,0,0,0,1,0,0,0,0,0,0,1
12,0,2024,144000,0,0,0,0,0,1,0,0,0,0,0,0,0,0,1,0,0
12,0,2024,253000,0,0,0,0,0,1,0,0,0,0,0,0,0,0,1,0,0
12,0,2024,382000,0,0,0,0,0,0,0,1,0,0,0,0,0,0,1,0,0
12,0,2024,464000,0,0,0,0,0,0,0,1,0,0,1,0,0,0,0,0,0
12,0,2024,224000,0,0,0,0,1,0,0,0,0,0,1,0,0,0,0,0,0
12,1,2024,2464000,0,0,0,0,0,0,0,0,1,0,0,0,1,0,0,0,0
12,1,2024,24000,0,0,0,0,0,0,0,0,0,1,0,0,0,1,0,0,0
12,1,2024,8000,0,0,0,0,1,0,0,0,0,0,0,0,0,1,0,0,0
12,1,2024,190000,0,0,0,0,0,0,0,0,1,0,0,0,0,1,0,0,0
12,1,2024,1943000,0,0,0,0,0,0,1,0,0,0,0,0,0,1,0,0,0
12,0,2024,226000,1,0,0,0,0,0,0,0,0,0,0,1,0,0,0,0,0
12,0,2024,247000,1,0,0,0,0,0,0,0,0,0,0,1,0,0,0,0,0
12,0,2024,297000,0,0,0,0,0,0,0,0,0,1,0,1,0,0,0,0,0
12,0,2024,315000,0,0,0,0,0,0,0,1,0,0,0,1,0,0,0,0,0
12,0,2024,170000,0,0,0,0,0,0,0,1,0,0,0,0,0,0,0,1,0
12,0,2024,146000,0,0,0,0,1,0,0,0,0,0,0,0,0,0,0,1,0
12,0,2024,7000,0,0,0,0,1,0,0,0,0,0,0,0,0,0,0,1,0
12,0,2024,8000,0,0,0,0,1,0,0,0,0,0,0,0,0,0,0,1,0
12,0,2024,153000,0,0,1,0,0,0,0,0,0,0,0,0,0,0,0,1,0
12,0,2024,1449000,0,0,0,0,0,0,0,0,1,0,0,0,0,0,0,1,0
